"","plan","start","finish","length","time","waypoint","change_elev","av_incline","co2_saving","calories","busyness","id"
"175071",1,1,1,6932,3390,107,266,0.03837,1292,149,34242,"E02003892 E02003894"
"175072",1,1,1,19806,11126,389,947,0.04781,3692,562,113216,"E02003892 E02003895"
"175073",1,1,1,20340,11268,380,956,0.047,3792,562,114626,"E02003892 E02003896"
"175074",1,1,1,18647,9272,289,772,0.0414,3476,421,100086,"E02003892 E02003897"
"175075",1,1,1,23738,12876,381,1288,0.05426,4425,662,81714,"E02003892 E02003898"
"175076",1,1,1,18922,9008,314,704,0.03721,3527,395,102275,"E02003892 E02003899"
"175077",1,1,1,19502,9390,309,706,0.0362,3635,413,104129,"E02003892 E02003900"
"175078",1,1,1,20620,11300,273,945,0.04583,3844,542,98671,"E02003892 E02003935"
"175079",1,1,1,20276,9882,278,766,0.03778,3780,468,67779,"E02003892 E02003936"
"175093",1,1,1,13215,7210,282,623,0.04714,2463,365,29804,"E02003893 E02003894"
"175094",1,1,1,4976,2540,178,216,0.04341,928,122,10912,"E02003893 E02003895"
"175095",1,1,1,5131,2518,155,219,0.04268,956,115,11407,"E02003893 E02003896"
"175096",1,1,1,22521,11644,434,1015,0.04507,4198,556,65892,"E02003893 E02003897"
"175097",1,1,1,19246,9790,469,959,0.04983,3588,486,41684,"E02003893 E02003898"
"175098",1,1,1,23437,12016,466,1055,0.04501,4369,574,67489,"E02003893 E02003899"
"175099",1,1,1,24052,12410,459,1053,0.04378,4484,591,69779,"E02003893 E02003900"
"175100",1,1,1,16813,10042,479,962,0.05722,3134,534,40994,"E02003893 E02003901"
"175102",1,1,1,19218,11580,582,1238,0.06442,3582,640,80826,"E02003893 E02003904"
"175103",1,1,1,20734,12376,398,1158,0.05585,3865,648,51915,"E02003893 E02003935"
"175104",1,1,1,14102,8528,361,949,0.0673,2629,492,39215,"E02003893 E02003936"
"175105",1,1,1,24328,14530,465,1408,0.05788,4535,759,65466,"E02003893 E02003940"
"175106",1,1,1,23703,12934,508,1090,0.04599,4418,615,107978,"E02003893 E02003941"
"175107",1,1,1,25721,13794,455,1109,0.04312,4795,635,82536,"E02003893 E02003942"
"175127",1,1,1,13325,8096,294,733,0.05501,2484,440,74096,"E02003894 E02003895"
"175128",1,1,1,13859,8238,285,742,0.05354,2583,440,75506,"E02003894 E02003896"
"175129",1,1,1,13755,6974,260,562,0.04086,2564,318,81267,"E02003894 E02003897"
"175130",1,1,1,17503,10264,363,1104,0.06307,3263,556,52073,"E02003894 E02003898"
"175131",1,1,1,14610,7092,280,496,0.03395,2723,310,85310,"E02003894 E02003900"
"175132",1,1,1,25337,16190,667,1585,0.06256,4723,904,118157,"E02003894 E02003901"
"175133",1,1,1,19772,14414,382,833,0.04213,3686,468,90363,"E02003894 E02003902"
"175134",1,1,1,26908,16496,626,1732,0.06437,5016,903,83679,"E02003894 E02003903"
"175135",1,1,1,25147,15892,635,1667,0.06629,4688,893,88864,"E02003894 E02003904"
"175136",1,1,1,17116,9316,210,727,0.04247,3191,437,123294,"E02003894 E02003935"
"175137",1,1,1,14951,7284,158,524,0.03505,2787,335,55686,"E02003894 E02003936"
"175151",1,1,1,1487,794,90,63,0.04237,277,34,3230,"E02003895 E02003896"
"175152",1,1,1,18681,10970,478,1077,0.05765,3482,583,62273,"E02003895 E02003897"
"175153",1,1,1,15934,8570,387,821,0.05153,2970,415,131666,"E02003895 E02003898"
"175154",1,1,1,20212,11736,503,1115,0.05517,3768,618,66160,"E02003895 E02003900"
"175155",1,1,1,12202,8432,443,854,0.06999,2275,470,38404,"E02003895 E02003901"
"175158",1,1,1,14413,9304,463,1002,0.06952,2687,515,66862,"E02003895 E02003904"
"175160",1,1,1,19146,11142,416,1073,0.05604,3569,612,60347,"E02003895 E02003936"
"175161",1,1,1,25716,15778,607,1512,0.0588,4794,838,69856,"E02003895 E02003940"
"175162",1,1,1,22532,13192,600,1134,0.05033,4200,657,120169,"E02003895 E02003941"
"175163",1,1,1,24550,14052,547,1153,0.04697,4576,677,94727,"E02003895 E02003942"
"175181",1,1,1,19348,11472,495,1098,0.05675,3607,607,65012,"E02003896 E02003897"
"175182",1,1,1,16097,8744,382,844,0.05243,3001,435,133469,"E02003896 E02003898"
"175183",1,1,1,12611,8312,402,777,0.06161,2351,446,34471,"E02003896 E02003901"
"175185",1,1,1,14576,9478,458,1025,0.07032,2717,534,68665,"E02003896 E02003904"
"175186",1,1,1,19301,11360,393,1076,0.05575,3598,622,62129,"E02003896 E02003936"
"175187",1,1,1,21517,12614,511,1089,0.05061,4011,637,176795,"E02003896 E02003941"
"175215",1,1,1,13253,8634,338,968,0.07304,2471,506,74390,"E02003897 E02003898"
"175216",1,1,1,989,466,43,36,0.0364,184,18,1346,"E02003897 E02003899"
"175217",1,1,1,1963,1066,59,52,0.02649,366,46,4721,"E02003897 E02003900"
"175218",1,1,1,25325,17284,672,1655,0.06535,4721,967,189339,"E02003897 E02003901"
"175219",1,1,1,6546,8486,190,425,0.06493,1220,228,19583,"E02003897 E02003902"
"175220",1,1,1,10509,11348,336,776,0.07384,1959,408,29379,"E02003897 E02003903"
"175241",1,1,1,14039,9914,381,1012,0.07208,2617,583,93736,"E02003898 E02003899"
"175242",1,1,1,14654,10308,374,1010,0.06892,2732,601,96026,"E02003898 E02003900"
"175243",1,1,1,21272,14806,573,1345,0.06323,3965,833,130936,"E02003898 E02003901"
"175244",1,1,1,15051,10588,408,1167,0.07754,2806,647,67071,"E02003898 E02003902"
"175245",1,1,1,15503,10868,470,1228,0.07921,2890,669,53639,"E02003898 E02003903"
"175246",1,1,1,17241,13132,508,1475,0.08555,3214,815,80707,"E02003898 E02003904"
"175275",1,1,1,1247,830,42,42,0.03368,232,42,3325,"E02003899 E02003900"
"175276",1,1,1,6463,8554,184,429,0.06638,1205,236,20011,"E02003899 E02003902"
"175277",1,1,1,10426,11416,330,780,0.07481,1944,416,29807,"E02003899 E02003903"
"175313",1,1,1,6964,8604,197,445,0.0639,1298,234,20236,"E02003900 E02003902"
"175314",1,1,1,10927,11466,343,796,0.07285,2037,414,30032,"E02003900 E02003903"
"175335",1,1,1,8573,4584,177,492,0.05739,1598,246,30482,"E02003901 E02003904"
"175338",1,1,1,22067,12820,481,1102,0.04994,4114,650,84316,"E02003901 E02003941"
"175339",1,1,1,23298,13470,437,1173,0.05035,4343,682,59811,"E02003901 E02003942"
"175341",1,1,1,23105,15288,639,1427,0.06176,4307,818,67035,"E02003901 E02003957"
"175342",1,1,1,21021,12932,557,1232,0.05861,3919,666,55028,"E02003901 E02003960"
"175343",1,1,1,25548,16422,627,1489,0.05828,4762,836,91959,"E02003901 E02003961"
"175345",1,1,1,26860,16828,712,1445,0.0538,5007,823,128840,"E02003901 E02003963"
"175365",1,1,1,7080,4434,241,451,0.0637,1320,250,18168,"E02003902 E02003903"
"175390",1,1,1,24788,16496,722,1641,0.0662,4621,945,97269,"E02003903 E02003904"
"175409",1,1,1,9684,4154,183,306,0.0316,1805,166,21574,"E02003905 E02003906"
"175410",1,1,1,15609,7756,238,469,0.03005,2910,331,87312,"E02003905 E02003907"
"175411",1,1,1,9520,4258,186,364,0.03824,1775,179,36660,"E02003905 E02003908"
"175412",1,1,1,11878,6648,199,605,0.05093,2214,338,28423,"E02003905 E02003909"
"175413",1,1,1,11106,5248,247,448,0.04034,2070,230,40343,"E02003905 E02003910"
"175414",1,1,1,15996,8546,370,710,0.04439,2982,412,51103,"E02003905 E02003911"
"175415",1,1,1,13502,6948,239,626,0.04636,2517,322,28784,"E02003905 E02003912"
"175420",1,1,1,19127,9588,264,648,0.03388,3565,417,168021,"E02003905 E02003919"
"175421",1,1,1,19309,9964,306,669,0.03465,3599,449,140163,"E02003905 E02003920"
"175430",1,1,1,12939,6160,276,457,0.03532,2412,274,28907,"E02003905 E02003952"
"175431",1,1,1,14730,7558,280,560,0.03802,2746,348,63640,"E02003905 E02003953"
"175432",1,1,1,12660,6078,204,478,0.03776,2360,258,46652,"E02003905 E02003954"
"175433",1,1,1,11813,5474,205,375,0.03174,2202,203,33573,"E02003905 E02003955"
"175434",1,1,1,20978,10196,302,537,0.0256,3911,429,168241,"E02003905 E02003956"
"175435",1,1,1,27064,13278,399,754,0.02786,5045,556,185348,"E02003905 E02003957"
"175436",1,1,1,18021,10546,300,831,0.04611,3359,532,59902,"E02003905 E02003958"
"175438",1,1,1,24301,13320,491,1034,0.04255,4530,632,76603,"E02003905 E02003961"
"175439",1,1,1,22681,12484,459,974,0.04294,4228,603,74052,"E02003905 E02003962"
"175440",1,1,1,23454,12464,454,958,0.04085,4372,584,75481,"E02003905 E02003963"
"175441",1,1,1,21314,12558,478,971,0.04556,3973,569,63695,"E02003905 E02003964"
"175443",1,1,1,8015,5182,186,347,0.04329,1494,269,24559,"E02003906 E02003907"
"175444",1,1,1,14954,7522,254,448,0.02996,2788,319,51731,"E02003906 E02003908"
"175445",1,1,1,13478,6958,229,327,0.02426,2512,291,67434,"E02003906 E02003909"
"175446",1,1,1,14384,7124,241,440,0.03059,2681,312,40518,"E02003906 E02003910"
"175447",1,1,1,16719,7998,306,376,0.02249,3117,335,46986,"E02003906 E02003911"
"175448",1,1,1,21925,12246,422,978,0.04461,4087,604,55956,"E02003906 E02003912"
"175449",1,1,1,22618,12594,475,946,0.04183,4216,614,85028,"E02003906 E02003914"
"175452",1,1,1,14819,8006,222,462,0.03118,2762,366,119536,"E02003906 E02003919"
"175453",1,1,1,15001,8382,264,483,0.0322,2796,398,91678,"E02003906 E02003920"
"175454",1,1,1,17222,9444,282,561,0.03257,3210,432,135808,"E02003906 E02003922"
"175455",1,1,1,19741,10900,352,644,0.03262,3680,486,149126,"E02003906 E02003923"
"175456",1,1,1,21224,11370,394,680,0.03204,3956,509,148538,"E02003906 E02003924"
"175459",1,1,1,15708,8410,274,579,0.03686,2928,384,72340,"E02003906 E02003952"
"175460",1,1,1,22130,11944,431,784,0.03543,4125,557,90238,"E02003906 E02003953"
"175461",1,1,1,14056,7892,220,606,0.04311,2620,372,70331,"E02003906 E02003954"
"175462",1,1,1,13209,7288,221,503,0.03808,2462,317,57252,"E02003906 E02003955"
"175468",1,1,1,13537,6400,281,419,0.03095,2523,234,66357,"E02003907 E02003908"
"175469",1,1,1,9755,4550,181,238,0.0244,1818,159,51098,"E02003907 E02003909"
"175470",1,1,1,12030,5746,255,399,0.03317,2243,217,64654,"E02003907 E02003910"
"175471",1,1,1,12353,5242,218,279,0.02259,2303,191,23699,"E02003907 E02003911"
"175472",1,1,1,22422,12144,474,987,0.04402,4180,558,93102,"E02003907 E02003912"
"175473",1,1,1,13782,6676,250,540,0.03918,2569,283,28870,"E02003907 E02003913"
"175474",1,1,1,18252,9838,387,849,0.04652,3402,470,61741,"E02003907 E02003914"
"175475",1,1,1,20459,11314,415,951,0.04648,3814,541,57273,"E02003907 E02003915"
"175476",1,1,1,21854,12052,462,1007,0.04608,4074,575,69036,"E02003907 E02003916"
"175477",1,1,1,21473,11854,417,1030,0.04797,4003,564,56775,"E02003907 E02003917"
"175478",1,1,1,9881,5526,292,442,0.04473,1842,265,21174,"E02003907 E02003918"
"175479",1,1,1,8190,4878,214,423,0.05165,1527,247,22911,"E02003907 E02003919"
"175480",1,1,1,9289,5218,219,398,0.04285,1732,262,34202,"E02003907 E02003920"
"175481",1,1,1,10000,6034,280,464,0.0464,1864,313,26036,"E02003907 E02003921"
"175482",1,1,1,10865,6190,283,480,0.04418,2025,301,33384,"E02003907 E02003922"
"175483",1,1,1,13384,7646,353,563,0.04207,2495,355,46702,"E02003907 E02003923"
"175484",1,1,1,15188,8236,457,623,0.04102,2831,394,33009,"E02003907 E02003924"
"175485",1,1,1,19865,10900,445,892,0.0449,3703,517,66769,"E02003907 E02003927"
"175489",1,1,1,22169,11638,355,941,0.04245,4133,521,165507,"E02003907 E02003944"
"175490",1,1,1,23553,11456,397,794,0.03371,4391,497,111902,"E02003907 E02003952"
"175492",1,1,1,21901,10938,343,821,0.03749,4083,485,109893,"E02003907 E02003954"
"175493",1,1,1,21054,10334,344,718,0.0341,3925,430,96814,"E02003907 E02003955"
"175498",1,1,1,3812,2852,151,157,0.04119,711,140,24647,"E02003908 E02003909"
"175499",1,1,1,1887,1172,89,76,0.04028,352,53,9503,"E02003908 E02003910"
"175500",1,1,1,6584,4446,189,338,0.05134,1227,227,53432,"E02003908 E02003911"
"175501",1,1,1,9229,6044,201,572,0.06198,1720,329,35871,"E02003908 E02003912"
"175502",1,1,1,10325,6876,301,653,0.06324,1925,381,93475,"E02003908 E02003913"
"175503",1,1,1,14473,9728,422,916,0.06329,2698,545,125115,"E02003908 E02003914"
"175504",1,1,1,16680,11204,450,1018,0.06103,3109,615,120647,"E02003908 E02003915"
"175505",1,1,1,18075,11942,497,1074,0.05942,3369,650,132410,"E02003908 E02003916"
"175506",1,1,1,17694,11744,452,1097,0.062,3298,638,120149,"E02003908 E02003917"
"175507",1,1,1,15472,9076,449,546,0.03529,2884,423,70461,"E02003908 E02003919"
"175508",1,1,1,15465,9414,440,585,0.03783,2883,454,63584,"E02003908 E02003920"
"175509",1,1,1,17875,10514,509,645,0.03608,3332,489,86733,"E02003908 E02003922"
"175510",1,1,1,21877,12440,621,764,0.03492,4078,566,99463,"E02003908 E02003924"
"175511",1,1,1,16086,10790,480,959,0.05962,2999,591,130143,"E02003908 E02003927"
"175514",1,1,1,20276,10938,400,741,0.03655,3780,504,131691,"E02003908 E02003952"
"175515",1,1,1,21300,12096,431,858,0.04028,3971,584,117089,"E02003908 E02003953"
"175516",1,1,1,20550,11160,386,798,0.03883,3831,520,87961,"E02003908 E02003954"
"175517",1,1,1,19703,10556,387,695,0.03527,3673,465,74882,"E02003908 E02003955"
"175518",1,1,1,27548,14734,453,835,0.03031,5135,665,221690,"E02003908 E02003956"
"175521",1,1,1,21952,13438,441,1034,0.0471,4092,676,131348,"E02003908 E02003962"
"175523",1,1,1,19754,13078,494,1007,0.05098,3682,632,83504,"E02003908 E02003964"
"175528",1,1,1,2466,1316,82,165,0.06691,460,60,14035,"E02003909 E02003910"
"175529",1,1,1,4666,2646,91,233,0.04994,870,135,9787,"E02003909 E02003911"
"175530",1,1,1,13108,7794,321,739,0.05638,2443,401,47649,"E02003909 E02003912"
"175531",1,1,1,9022,5490,250,550,0.06096,1682,285,20283,"E02003909 E02003913"
"175532",1,1,1,13507,8438,372,819,0.06064,2518,462,67190,"E02003909 E02003914"
"175533",1,1,1,15714,9914,400,921,0.05861,2929,533,62722,"E02003909 E02003915"
"175534",1,1,1,17109,10652,447,977,0.0571,3189,567,74485,"E02003909 E02003916"
"175535",1,1,1,16728,10454,402,1000,0.05978,3118,556,62224,"E02003909 E02003917"
"175536",1,1,1,14400,7772,351,540,0.0375,2684,360,46643,"E02003909 E02003918"
"175537",1,1,1,11854,6362,307,395,0.03332,2210,286,51294,"E02003909 E02003919"
"175538",1,1,1,11847,6700,298,434,0.03663,2208,318,44417,"E02003909 E02003920"
"175539",1,1,1,10251,6428,288,442,0.04312,1911,320,31636,"E02003909 E02003921"
"175540",1,1,1,14257,7800,367,494,0.03465,2658,352,67566,"E02003909 E02003922"
"175541",1,1,1,16776,9256,437,577,0.03439,3127,406,80884,"E02003909 E02003923"
"175542",1,1,1,18259,9726,479,613,0.03357,3404,429,80296,"E02003909 E02003924"
"175543",1,1,1,15120,9500,430,862,0.05701,2819,509,72218,"E02003909 E02003927"
"175547",1,1,1,21155,11710,448,954,0.0451,3944,575,63443,"E02003909 E02003952"
"175549",1,1,1,19648,11004,397,904,0.04601,3663,517,59808,"E02003909 E02003955"
"175561",1,1,1,5436,3688,136,306,0.05629,1013,205,12200,"E02003910 E02003911"
"175562",1,1,1,10825,6972,286,646,0.05968,2018,374,40309,"E02003910 E02003912"
"175563",1,1,1,9568,6352,264,627,0.06553,1784,360,56128,"E02003910 E02003913"
"175564",1,1,1,13716,9204,385,890,0.06489,2557,524,87768,"E02003910 E02003914"
"175565",1,1,1,15923,10680,413,992,0.0623,2968,595,83300,"E02003910 E02003915"
"175566",1,1,1,17318,11418,460,1048,0.06052,3228,629,95063,"E02003910 E02003916"
"175567",1,1,1,16937,11220,415,1071,0.06323,3157,618,82802,"E02003910 E02003917"
"175568",1,1,1,14131,8294,373,514,0.03637,2634,392,62398,"E02003910 E02003919"
"175569",1,1,1,14124,8632,364,553,0.03915,2633,424,55521,"E02003910 E02003920"
"175570",1,1,1,16534,9732,433,613,0.03708,3082,458,78670,"E02003910 E02003922"
"175571",1,1,1,20536,11658,545,732,0.03564,3828,535,91400,"E02003910 E02003924"
"175572",1,1,1,15329,10266,443,933,0.06087,2857,571,92796,"E02003910 E02003927"
"175575",1,1,1,22862,13002,497,922,0.04033,4262,625,120096,"E02003910 E02003953"
"175576",1,1,1,19418,11026,418,831,0.0428,3620,521,61765,"E02003910 E02003955"
"175580",1,1,1,21350,14006,579,1081,0.05063,3980,677,87942,"E02003910 E02003964"
"175587",1,1,1,15411,9508,382,894,0.05801,2873,498,52413,"E02003911 E02003912"
"175588",1,1,1,4878,2850,144,311,0.06376,909,157,12158,"E02003911 E02003913"
"175589",1,1,1,8841,5792,283,586,0.06628,1648,328,57398,"E02003911 E02003914"
"175590",1,1,1,11048,7268,311,688,0.06227,2059,398,52930,"E02003911 E02003915"
"175591",1,1,1,12443,8006,358,744,0.05979,2320,433,64693,"E02003911 E02003916"
"175592",1,1,1,12062,7808,313,767,0.06359,2248,421,52432,"E02003911 E02003917"
"175593",1,1,1,13162,6902,322,398,0.03024,2454,316,47658,"E02003911 E02003919"
"175594",1,1,1,11700,6906,313,469,0.04009,2181,339,46424,"E02003911 E02003920"
"175595",1,1,1,14427,8312,383,567,0.0393,2689,396,57387,"E02003911 E02003922"
"175596",1,1,1,18359,10228,488,696,0.03791,3422,471,57856,"E02003911 E02003924"
"175597",1,1,1,10454,6854,341,629,0.06017,1949,374,62426,"E02003911 E02003927"
"175598",1,1,1,21687,11986,448,882,0.04067,4043,556,76230,"E02003911 E02003928"
"175614",1,1,1,19146,12494,487,1217,0.06356,3569,697,127033,"E02003912 E02003913"
"175615",1,1,1,23294,15346,608,1480,0.06354,4342,861,158673,"E02003912 E02003914"
"175616",1,1,1,25501,16822,636,1582,0.06204,4754,931,154205,"E02003912 E02003915"
"175617",1,1,1,26896,17560,683,1638,0.0609,5014,966,165968,"E02003912 E02003916"
"175618",1,1,1,26515,17362,638,1661,0.06264,4943,954,153707,"E02003912 E02003917"
"175619",1,1,1,24293,14694,635,1110,0.04569,4528,739,104019,"E02003912 E02003919"
"175621",1,1,1,24907,16408,666,1523,0.06115,4643,907,163701,"E02003912 E02003927"
"175623",1,1,1,21238,11724,405,784,0.03691,3959,551,65221,"E02003912 E02003953"
"175624",1,1,1,25539,13080,478,847,0.03316,4761,591,97225,"E02003912 E02003955"
"175625",1,1,1,20266,12028,406,867,0.04278,3778,612,50162,"E02003912 E02003956"
"175626",1,1,1,23457,13768,413,974,0.04152,4373,672,107729,"E02003912 E02003957"
"175627",1,1,1,16282,10528,317,803,0.04932,3035,565,50294,"E02003912 E02003958"
"175628",1,1,1,22433,12470,395,874,0.03896,4182,567,124698,"E02003912 E02003959"
"175629",1,1,1,18786,10816,293,746,0.03971,3502,509,92566,"E02003912 E02003961"
"175630",1,1,1,17166,9980,261,686,0.03996,3200,480,90015,"E02003912 E02003962"
"175631",1,1,1,17939,9960,256,670,0.03735,3344,461,91444,"E02003912 E02003963"
"175632",1,1,1,12976,8930,310,665,0.05125,2419,423,43506,"E02003912 E02003964"
"175640",1,1,1,5282,3684,158,363,0.06872,985,219,34673,"E02003913 E02003914"
"175641",1,1,1,7489,5160,186,465,0.06209,1396,289,30205,"E02003913 E02003915"
"175642",1,1,1,8884,5898,233,521,0.05864,1656,324,41968,"E02003913 E02003916"
"175643",1,1,1,8503,5700,188,544,0.06398,1585,313,29707,"E02003913 E02003917"
"175644",1,1,1,11058,6778,302,465,0.04205,2061,343,53726,"E02003913 E02003919"
"175645",1,1,1,9669,6198,257,422,0.04364,1802,325,51441,"E02003913 E02003920"
"175646",1,1,1,7521,5302,182,348,0.04627,1402,288,31999,"E02003913 E02003921"
"175647",1,1,1,12396,7604,327,520,0.04195,2311,383,62404,"E02003913 E02003922"
"175648",1,1,1,16328,9520,432,649,0.03975,3044,457,62873,"E02003913 E02003924"
"175649",1,1,1,15394,9120,401,586,0.03807,2870,459,40838,"E02003913 E02003926"
"175650",1,1,1,6895,4746,216,406,0.05888,1285,265,39701,"E02003913 E02003927"
"175651",1,1,1,18490,10224,347,677,0.03661,3447,462,68309,"E02003913 E02003928"
"175664",1,1,1,2716,1876,109,156,0.05744,506,98,8999,"E02003914 E02003915"
"175665",1,1,1,4111,2614,156,212,0.05157,766,132,20762,"E02003914 E02003916"
"175666",1,1,1,3589,2322,106,229,0.06381,669,118,8537,"E02003914 E02003917"
"175667",1,1,1,13369,8752,434,770,0.0576,2492,487,77689,"E02003914 E02003919"
"175668",1,1,1,11980,8172,389,727,0.06068,2233,468,75404,"E02003914 E02003920"
"175669",1,1,1,14707,9578,459,825,0.0561,2742,526,86367,"E02003914 E02003922"
"175670",1,1,1,18139,10260,367,702,0.0387,3381,473,54373,"E02003914 E02003924"
"175671",1,1,1,12861,8356,265,609,0.04735,2397,430,46499,"E02003914 E02003926"
"175672",1,1,1,3444,2664,122,235,0.06823,642,142,10356,"E02003914 E02003927"
"175673",1,1,1,15316,8754,311,604,0.03944,2855,390,82428,"E02003914 E02003928"
"175674",1,1,1,24618,13998,437,912,0.03705,4589,606,96090,"E02003914 E02003930"
"175684",1,1,1,1750,1064,63,76,0.04343,326,44,5451,"E02003915 E02003916"
"175685",1,1,1,2097,1224,82,111,0.05293,391,53,6797,"E02003915 E02003917"
"175686",1,1,1,16061,10592,513,938,0.0584,2994,576,93312,"E02003915 E02003919"
"175687",1,1,1,14672,10012,468,895,0.061,2735,558,91027,"E02003915 E02003920"
"175688",1,1,1,17399,11418,538,993,0.05707,3243,616,101990,"E02003915 E02003922"
"175689",1,1,1,20396,12216,610,904,0.04432,3802,595,62267,"E02003915 E02003923"
"175690",1,1,1,21115,12090,447,896,0.04243,3936,580,77605,"E02003915 E02003924"
"175691",1,1,1,5519,3336,162,267,0.04838,1029,172,13543,"E02003915 E02003927"
"175692",1,1,1,17716,10314,451,778,0.04392,3302,499,50544,"E02003915 E02003928"
"175693",1,1,1,24784,14190,482,970,0.03914,4620,640,80265,"E02003915 E02003930"
"175702",1,1,1,1675,858,51,85,0.05075,312,41,3814,"E02003916 E02003917"
"175703",1,1,1,17221,11322,560,988,0.05737,3210,614,98651,"E02003916 E02003919"
"175704",1,1,1,15832,10742,515,945,0.05969,2951,595,96366,"E02003916 E02003920"
"175705",1,1,1,18559,12148,585,1043,0.0562,3460,653,107329,"E02003916 E02003922"
"175706",1,1,1,6277,3644,182,267,0.04254,1170,183,15540,"E02003916 E02003927"
"175707",1,1,1,18474,10622,471,778,0.04211,3444,510,52541,"E02003916 E02003928"
"175708",1,1,1,25542,14498,502,970,0.03798,4761,651,82262,"E02003916 E02003930"
"175719",1,1,1,17838,11362,517,941,0.05275,3325,607,112355,"E02003917 E02003919"
"175720",1,1,1,16449,10782,472,898,0.05459,3066,589,110070,"E02003917 E02003920"
"175721",1,1,1,19176,12188,542,996,0.05194,3575,647,121033,"E02003917 E02003922"
"175722",1,1,1,21464,12478,422,887,0.04133,4001,601,79396,"E02003917 E02003923"
"175723",1,1,1,21042,12170,420,883,0.04196,3922,587,78164,"E02003917 E02003924"
"175724",1,1,1,15764,10266,318,790,0.05011,2939,545,70290,"E02003917 E02003926"
"175725",1,1,1,5446,3416,135,254,0.04664,1015,179,14102,"E02003917 E02003927"
"175726",1,1,1,17643,10394,424,765,0.04336,3289,506,51103,"E02003917 E02003928"
"175727",1,1,1,24711,14270,455,957,0.03873,4606,648,80824,"E02003917 E02003930"
"175739",1,1,1,4462,2526,105,165,0.03698,832,118,10277,"E02003918 E02003919"
"175740",1,1,1,4872,3122,130,198,0.04064,908,150,12403,"E02003918 E02003920"
"175741",1,1,1,8232,5160,226,346,0.04203,1535,259,20588,"E02003918 E02003921"
"175742",1,1,1,3106,1564,71,56,0.01803,579,67,6743,"E02003918 E02003922"
"175743",1,1,1,4779,2724,140,141,0.0295,891,111,18134,"E02003918 E02003923"
"175744",1,1,1,5919,2962,184,187,0.03159,1103,137,12690,"E02003918 E02003924"
"175745",1,1,1,6091,3850,205,199,0.03267,1135,179,23447,"E02003918 E02003925"
"175746",1,1,1,11873,6634,258,394,0.03318,2213,312,32187,"E02003918 E02003926"
"175747",1,1,1,18790,10212,502,772,0.04109,3503,490,48517,"E02003918 E02003927"
"175748",1,1,1,19609,10122,449,665,0.03391,3655,442,50210,"E02003918 E02003928"
"175750",1,1,1,22988,12334,532,909,0.03954,4285,575,146875,"E02003918 E02003943"
"175751",1,1,1,13748,6590,213,471,0.03426,2563,271,97616,"E02003918 E02003944"
"175752",1,1,1,20832,9658,406,542,0.02602,3883,398,41913,"E02003918 E02003946"
"175769",1,1,1,1407,1106,62,43,0.03056,262,46,3401,"E02003919 E02003920"
"175770",1,1,1,4506,2956,144,193,0.04283,840,153,11414,"E02003919 E02003921"
"175771",1,1,1,3167,1726,102,101,0.03189,590,74,14576,"E02003919 E02003922"
"175772",1,1,1,5686,3182,172,184,0.03236,1060,127,27894,"E02003919 E02003923"
"175773",1,1,1,7169,3652,214,220,0.03069,1336,151,27306,"E02003919 E02003924"
"175774",1,1,1,9343,5386,219,341,0.0365,1742,253,25592,"E02003919 E02003926"
"175775",1,1,1,15447,8394,414,671,0.04344,2879,405,37829,"E02003919 E02003927"
"175776",1,1,1,17079,8874,410,612,0.03583,3184,383,43615,"E02003919 E02003928"
"175778",1,1,1,24377,13162,505,990,0.04061,4544,604,194453,"E02003919 E02003943"
"175779",1,1,1,15137,7418,186,552,0.03647,2822,300,145194,"E02003919 E02003944"
"175780",1,1,1,21498,10052,440,545,0.02535,4007,394,61200,"E02003919 E02003946"
"175797",1,1,1,3509,2226,117,156,0.04446,654,116,7802,"E02003920 E02003921"
"175798",1,1,1,3021,1668,93,120,0.03972,563,71,11471,"E02003920 E02003922"
"175799",1,1,1,5540,3124,163,203,0.03664,1033,125,24789,"E02003920 E02003923"
"175800",1,1,1,7023,3594,205,239,0.03403,1309,149,24201,"E02003920 E02003924"
"175801",1,1,1,8057,4500,190,302,0.03748,1502,210,23966,"E02003920 E02003926"
"175802",1,1,1,14161,7508,385,632,0.04463,2640,362,36203,"E02003920 E02003927"
"175803",1,1,1,15793,7988,381,573,0.03628,2944,340,41989,"E02003920 E02003928"
"175805",1,1,1,24551,13058,723,951,0.03874,4577,594,91025,"E02003920 E02003943"
"175806",1,1,1,15311,7314,404,513,0.03351,2854,290,41766,"E02003920 E02003944"
"175807",1,1,1,20791,9892,368,630,0.0303,3876,397,50665,"E02003920 E02003946"
"175828",1,1,1,6455,3408,179,274,0.04245,1203,147,18583,"E02003921 E02003922"
"175829",1,1,1,8974,4864,249,357,0.03978,1673,200,31901,"E02003921 E02003923"
"175830",1,1,1,10457,5334,291,393,0.03758,1949,224,31313,"E02003921 E02003924"
"175831",1,1,1,9863,5350,232,370,0.03751,1839,244,25470,"E02003921 E02003926"
"175832",1,1,1,11339,6446,340,652,0.0575,2114,340,55601,"E02003921 E02003927"
"175833",1,1,1,17599,8838,423,641,0.03642,3281,374,43493,"E02003921 E02003928"
"175835",1,1,1,19319,9344,317,739,0.03825,3601,386,152598,"E02003921 E02003944"
"175855",1,1,1,2785,1580,77,89,0.03196,519,58,13738,"E02003922 E02003923"
"175856",1,1,1,4268,2050,119,125,0.02929,796,81,13150,"E02003922 E02003924"
"175857",1,1,1,3988,2678,142,159,0.03987,743,130,12442,"E02003922 E02003925"
"175858",1,1,1,9513,5298,202,326,0.03427,1773,249,27372,"E02003922 E02003926"
"175859",1,1,1,16917,8916,447,680,0.0402,3154,425,45238,"E02003922 E02003927"
"175860",1,1,1,17249,8786,393,597,0.03461,3215,379,45395,"E02003922 E02003928"
"175861",1,1,1,19083,8610,391,537,0.02814,3557,333,61930,"E02003922 E02003929"
"175863",1,1,1,12556,5770,318,399,0.03178,2341,223,30715,"E02003922 E02003944"
"175864",1,1,1,18597,8450,345,450,0.0242,3467,325,47044,"E02003922 E02003946"
"175885",1,1,1,1831,740,65,40,0.02185,341,25,3040,"E02003923 E02003924"
"175886",1,1,1,1709,1472,73,70,0.04096,319,75,4999,"E02003923 E02003925"
"175887",1,1,1,8810,5146,184,323,0.03666,1642,244,22916,"E02003923 E02003926"
"175888",1,1,1,17267,8974,342,635,0.03678,3219,399,44816,"E02003923 E02003927"
"175889",1,1,1,16351,8212,351,570,0.03486,3048,361,50575,"E02003923 E02003928"
"175891",1,1,1,19661,10430,566,778,0.03957,3665,482,70729,"E02003923 E02003943"
"175892",1,1,1,10421,4686,247,340,0.03263,1943,178,21470,"E02003923 E02003944"
"175893",1,1,1,16809,8922,474,635,0.03778,3133,406,56470,"E02003923 E02003945"
"175894",1,1,1,16193,7158,258,377,0.02328,3019,275,31757,"E02003923 E02003946"
"175913",1,1,1,1815,1748,58,88,0.04848,338,92,8129,"E02003924 E02003925"
"175914",1,1,1,8646,5250,163,327,0.03782,1612,253,25404,"E02003924 E02003926"
"175915",1,1,1,17103,9078,321,639,0.03736,3188,408,47304,"E02003924 E02003927"
"175916",1,1,1,15686,8028,334,560,0.0357,2924,359,51642,"E02003924 E02003928"
"175917",1,1,1,16014,7134,287,454,0.02835,2985,281,47710,"E02003924 E02003929"
"175919",1,1,1,18003,9704,519,728,0.04044,3356,454,70152,"E02003924 E02003943"
"175920",1,1,1,8763,3960,200,290,0.03309,1634,150,20893,"E02003924 E02003944"
"175921",1,1,1,15151,8196,427,585,0.03861,2824,377,55893,"E02003924 E02003945"
"175922",1,1,1,15528,6974,241,367,0.02363,2895,273,32824,"E02003924 E02003946"
"175924",1,1,1,22333,11442,449,823,0.03685,4163,503,141725,"E02003924 E02003948"
"175925",1,1,1,21871,11286,453,819,0.03745,4077,495,130803,"E02003924 E02003949"
"175944",1,1,1,7223,3766,118,263,0.03641,1346,174,18166,"E02003925 E02003926"
"175945",1,1,1,15680,7594,276,575,0.03667,2923,329,40066,"E02003925 E02003927"
"175946",1,1,1,14460,6854,292,482,0.03333,2696,280,31937,"E02003925 E02003928"
"175948",1,1,1,21023,10328,490,766,0.03644,3919,462,67305,"E02003925 E02003943"
"175949",1,1,1,10484,4626,261,380,0.03625,1954,166,23516,"E02003925 E02003944"
"175950",1,1,1,15533,6786,235,441,0.02839,2896,257,37944,"E02003925 E02003946"
"175973",1,1,1,11803,6004,227,548,0.04643,2200,287,33919,"E02003926 E02003927"
"175974",1,1,1,7736,3490,192,271,0.03503,1442,130,18024,"E02003926 E02003928"
"175975",1,1,1,13137,5124,256,369,0.02809,2449,185,26936,"E02003926 E02003929"
"175976",1,1,1,19340,9692,422,597,0.03087,3605,384,72701,"E02003926 E02003930"
"175977",1,1,1,22532,10730,467,743,0.03298,4200,462,75807,"E02003926 E02003943"
"175978",1,1,1,15442,6484,243,461,0.02985,2879,248,31801,"E02003926 E02003944"
"175979",1,1,1,19680,9222,375,600,0.03049,3669,385,61548,"E02003926 E02003945"
"175980",1,1,1,15838,6842,210,440,0.02778,2952,258,35071,"E02003926 E02003946"
"176002",1,1,1,14258,7804,273,543,0.03808,2658,345,77377,"E02003927 E02003928"
"176003",1,1,1,19492,10002,300,787,0.04038,3634,454,77291,"E02003927 E02003929"
"176004",1,1,1,21113,12272,375,873,0.04135,3936,558,72320,"E02003927 E02003930"
"176025",1,1,1,5167,2954,90,258,0.04993,963,119,30409,"E02003928 E02003929"
"176026",1,1,1,12170,6832,255,342,0.0281,2269,264,51355,"E02003928 E02003930"
"176027",1,1,1,23533,12640,490,842,0.03578,4387,575,99478,"E02003928 E02003943"
"176028",1,1,1,16443,8394,266,560,0.03406,3065,361,55472,"E02003928 E02003944"
"176029",1,1,1,14659,7872,232,511,0.03486,2733,332,71173,"E02003928 E02003946"
"176031",1,1,1,21920,11506,399,753,0.03435,4086,493,141433,"E02003928 E02003948"
"176032",1,1,1,21458,11350,403,749,0.03491,4000,485,130511,"E02003928 E02003949"
"176048",1,1,1,15987,9442,306,544,0.03403,2980,416,92528,"E02003929 E02003930"
"176049",1,1,1,23525,12166,489,724,0.03078,4385,550,113448,"E02003929 E02003943"
"176050",1,1,1,16739,8048,220,450,0.02688,3120,348,51496,"E02003929 E02003944"
"176051",1,1,1,11784,5904,144,293,0.02486,2197,249,65404,"E02003929 E02003946"
"176052",1,1,1,21057,11484,359,651,0.03092,3925,523,127027,"E02003929 E02003947"
"176053",1,1,1,19045,9538,311,535,0.02809,3550,410,135664,"E02003929 E02003948"
"176054",1,1,1,18583,9382,315,531,0.02857,3464,403,124742,"E02003929 E02003949"
"176074",1,1,1,25463,13248,419,785,0.03083,4747,534,128367,"E02003930 E02003946"
"176077",1,1,1,5364,2854,165,208,0.03878,1000,133,18520,"E02003931 E02003932"
"176095",1,1,1,8788,6260,229,418,0.04756,1638,316,35026,"E02003933 E02003934"
"176098",1,1,1,17819,8268,256,534,0.02997,3322,303,40475,"E02003933 E02003937"
"176100",1,1,1,19645,9040,388,632,0.03217,3662,345,53918,"E02003933 E02003939"
"176101",1,1,1,19062,10580,439,828,0.04344,3553,477,49970,"E02003933 E02003940"
"176102",1,1,1,23708,13294,564,1064,0.04488,4419,612,53682,"E02003933 E02003941"
"176103",1,1,1,24262,13086,553,1013,0.04175,4523,606,80828,"E02003933 E02003942"
"176110",1,1,1,21412,9278,397,616,0.02877,3991,366,101546,"E02003934 E02003935"
"176111",1,1,1,18565,7806,369,601,0.03237,3461,318,31480,"E02003934 E02003936"
"176112",1,1,1,23159,9272,367,616,0.0266,4317,325,52029,"E02003934 E02003937"
"176114",1,1,1,23561,9588,439,716,0.03039,4392,346,86349,"E02003934 E02003939"
"176115",1,1,1,20329,9142,389,706,0.03473,3790,360,67947,"E02003934 E02003940"
"176116",1,1,1,24389,11734,528,962,0.03944,4546,499,67961,"E02003934 E02003941"
"176126",1,1,1,6917,3756,145,351,0.05074,1289,193,24777,"E02003935 E02003936"
"176160",1,1,1,16455,8764,285,655,0.03981,3067,403,72103,"E02003937 E02003938"
"176161",1,1,1,6391,2870,135,228,0.03568,1191,119,14891,"E02003937 E02003939"
"176162",1,1,1,13664,8248,340,656,0.04801,2547,426,32315,"E02003937 E02003940"
"176163",1,1,1,17193,10360,404,864,0.05025,3205,536,79604,"E02003937 E02003941"
"176164",1,1,1,15682,9360,362,769,0.04904,2923,483,71394,"E02003937 E02003942"
"176165",1,1,1,28581,14952,518,1068,0.03737,5328,687,128977,"E02003937 E02003952"
"176166",1,1,1,20764,11142,333,763,0.03675,3871,509,113301,"E02003937 E02003953"
"176167",1,1,1,23971,14172,445,1017,0.04243,4468,677,69858,"E02003937 E02003957"
"176171",1,1,1,10647,5610,189,451,0.04236,1985,265,55879,"E02003938 E02003939"
"176172",1,1,1,20325,12268,377,995,0.04895,3789,634,103962,"E02003938 E02003940"
"176173",1,1,1,22397,13688,475,1153,0.05148,4175,722,119565,"E02003938 E02003941"
"176174",1,1,1,20886,12688,433,1058,0.05066,3893,669,111355,"E02003938 E02003942"
"176175",1,1,1,19744,10470,474,705,0.03571,3680,487,53511,"E02003938 E02003952"
"176176",1,1,1,13364,7056,181,410,0.03068,2491,316,61548,"E02003938 E02003953"
"176177",1,1,1,22337,11860,543,782,0.03501,4164,544,60654,"E02003938 E02003954"
"176178",1,1,1,21351,11190,523,763,0.03574,3980,517,57877,"E02003938 E02003955"
"176179",1,1,1,20177,10716,345,601,0.02979,3761,493,62398,"E02003938 E02003956"
"176186",1,1,1,10613,7388,256,582,0.05484,1978,396,37000,"E02003939 E02003940"
"176187",1,1,1,11703,8420,214,716,0.06118,2182,458,33241,"E02003939 E02003941"
"176188",1,1,1,10779,7436,271,631,0.05854,2009,420,56382,"E02003939 E02003942"
"176189",1,1,1,22730,12440,410,864,0.03801,4237,584,114992,"E02003939 E02003952"
"176190",1,1,1,14913,8630,225,559,0.03748,2780,407,99316,"E02003939 E02003953"
"176192",1,1,1,16531,10490,302,782,0.04731,3082,560,43162,"E02003939 E02003956"
"176193",1,1,1,17580,11304,312,789,0.04488,3277,558,54967,"E02003939 E02003957"
"176195",1,1,1,23370,14134,513,1045,0.04472,4356,696,87280,"E02003939 E02003961"
"176196",1,1,1,23368,14320,484,1045,0.04472,4356,704,86393,"E02003939 E02003962"
"176197",1,1,1,23517,14188,472,1041,0.04427,4384,678,85889,"E02003939 E02003963"
"176206",1,1,1,4578,3202,101,354,0.07733,853,183,12563,"E02003940 E02003941"
"176207",1,1,1,5308,3624,117,389,0.07329,989,205,19614,"E02003940 E02003942"
"176208",1,1,1,23074,12896,381,1023,0.04434,4301,614,76097,"E02003940 E02003953"
"176210",1,1,1,18112,10800,319,878,0.04848,3376,542,61167,"E02003940 E02003956"
"176211",1,1,1,16506,9898,310,831,0.05035,3077,514,69266,"E02003940 E02003957"
"176212",1,1,1,19796,11846,455,1109,0.05602,3690,604,64620,"E02003940 E02003959"
"176213",1,1,1,22296,12728,511,1087,0.04875,4156,652,101579,"E02003940 E02003961"
"176214",1,1,1,22294,12914,482,1087,0.04876,4156,661,100692,"E02003940 E02003962"
"176215",1,1,1,22443,12782,470,1083,0.04826,4184,634,100188,"E02003940 E02003963"
"176227",1,1,1,1832,1234,59,99,0.05404,342,61,6661,"E02003941 E02003942"
"176229",1,1,1,19598,10506,323,733,0.0374,3653,470,63144,"E02003941 E02003953"
"176231",1,1,1,14636,8410,261,588,0.04017,2728,397,48214,"E02003941 E02003956"
"176232",1,1,1,13030,7508,252,541,0.04152,2429,370,56313,"E02003941 E02003957"
"176233",1,1,1,21060,12424,424,926,0.04397,3926,609,67547,"E02003941 E02003958"
"176234",1,1,1,15572,8922,374,755,0.04848,2903,426,53042,"E02003941 E02003959"
"176235",1,1,1,14220,8292,331,750,0.05274,2651,415,51064,"E02003941 E02003960"
"176236",1,1,1,18820,10338,453,797,0.04235,3508,508,88626,"E02003941 E02003961"
"176237",1,1,1,18818,10524,424,797,0.04235,3508,516,87739,"E02003941 E02003962"
"176238",1,1,1,18967,10392,412,793,0.04181,3536,490,87235,"E02003941 E02003963"
"176252",1,1,1,18161,9482,279,648,0.03568,3385,419,56582,"E02003942 E02003953"
"176254",1,1,1,13199,7386,217,503,0.03811,2460,346,41652,"E02003942 E02003956"
"176255",1,1,1,10856,6372,248,486,0.04477,2024,320,24427,"E02003942 E02003957"
"176256",1,1,1,19623,11400,380,841,0.04286,3658,558,60985,"E02003942 E02003958"
"176257",1,1,1,16353,8608,345,736,0.04501,3048,406,34527,"E02003942 E02003959"
"176258",1,1,1,16234,9208,385,770,0.04743,3026,458,35085,"E02003942 E02003961"
"176259",1,1,1,17381,9500,380,712,0.04096,3240,465,81177,"E02003942 E02003962"
"176260",1,1,1,17530,9368,368,708,0.04039,3268,439,80673,"E02003942 E02003963"
"176271",1,1,1,9236,4940,304,436,0.04721,1722,248,30113,"E02003943 E02003944"
"176272",1,1,1,3405,2212,110,173,0.05081,635,118,12741,"E02003943 E02003945"
"176273",1,1,1,12026,6378,366,449,0.03734,2242,297,41557,"E02003943 E02003946"
"176274",1,1,1,13889,8718,384,727,0.05234,2589,469,46085,"E02003943 E02003947"
"176275",1,1,1,12954,7444,344,641,0.04948,2415,374,49975,"E02003943 E02003948"
"176276",1,1,1,12543,7282,350,637,0.05079,2338,367,38995,"E02003943 E02003949"
"176277",1,1,1,20961,12800,566,1096,0.05229,3907,692,68948,"E02003943 E02003950"
"176278",1,1,1,14874,8388,414,703,0.04726,2773,406,42887,"E02003943 E02003951"
"176297",1,1,1,6410,4232,215,299,0.04665,1195,226,34033,"E02003944 E02003945"
"176298",1,1,1,8344,4392,216,243,0.02912,1555,198,15533,"E02003944 E02003946"
"176299",1,1,1,15560,9442,407,631,0.04055,2901,464,96189,"E02003944 E02003947"
"176300",1,1,1,13548,7496,359,515,0.03801,2525,351,104826,"E02003944 E02003948"
"176301",1,1,1,13086,7340,363,511,0.03905,2439,344,93904,"E02003944 E02003949"
"176303",1,1,1,15494,8330,430,543,0.03505,2888,369,73322,"E02003944 E02003951"
"176319",1,1,1,9174,4516,274,306,0.03336,1710,198,28768,"E02003945 E02003946"
"176320",1,1,1,13145,8312,376,734,0.05584,2450,453,39383,"E02003945 E02003947"
"176321",1,1,1,12210,7038,336,648,0.05307,2276,358,43273,"E02003945 E02003948"
"176322",1,1,1,11799,6876,342,644,0.05458,2199,351,32293,"E02003945 E02003949"
"176323",1,1,1,22137,13002,527,1061,0.04793,4127,671,87798,"E02003945 E02003950"
"176324",1,1,1,15924,8026,445,554,0.03479,2968,342,69145,"E02003945 E02003951"
"176347",1,1,1,13215,7512,385,478,0.03617,2463,366,33591,"E02003946 E02003947"
"176348",1,1,1,11203,5566,337,362,0.03231,2088,253,42228,"E02003946 E02003948"
"176349",1,1,1,10741,5410,341,358,0.03333,2002,246,31306,"E02003946 E02003949"
"176350",1,1,1,22207,12202,536,805,0.03625,4140,583,82006,"E02003946 E02003950"
"176351",1,1,1,12916,6372,364,402,0.03112,2408,267,24868,"E02003946 E02003951"
"176363",1,1,1,2902,1112,122,150,0.05169,541,49,7235,"E02003947 E02003948"
"176364",1,1,1,2832,990,114,128,0.0452,528,36,4939,"E02003947 E02003949"
"176365",1,1,1,9695,5594,231,475,0.04899,1807,290,47070,"E02003947 E02003950"
"176366",1,1,1,5000,2278,167,230,0.046,932,86,12081,"E02003947 E02003951"
"176381",1,1,1,1092,534,56,30,0.02747,204,22,1801,"E02003948 E02003949"
"176382",1,1,1,11814,7106,276,473,0.04004,2202,351,67723,"E02003948 E02003950"
"176383",1,1,1,3540,1868,136,124,0.03503,660,74,7005,"E02003948 E02003951"
"176397",1,1,1,11837,7062,269,455,0.03844,2207,345,60723,"E02003949 E02003950"
"176398",1,1,1,2713,1460,89,100,0.03686,506,57,5602,"E02003949 E02003951"
"176408",1,1,1,11394,5612,274,519,0.04555,2124,271,28451,"E02003950 E02003951"
"176438",1,1,1,8723,5030,163,339,0.03886,1626,246,53779,"E02003952 E02003953"
"176439",1,1,1,3933,1962,112,113,0.02873,733,82,12364,"E02003952 E02003954"
"176440",1,1,1,2658,1234,88,84,0.0316,495,50,6751,"E02003952 E02003955"
"176441",1,1,1,18293,9162,306,372,0.02034,3410,386,73631,"E02003952 E02003956"
"176443",1,1,1,18216,10746,395,666,0.03656,3396,523,114284,"E02003952 E02003958"
"176446",1,1,1,24208,13630,576,963,0.03978,4513,648,139883,"E02003952 E02003962"
"176465",1,1,1,12216,6010,293,426,0.03487,2277,262,45761,"E02003953 E02003954"
"176466",1,1,1,10941,5282,269,397,0.03629,2040,230,40148,"E02003953 E02003955"
"176467",1,1,1,9434,5096,200,267,0.0283,1759,236,24142,"E02003953 E02003956"
"176468",1,1,1,14940,7714,272,452,0.03025,2785,347,37860,"E02003953 E02003957"
"176469",1,1,1,12431,7890,345,585,0.04706,2317,410,78918,"E02003953 E02003958"
"176470",1,1,1,22184,10652,415,726,0.03273,4135,467,49275,"E02003953 E02003959"
"176471",1,1,1,24640,12226,532,839,0.03405,4593,550,59075,"E02003953 E02003960"
"176472",1,1,1,18315,9810,365,732,0.03997,3414,474,63707,"E02003953 E02003961"
"176473",1,1,1,18313,9996,336,732,0.03997,3414,482,62820,"E02003953 E02003962"
"176474",1,1,1,18462,9864,324,728,0.03943,3442,456,62316,"E02003953 E02003963"
"176475",1,1,1,23182,13686,616,1003,0.04327,4321,624,100098,"E02003953 E02003964"
"176493",1,1,1,2693,1498,97,127,0.04716,502,73,6869,"E02003954 E02003955"
"176494",1,1,1,21168,11012,407,543,0.02565,3946,485,83632,"E02003954 E02003956"
"176496",1,1,1,21091,12596,496,837,0.03969,3932,622,124285,"E02003954 E02003958"
"176525",1,1,1,22.049,12206,559,747,0.03388,4110,582,38989,"E02003955 E02003956"
"176527",1,1,1,22.605,13572,641,957,0.04234,4214,679,50114,"E02003955 E02003958"
"176550",1,1,1,8.461,3742,169,190,0.02246,1577,143,14886,"E02003956 E02003957"
"176551",1,1,1,7.68,3934,139,226,0.02943,1432,174,15892,"E02003956 E02003958"
"176552",1,1,1,15.291,6618,382,461,0.03015,2850,250,24398,"E02003956 E02003959"
"176553",1,1,1,18.501,8086,427,494,0.0267,3449,300,29860,"E02003956 E02003960"
"176554",1,1,1,12.403,6952,311,630,0.05079,2312,323,24319,"E02003956 E02003961"
"176555",1,1,1,10.259,5356,199,473,0.04611,1912,256,20429,"E02003956 E02003962"
"176556",1,1,1,11.533,5864,250,547,0.04743,2150,275,21890,"E02003956 E02003963"
"176557",1,1,1,18.747,10540,670,714,0.03809,3495,433,33654,"E02003956 E02003964"
"176578",1,1,1,14.061,7338,290,450,0.032,2621,340,31242,"E02003957 E02003958"
"176579",1,1,1,6.83,2876,214,271,0.03968,1273,107,9512,"E02003957 E02003959"
"176580",1,1,1,10.04,4344,259,304,0.03028,1872,157,14974,"E02003957 E02003960"
"176581",1,1,1,5.378,2594,138,244,0.04537,1003,108,9652,"E02003957 E02003961"
"176582",1,1,1,7.398,3812,192,295,0.03988,1379,165,12188,"E02003957 E02003962"
"176583",1,1,1,6.944,3788,166,303,0.04363,1294,137,11491,"E02003957 E02003963"
"176584",1,1,1,16.126,9202,677,558,0.0346,3006,354,26198,"E02003957 E02003964"
"176604",1,1,1,15.457,8528,381,787,0.05092,2881,376,30667,"E02003958 E02003959"
"176605",1,1,1,18.643,10450,505,892,0.04785,3475,462,36105,"E02003958 E02003960"
"176606",1,1,1,10.783,6196,287,556,0.05156,2010,274,21896,"E02003958 E02003961"
"176607",1,1,1,9.003,5350,233,499,0.05543,1678,250,19485,"E02003958 E02003962"
"176608",1,1,1,9.68,5450,258,515,0.0532,1804,240,19551,"E02003958 E02003963"
"176609",1,1,1,11.924,6688,322,446,0.0374,2223,233,23389,"E02003958 E02003964"
"176627",1,1,1,4.17,2152,161,93,0.0223,777,86,8727,"E02003959 E02003960"
"176628",1,1,1,5.08,3584,111,279,0.05492,947,192,14051,"E02003959 E02003961"
"176629",1,1,1,7.44,5592,194,370,0.04973,1387,267,19711,"E02003959 E02003962"
"176630",1,1,1,6.12,4036,138,290,0.04739,1141,199,15488,"E02003959 E02003963"
"176631",1,1,1,15.663,9948,570,541,0.03454,2920,410,30901,"E02003959 E02003964"
"176646",1,1,1,8.274,5268,236,384,0.04641,1542,256,16161,"E02003960 E02003961"
"176647",1,1,1,10.634,7276,319,475,0.04467,1982,331,21821,"E02003960 E02003962"
"176648",1,1,1,9.314,5720,263,395,0.04241,1736,263,17598,"E02003960 E02003963"
"176649",1,1,1,18.857,11632,695,646,0.03426,3515,475,33011,"E02003960 E02003964"
"176671",1,1,1,2.766,2356,100,139,0.05025,516,95,6574,"E02003961 E02003962"
"176672",1,1,1,1.446,800,44,59,0.0408,270,27,2351,"E02003961 E02003963"
"176673",1,1,1,10.989,6712,476,310,0.02821,2048,238,17764,"E02003961 E02003964"
"176693",1,1,1,1.746,814,68,100,0.05727,325,33,2593,"E02003962 E02003963"
"176694",1,1,1,8.96,5490,488,267,0.0298,1670,191,14357,"E02003962 E02003964"
"176715",1,1,1,9.467,5962,447,257,0.02715,1765,216,15349,"E02003963 E02003964"
