"","plan","start","finish","length","time","waypoint","change_elev","av_incline","co2_saving","calories","busyness","id","nv"
"136978",1,1,1,16.309,6216,260,262,0.01606,3040,205,44192,"E02002905 E02002906",260
"136979",1,1,1,16.959,6408,268,274,0.01616,3161,210,45649,"E02002905 E02002907",268
"136980",1,1,1,13.715,4954,216,188,0.01371,2557,153,38173,"E02002905 E02002908",216
"136992",1,1,1,20.862,8974,564,500,0.02397,3889,356,71750,"E02002905 E02006710",564
"136994",1,1,1,1.279,538,33,38,0.02971,238,21,2093,"E02002906 E02002907",33
"136995",1,1,1,3.55,1612,53,76,0.02141,662,60,8568,"E02002906 E02002908",53
"136996",1,1,1,19.316,9666,315,501,0.02594,3601,417,121313,"E02002906 E02002909",315
"136997",1,1,1,22.011,10440,456,416,0.0189,4103,438,112072,"E02002906 E02002910",456
"136998",1,1,1,20.001,8648,267,305,0.01525,3728,325,57588,"E02002906 E02002911",267
"136999",1,1,1,19.947,8032,277,243,0.01218,3718,266,51465,"E02002906 E02002912",277
"137000",1,1,1,21.211,9402,293,427,0.02013,3954,354,90274,"E02002906 E02002914",293
"137001",1,1,1,21.401,9646,296,409,0.01911,3989,365,101925,"E02002906 E02002915",296
"137002",1,1,1,21.638,9454,316,403,0.01862,4034,346,104807,"E02002906 E02002916",316
"137007",1,1,1,20.334,10282,473,608,0.0299,3790,448,97938,"E02002906 E02006710",473
"137010",1,1,1,4.2,1992,61,88,0.02095,783,79,12081,"E02002907 E02002908",61
"137011",1,1,1,18.496,9334,293,471,0.02546,3448,405,120092,"E02002907 E02002909",293
"137012",1,1,1,22.661,10820,464,428,0.01889,4224,457,115585,"E02002907 E02002910",464
"137013",1,1,1,19.314,8414,238,299,0.01548,3600,322,56403,"E02002907 E02002911",238
"137014",1,1,1,18.587,7488,241,211,0.01135,3465,248,49119,"E02002907 E02002912",241
"137015",1,1,1,19.851,8858,257,395,0.0199,3700,335,87928,"E02002907 E02002914",257
"137016",1,1,1,20.041,9102,260,377,0.01881,3736,346,99579,"E02002907 E02002915",260
"137017",1,1,1,20.278,8910,280,371,0.0183,3780,327,102461,"E02002907 E02002916",280
"137018",1,1,1,20.999,9364,280,406,0.01933,3914,350,95006,"E02002907 E02002917",280
"137023",1,1,1,20.351,10374,482,596,0.02929,3794,452,98896,"E02002907 E02006710",482
"137027",1,1,1,22.237,10938,343,551,0.02478,4145,465,129143,"E02002908 E02002909",343
"137028",1,1,1,18.461,8830,405,340,0.01842,3441,378,103505,"E02002908 E02002910",405
"137029",1,1,1,19.162,8332,275,315,0.01644,3572,318,77446,"E02002908 E02002911",275
"137030",1,1,1,22.868,9304,305,293,0.01281,4263,314,59295,"E02002908 E02002912",305
"137031",1,1,1,21.759,9304,273,393,0.01806,4056,343,97277,"E02002908 E02002914",273
"137032",1,1,1,24.514,10548,287,393,0.01603,4570,385,100390,"E02002908 E02002915",287
"137033",1,1,1,23.971,10134,334,401,0.01673,4468,367,102665,"E02002908 E02002916",334
"137034",1,1,1,22.907,9810,296,404,0.01764,4270,358,104355,"E02002908 E02002917",296
"137043",1,1,1,23.35,11586,501,658,0.02818,4353,497,105276,"E02002908 E02006710",501
"137047",1,1,1,15.891,6444,284,334,0.02102,2962,218,70359,"E02002909 E02002912",284
"137048",1,1,1,18.906,9864,446,615,0.03253,3524,394,57074,"E02002909 E02002913",446
"137050",1,1,1,20.898,8788,371,396,0.01895,3896,314,97909,"E02002909 E02002915",371
"137051",1,1,1,21.781,9186,411,422,0.01937,4060,316,103209,"E02002909 E02002916",411
"137053",1,1,1,21.751,9124,457,430,0.01977,4055,331,97354,"E02002909 E02002918",457
"137056",1,1,1,25.574,12066,585,682,0.02667,4767,494,90713,"E02002909 E02002922",585
"137057",1,1,1,20.271,8784,493,479,0.02363,3779,338,61710,"E02002909 E02002923",493
"137060",1,1,1,16.452,7652,327,485,0.02948,3067,315,43326,"E02002909 E02006710",327
"137061",1,1,1,21.275,9972,733,642,0.03018,3966,431,90458,"E02002909 E02006711",733
"137062",1,1,1,16.974,7606,479,529,0.03117,3164,314,100191,"E02002909 E02006712",479
"137063",1,1,1,20.443,9540,718,637,0.03116,3811,413,55324,"E02002909 E02006713",718
"137064",1,1,1,24.73,11266,733,678,0.02742,4610,461,67181,"E02002909 E02006714",733
"137065",1,1,1,20.785,10524,541,824,0.03964,3875,467,84345,"E02002909 E02006718",541
"137066",1,1,1,19.891,10498,533,785,0.03947,3708,477,88910,"E02002909 E02006719",533
"137070",1,1,1,24.386,10770,666,635,0.02604,4546,416,96275,"E02002909 E02006740",666
"137071",1,1,1,22.52,9888,581,595,0.02642,4198,389,128933,"E02002909 E02006742",581
"137074",1,1,1,22.497,9866,584,593,0.02636,4194,390,126538,"E02002909 E02006745",584
"137083",1,1,1,24.888,10454,239,493,0.01981,4639,372,97524,"E02002910 E02002911",239
"137092",1,1,1,24.669,13334,318,750,0.0304,4599,526,90387,"E02002910 E02002924",318
"137099",1,1,1,12.447,4906,128,184,0.01478,2320,158,21424,"E02002911 E02002912",128
"137100",1,1,1,6.354,2320,98,70,0.01102,1184,66,20693,"E02002911 E02002914",98
"137101",1,1,1,8.769,3614,134,102,0.01163,1635,118,32483,"E02002911 E02002915",134
"137102",1,1,1,8.566,3150,159,78,0.00911,1597,90,26081,"E02002911 E02002916",159
"137103",1,1,1,6.966,2596,124,63,0.00904,1299,70,28106,"E02002911 E02002917",124
"137104",1,1,1,10.543,4348,211,128,0.01214,1965,139,35933,"E02002911 E02002918",211
"137105",1,1,1,10.154,3898,215,83,0.00817,1893,111,42693,"E02002911 E02002919",215
"137106",1,1,1,10.733,4332,218,100,0.00932,2001,131,36600,"E02002911 E02002920",218
"137107",1,1,1,20.03,9320,406,388,0.01937,3734,366,69602,"E02002911 E02002922",406
"137109",1,1,1,19.994,10766,249,421,0.02106,3727,410,45223,"E02002911 E02002924",249
"137110",1,1,1,15.894,7402,273,222,0.01397,2963,284,92542,"E02002911 E02002925",273
"137118",1,1,1,8.452,3562,156,76,0.00899,1576,124,32949,"E02002912 E02002914",156
"137119",1,1,1,5.641,2610,96,70,0.01241,1052,104,28592,"E02002912 E02002915",96
"137120",1,1,1,6.524,3008,136,96,0.01471,1216,106,33892,"E02002912 E02002916",136
"137121",1,1,1,8.272,3764,193,107,0.01294,1542,135,41560,"E02002912 E02002917",193
"137122",1,1,1,6.494,2946,182,104,0.01601,1211,121,28037,"E02002912 E02002918",182
"137123",1,1,1,9.557,4218,223,117,0.01224,1782,151,50072,"E02002912 E02002919",223
"137124",1,1,1,10.681,4856,254,130,0.01217,1991,178,54633,"E02002912 E02002920",254
"137125",1,1,1,11.51,6196,299,326,0.02832,2146,285,31508,"E02002912 E02002922",299
"137126",1,1,1,20.911,9154,531,335,0.01602,3898,353,98172,"E02002912 E02002923",531
"137128",1,1,1,15.297,7722,281,256,0.01674,2852,324,99921,"E02002912 E02002925",281
"137137",1,1,1,20.07,11584,524,591,0.02945,3741,445,48186,"E02002913 E02002922",524
"137138",1,1,1,8.421,5370,169,252,0.02993,1570,157,17106,"E02002913 E02002923",169
"137143",1,1,1,18.64,9702,437,596,0.03197,3475,372,62768,"E02002913 E02006712",437
"137144",1,1,1,8.345,5558,230,452,0.05416,1556,239,20779,"E02002913 E02006713",230
"137145",1,1,1,13.914,7912,360,495,0.03558,2594,302,34147,"E02002913 E02006714",360
"137146",1,1,1,7.009,5148,191,416,0.05935,1307,233,19040,"E02002913 E02006715",191
"137147",1,1,1,7.551,5684,237,452,0.05986,1408,222,19689,"E02002913 E02006716",237
"137148",1,1,1,6.348,5442,195,417,0.06569,1183,204,16939,"E02002913 E02006718",195
"137149",1,1,1,5.399,4990,169,376,0.06964,1006,212,16247,"E02002913 E02006719",169
"137150",1,1,1,13.402,8080,264,514,0.03835,2498,285,32653,"E02002913 E02006720",264
"137151",1,1,1,23.174,12668,620,700,0.03021,4320,468,73881,"E02002913 E02006736",620
"137152",1,1,1,18.763,9976,443,625,0.03331,3498,387,65495,"E02002913 E02006739",443
"137153",1,1,1,20.008,10498,518,618,0.03089,3730,396,65127,"E02002913 E02006740",518
"137154",1,1,1,21.609,11986,542,673,0.03114,4028,455,73483,"E02002913 E02006743",542
"137155",1,1,1,19.259,10470,477,615,0.03193,3590,395,66270,"E02002913 E02006744",477
"137156",1,1,1,19.477,10600,463,613,0.03147,3631,393,65729,"E02002913 E02006746",463
"137164",1,1,1,3.521,1778,112,50,0.0142,656,71,9048,"E02002914 E02002915",112
"137165",1,1,1,2.584,990,84,12,0.00464,482,29,5914,"E02002914 E02002916",84
"137166",1,1,1,1.895,764,52,13,0.00686,353,25,4115,"E02002914 E02002917",52
"137167",1,1,1,4.7,2108,161,60,0.01277,876,80,10943,"E02002914 E02002918",161
"137168",1,1,1,4.86,2004,148,33,0.00679,906,65,17577,"E02002914 E02002919",148
"137169",1,1,1,5.64,2520,167,52,0.00922,1051,88,11170,"E02002914 E02002920",167
"137170",1,1,1,4.316,1868,129,39,0.00904,805,65,5832,"E02002914 E02002921",129
"137171",1,1,1,14.046,7084,394,314,0.02236,2618,308,39581,"E02002914 E02002922",394
"137173",1,1,1,21.223,11606,377,405,0.01908,3956,441,64436,"E02002914 E02002924",377
"137174",1,1,1,10.6,5508,206,172,0.01623,1976,238,67426,"E02002914 E02002925",206
"137184",1,1,1,1.268,584,59,34,0.02681,236,9,4517,"E02002915 E02002916",59
"137185",1,1,1,3.016,1340,116,45,0.01492,562,38,12185,"E02002915 E02002917",116
"137186",1,1,1,1.774,734,79,26,0.01466,331,21,3452,"E02002915 E02002918",79
"137187",1,1,1,4.301,1794,146,55,0.01279,802,53,20697,"E02002915 E02002919",146
"137188",1,1,1,5.425,2432,177,68,0.01253,1011,81,25258,"E02002915 E02002920",177
"137189",1,1,1,11.12,5710,312,280,0.02518,2073,249,32090,"E02002915 E02002922",312
"137190",1,1,1,23.155,9756,569,321,0.01386,4316,356,93587,"E02002915 E02002923",569
"137191",1,1,1,10.041,5298,204,194,0.01932,1872,226,70546,"E02002915 E02002925",204
"137192",1,1,1,24.374,11128,614,568,0.0233,4544,430,74121,"E02002915 E02002926",614
"137193",1,1,1,26.387,12136,445,539,0.02043,4919,444,150238,"E02002915 E02002927",445
"137202",1,1,1,1.862,882,65,13,0.00698,347,31,6589,"E02002916 E02002917",65
"137203",1,1,1,2.576,1326,94,48,0.01863,480,56,8459,"E02002916 E02002918",94
"137204",1,1,1,3.147,1336,95,23,0.00731,587,47,15101,"E02002916 E02002919",95
"137205",1,1,1,4.271,1974,126,36,0.00843,796,74,19662,"E02002916 E02002920",126
"137206",1,1,1,3.015,1368,94,27,0.00896,562,52,14574,"E02002916 E02002921",94
"137207",1,1,1,11.731,6280,318,306,0.02608,2187,284,36525,"E02002916 E02002922",318
"137208",1,1,1,23.766,10326,575,347,0.0146,4430,391,98022,"E02002916 E02002923",575
"137209",1,1,1,19.854,11060,336,389,0.01959,3701,426,72928,"E02002916 E02002924",336
"137210",1,1,1,8.887,4840,153,162,0.01823,1657,220,64950,"E02002916 E02002925",153
"137211",1,1,1,24.153,11030,383,498,0.02062,4502,410,141128,"E02002916 E02002926",383
"137212",1,1,1,25.233,11678,394,507,0.02009,4704,438,144642,"E02002916 E02002927",394
"137224",1,1,1,4.188,2000,141,59,0.01409,781,74,14585,"E02002917 E02002918",141
"137225",1,1,1,3.46,1368,93,24,0.00694,645,45,12305,"E02002917 E02002919",93
"137226",1,1,1,3.84,1772,99,39,0.01016,716,62,8615,"E02002917 E02002920",99
"137227",1,1,1,13.514,7038,372,317,0.02346,2519,304,43506,"E02002917 E02002922",372
"137229",1,1,1,19.423,10858,309,392,0.02018,3621,415,61881,"E02002917 E02002924",309
"137230",1,1,1,9.2,4872,151,163,0.01772,1715,218,62154,"E02002917 E02002925",151
"137231",1,1,1,24.466,11062,381,499,0.0204,4561,409,138332,"E02002917 E02002926",381
"137242",1,1,1,4.269,1778,125,59,0.01382,796,67,6260,"E02002918 E02002919",125
"137243",1,1,1,5.43,2654,150,74,0.01363,1012,93,16969,"E02002918 E02002920",150
"137244",1,1,1,10.165,5326,275,266,0.02617,1895,241,27808,"E02002918 E02002922",275
"137245",1,1,1,22.2,9372,532,307,0.01383,4138,348,89305,"E02002918 E02002923",532
"137246",1,1,1,9.782,5356,174,242,0.02474,1823,247,24633,"E02002918 E02002925",174
"137247",1,1,1,22.899,10518,535,546,0.02384,4269,412,71418,"E02002918 E02002926",535
"137248",1,1,1,25.089,11628,580,577,0.023,4677,461,79267,"E02002918 E02002927",580
"137260",1,1,1,3.426,1560,81,29,0.00846,639,58,10185,"E02002919 E02002920",81
"137261",1,1,1,1.768,878,50,26,0.01471,330,33,2726,"E02002919 E02002921",50
"137262",1,1,1,14.774,7202,355,281,0.01902,2754,305,31640,"E02002919 E02002922",355
"137263",1,1,1,26.809,11248,612,322,0.01201,4997,412,93137,"E02002919 E02002923",612
"137264",1,1,1,19.009,10646,291,382,0.0201,3543,411,63451,"E02002919 E02002924",291
"137265",1,1,1,6.595,3860,83,147,0.02229,1229,185,50969,"E02002919 E02002925",83
"137266",1,1,1,19.413,10096,313,687,0.03539,3619,441,47935,"E02002919 E02002926",313
"137267",1,1,1,20.493,10744,324,696,0.03396,3820,468,51449,"E02002919 E02002927",324
"137280",1,1,1,1.777,812,52,35,0.0197,331,26,5189,"E02002920 E02002921",52
"137281",1,1,1,15.231,7688,412,316,0.02075,2839,313,51613,"E02002920 E02002922",412
"137283",1,1,1,16.352,9468,247,361,0.02208,3048,365,49678,"E02002920 E02002924",247
"137284",1,1,1,6.757,3858,83,160,0.02368,1260,178,21149,"E02002920 E02002925",83
"137285",1,1,1,22.023,10048,313,496,0.02252,4105,369,97327,"E02002920 E02002926",313
"137286",1,1,1,23.103,10696,324,505,0.02186,4307,396,100841,"E02002920 E02002927",324
"137300",1,1,1,14.05,7216,386,301,0.02142,2619,300,46568,"E02002921 E02002922",386
"137302",1,1,1,17.344,9968,282,380,0.02191,3233,386,55020,"E02002921 E02002924",282
"137303",1,1,1,6.99,3946,106,151,0.0216,1303,182,35602,"E02002921 E02002925",106
"137304",1,1,1,22.256,10136,336,487,0.02188,4149,373,111780,"E02002921 E02002926",336
"137305",1,1,1,23.336,10784,347,496,0.02125,4350,400,115294,"E02002921 E02002927",347
"137319",1,1,1,12.246,5732,408,395,0.03226,2283,240,25196,"E02002922 E02002923",408
"137320",1,1,1,18.153,9474,288,610,0.0336,3384,429,44446,"E02002922 E02002925",288
"137321",1,1,1,17.161,8074,481,576,0.03356,3199,332,50183,"E02002922 E02002926",481
"137322",1,1,1,19.351,9184,526,607,0.03137,3607,381,58032,"E02002922 E02002927",526
"137326",1,1,1,26.461,13256,673,886,0.03348,4933,564,101019,"E02002922 E02006718",673
"137327",1,1,1,25.162,13132,694,875,0.03477,4690,582,111598,"E02002922 E02006719",694
"137342",1,1,1,19.951,9136,549,451,0.02261,3719,356,119038,"E02002923 E02002926",549
"137343",1,1,1,22.141,10246,594,482,0.02177,4127,405,126887,"E02002923 E02002927",594
"137355",1,1,1,15.882,8608,358,572,0.03602,2961,373,99317,"E02002923 E02006713",358
"137356",1,1,1,20.865,10390,447,585,0.02804,3889,422,93711,"E02002923 E02006714",447
"137357",1,1,1,14.608,8434,398,592,0.04053,2723,397,53624,"E02002923 E02006715",398
"137358",1,1,1,14.309,7578,260,489,0.03417,2667,325,75695,"E02002923 E02006718",260
"137359",1,1,1,13.01,7454,281,478,0.03674,2425,343,86274,"E02002923 E02006719",281
"137360",1,1,1,16.612,8064,382,506,0.03046,3097,339,51954,"E02002923 E02006720",382
"137380",1,1,1,20.194,10034,287,399,0.01976,3764,352,51527,"E02002924 E02002925",287
"137399",1,1,1,15.266,6190,231,336,0.02201,2846,191,76178,"E02002925 E02002926",231
"137400",1,1,1,16.346,6838,242,345,0.02111,3047,218,79692,"E02002925 E02002927",242
"137413",1,1,1,1.999,1050,62,31,0.01551,373,46,5553,"E02002926 E02002927",62
"272109",1,1,1,5.775,3422,124,163,0.02823,1077,154,33948,"E02006696 E02006697",124
"272110",1,1,1,13.34,6340,322,305,0.02286,2487,236,58016,"E02006696 E02006706",322
"272111",1,1,1,16.32,7654,416,349,0.02138,3042,279,65954,"E02006696 E02006709",416
"272113",1,1,1,14.085,6356,309,298,0.02116,2626,237,61038,"E02006696 E02006748",309
"272114",1,1,1,6.935,3200,147,135,0.01947,1293,114,18890,"E02006696 E02006767",147
"272115",1,1,1,8.223,3452,141,126,0.01532,1533,108,41747,"E02006696 E02006770",141
"272116",1,1,1,10.662,4966,234,206,0.01932,1988,167,57402,"E02006696 E02006772",234
"272117",1,1,1,11.375,5378,232,248,0.0218,2120,192,62844,"E02006696 E02006775",232
"272153",1,1,1,6.342,3500,156,184,0.02901,1182,156,15399,"E02006697 E02006698",156
"272154",1,1,1,5.633,2516,108,150,0.02663,1050,92,12194,"E02006697 E02006702",108
"272155",1,1,1,7.676,3906,217,184,0.02397,1431,133,19379,"E02006697 E02006703",217
"272156",1,1,1,11.837,6094,325,411,0.03472,2207,247,37836,"E02006697 E02006704",325
"272157",1,1,1,7.699,3208,187,178,0.02312,1435,103,14750,"E02006697 E02006705",187
"272158",1,1,1,8.695,3408,242,184,0.02116,1621,103,14905,"E02006697 E02006706",242
"272159",1,1,1,10.3,4234,291,224,0.02175,1920,138,19213,"E02006697 E02006708",291
"272160",1,1,1,11.675,4722,336,228,0.01953,2176,147,22843,"E02006697 E02006709",336
"272161",1,1,1,18.059,8720,559,494,0.02735,3366,328,47738,"E02006697 E02006724",559
"272162",1,1,1,23.606,11182,494,638,0.02703,4400,417,195558,"E02006697 E02006729",494
"272165",1,1,1,14.768,6022,420,313,0.02119,2753,206,35666,"E02006697 E02006748",420
"272166",1,1,1,19.969,8032,558,389,0.01948,3722,273,53037,"E02006697 E02006749",558
"272167",1,1,1,18.882,7846,520,415,0.02198,3520,279,28520,"E02006697 E02006750",520
"272168",1,1,1,12.03,4944,229,252,0.02095,2243,159,31193,"E02006697 E02006767",229
"272169",1,1,1,12.441,4956,267,251,0.02018,2319,154,41431,"E02006697 E02006770",267
"272209",1,1,1,11.49,5102,298,237,0.02063,2142,169,32523,"E02006698 E02006700",298
"272210",1,1,1,5.833,3322,184,217,0.0372,1087,144,14153,"E02006698 E02006701",184
"272211",1,1,1,4.96,2070,131,168,0.03387,925,75,6215,"E02006698 E02006702",131
"272212",1,1,1,5.977,3012,169,188,0.03145,1114,99,15024,"E02006698 E02006703",169
"272213",1,1,1,7.905,3512,297,263,0.03327,1474,137,16473,"E02006698 E02006704",297
"272214",1,1,1,7.764,3170,222,228,0.02937,1447,106,11494,"E02006698 E02006705",222
"272215",1,1,1,9.026,3574,265,242,0.02681,1683,115,13248,"E02006698 E02006706",265
"272216",1,1,1,10.525,4352,312,280,0.0266,1962,148,17383,"E02006698 E02006708",312
"272217",1,1,1,10.63,4582,277,260,0.02446,1982,128,35088,"E02006698 E02006709",277
"272218",1,1,1,15.622,6548,381,315,0.02016,2912,206,38375,"E02006698 E02006721",381
"272219",1,1,1,14.251,6720,539,422,0.02961,2657,256,39599,"E02006698 E02006724",539
"272220",1,1,1,17.589,8008,634,486,0.02763,3279,294,74010,"E02006698 E02006727",634
"272221",1,1,1,20.21,8436,543,374,0.01851,3767,265,48482,"E02006698 E02006729",543
"272222",1,1,1,19.576,8842,617,456,0.02329,3649,336,46874,"E02006698 E02006733",617
"272224",1,1,1,19.041,7950,601,483,0.02537,3549,294,48390,"E02006698 E02006748",601
"272225",1,1,1,21.058,8880,585,485,0.02303,3925,301,64412,"E02006698 E02006749",585
"272261",1,1,1,1.329,584,61,15,0.01129,248,23,2459,"E02006699 E02006700",61
"272262",1,1,1,9.06,4076,281,235,0.02594,1689,165,17560,"E02006699 E02006704",281
"272263",1,1,1,17.165,7882,494,424,0.0247,3200,304,35328,"E02006699 E02006706",494
"272264",1,1,1,18.301,8364,612,460,0.02514,3412,329,37440,"E02006699 E02006708",612
"272265",1,1,1,18.408,8220,608,454,0.02466,3431,319,38970,"E02006699 E02006709",608
"272266",1,1,1,9.789,3918,220,147,0.01502,1825,128,27083,"E02006699 E02006721",220
"272267",1,1,1,12.691,5468,310,210,0.01655,2366,178,32467,"E02006699 E02006724",310
"272268",1,1,1,13.389,5400,346,216,0.01613,2496,170,45083,"E02006699 E02006727",346
"272269",1,1,1,12.574,5106,275,170,0.01352,2344,159,86083,"E02006699 E02006729",275
"272314",1,1,1,8.44,3756,268,210,0.02488,1573,148,16900,"E02006700 E02006704",268
"272315",1,1,1,16.514,7606,471,419,0.02537,3078,293,34439,"E02006700 E02006706",471
"272316",1,1,1,17.757,7944,585,449,0.02529,3310,308,38081,"E02006700 E02006709",585
"272317",1,1,1,12.122,5202,280,207,0.01708,2260,168,31368,"E02006700 E02006724",280
"272318",1,1,1,12.82,5134,316,213,0.01661,2390,160,43984,"E02006700 E02006727",316
"272319",1,1,1,12.005,4840,245,167,0.01391,2238,149,84984,"E02006700 E02006729",245
"272354",1,1,1,5.378,2328,138,159,0.02956,1003,71,9007,"E02006701 E02006702",138
"272355",1,1,1,4.369,1894,132,145,0.03319,814,60,6684,"E02006701 E02006703",132
"272356",1,1,1,4.088,1678,154,140,0.03425,762,48,6567,"E02006701 E02006704",154
"272357",1,1,1,6.949,2796,195,191,0.02749,1295,82,9732,"E02006701 E02006705",195
"272358",1,1,1,7.351,3038,214,199,0.02707,1370,78,11122,"E02006701 E02006706",214
"272359",1,1,1,7.609,2924,276,207,0.0272,1418,85,10811,"E02006701 E02006707",276
"272360",1,1,1,8.668,3552,311,233,0.02688,1616,108,13160,"E02006701 E02006708",311
"272361",1,1,1,8.775,3408,307,227,0.02587,1636,98,14690,"E02006701 E02006709",307
"272362",1,1,1,11.009,4930,375,302,0.02743,2052,170,29037,"E02006701 E02006721",375
"272363",1,1,1,10.434,4886,396,299,0.02866,1945,167,29693,"E02006701 E02006724",396
"272364",1,1,1,15.597,6818,537,361,0.02315,2907,229,39144,"E02006701 E02006729",537
"272365",1,1,1,18.906,7818,521,422,0.02232,3524,267,58795,"E02006701 E02006748",521
"272386",1,1,1,2.448,1574,80,56,0.02288,456,49,8118,"E02006702 E02006703",80
"272387",1,1,1,7.846,3954,269,253,0.03225,1463,170,17369,"E02006702 E02006704",269
"272388",1,1,1,3.19,1194,99,60,0.01881,595,33,4100,"E02006702 E02006705",99
"272389",1,1,1,4.452,1598,142,74,0.01662,830,42,5854,"E02006702 E02006706",142
"272390",1,1,1,5.188,2154,161,114,0.02197,967,62,10386,"E02006702 E02006707",161
"272391",1,1,1,5.951,2376,189,112,0.01882,1109,75,9989,"E02006702 E02006708",189
"272392",1,1,1,6.827,2782,187,114,0.0167,1273,72,15028,"E02006702 E02006709",187
"272393",1,1,1,14.767,7206,490,415,0.0281,2753,291,39839,"E02006702 E02006721",490
"272394",1,1,1,12.831,6388,422,366,0.02852,2392,244,36477,"E02006702 E02006724",422
"272395",1,1,1,17.293,8190,507,417,0.02411,3224,299,61629,"E02006702 E02006725",507
"272396",1,1,1,16.781,8178,422,494,0.02944,3128,313,113099,"E02006702 E02006727",422
"272397",1,1,1,18.326,8910,465,504,0.0275,3416,340,112528,"E02006702 E02006729",465
"272398",1,1,1,24.02,10442,626,448,0.01865,4478,350,48793,"E02006702 E02006736",626
"272402",1,1,1,14.243,5944,475,315,0.02212,2655,221,42393,"E02006702 E02006748",475
"272403",1,1,1,16.484,6904,462,317,0.01923,3073,228,57018,"E02006702 E02006749",462
"272404",1,1,1,15.725,6526,431,323,0.02054,2931,225,20318,"E02006702 E02006750",431
"272405",1,1,1,15.894,6934,299,344,0.02164,2963,243,44557,"E02006702 E02006767",299
"272406",1,1,1,16.038,6856,352,355,0.02213,2990,240,51865,"E02006702 E02006770",352
"272440",1,1,1,6.837,3438,263,239,0.03496,1274,151,14480,"E02006703 E02006704",263
"272441",1,1,1,3.338,1280,104,72,0.02157,622,36,5662,"E02006703 E02006705",104
"272442",1,1,1,3.758,1530,125,80,0.02129,701,33,7082,"E02006703 E02006706",125
"272443",1,1,1,3.929,1524,135,78,0.01985,732,35,12714,"E02006703 E02006707",135
"272444",1,1,1,4.988,2048,164,96,0.01925,930,57,9125,"E02006703 E02006708",164
"272445",1,1,1,5.526,2104,151,84,0.0152,1030,45,20361,"E02006703 E02006709",151
"272446",1,1,1,13.251,6324,462,369,0.02785,2470,256,36206,"E02006703 E02006721",462
"272447",1,1,1,10.947,5276,379,320,0.02923,2041,207,29352,"E02006703 E02006724",379
"272448",1,1,1,15.409,7078,464,371,0.02408,2872,262,54504,"E02006703 E02006725",464
"272449",1,1,1,14.897,7066,379,448,0.03007,2777,276,105974,"E02006703 E02006727",379
"272450",1,1,1,16.442,7798,422,458,0.02786,3065,303,105403,"E02006703 E02006729",422
"272451",1,1,1,13.741,6502,374,404,0.0294,2561,260,83157,"E02006703 E02006730",374
"272452",1,1,1,11.929,5706,376,318,0.02666,2224,230,27260,"E02006703 E02006731",376
"272453",1,1,1,21.924,9780,595,398,0.01815,4087,312,76220,"E02006703 E02006736",595
"272457",1,1,1,15.295,6302,430,303,0.01981,2851,222,54725,"E02006703 E02006748",430
"272458",1,1,1,15.521,6576,437,301,0.01939,2893,209,56154,"E02006703 E02006749",437
"272459",1,1,1,13.629,5864,400,273,0.02003,2541,187,47745,"E02006703 E02006750",400
"272460",1,1,1,19.942,8824,535,382,0.01916,3717,290,65570,"E02006703 E02006753",535
"272496",1,1,1,8.58,4094,300,249,0.02902,1599,170,17387,"E02006704 E02006705",300
"272497",1,1,1,8.982,4336,319,257,0.02861,1674,167,18777,"E02006704 E02006706",319
"272498",1,1,1,9.99,4734,401,285,0.02853,1862,193,20045,"E02006704 E02006708",401
"272499",1,1,1,10.097,4590,397,279,0.02763,1882,183,21575,"E02006704 E02006709",397
"272500",1,1,1,7.061,3328,248,166,0.02351,1316,125,22789,"E02006704 E02006721",248
"272501",1,1,1,6.486,3284,269,163,0.02513,1209,122,23445,"E02006704 E02006724",269
"272502",1,1,1,10.092,4510,347,200,0.01982,1881,159,28746,"E02006704 E02006725",347
"272503",1,1,1,7.561,4154,299,223,0.02949,1409,172,26470,"E02006704 E02006726",299
"272504",1,1,1,9.824,4572,364,227,0.02311,1831,160,57856,"E02006704 E02006727",364
"272505",1,1,1,11.649,5216,410,225,0.01931,2172,184,32896,"E02006704 E02006729",410
"272506",1,1,1,9.35,4618,371,239,0.02556,1743,169,28982,"E02006704 E02006730",371
"272510",1,1,1,20.537,9116,626,480,0.02337,3828,356,66450,"E02006704 E02006748",626
"272533",1,1,1,1.588,548,50,20,0.01259,296,14,2281,"E02006705 E02006706",50
"272534",1,1,1,2.681,1254,80,68,0.02536,500,41,7208,"E02006705 E02006707",80
"272535",1,1,1,3.087,1326,97,58,0.01879,575,48,6416,"E02006705 E02006708",97
"272536",1,1,1,4.462,1814,142,62,0.0139,832,56,10046,"E02006705 E02006709",142
"272537",1,1,1,14.07,7022,476,381,0.02708,2623,291,38140,"E02006705 E02006721",476
"272538",1,1,1,11.766,5974,393,332,0.02822,2193,241,31286,"E02006705 E02006724",393
"272539",1,1,1,16.228,7776,478,383,0.0236,3025,296,56438,"E02006705 E02006725",478
"272540",1,1,1,15.045,7536,282,464,0.03084,2805,299,182301,"E02006705 E02006727",282
"272541",1,1,1,16.59,8268,325,474,0.02857,3093,326,181730,"E02006705 E02006729",325
"272542",1,1,1,13.889,6972,277,420,0.03024,2589,284,159484,"E02006705 E02006730",277
"272543",1,1,1,20.023,9058,528,360,0.01798,3733,303,73511,"E02006705 E02006736",528
"272544",1,1,1,20.69,9392,540,383,0.01851,3857,330,75112,"E02006705 E02006738",540
"272545",1,1,1,21.266,9290,547,374,0.01759,3964,312,80895,"E02006705 E02006740",547
"272546",1,1,1,22.592,10492,624,445,0.0197,4211,373,79344,"E02006705 E02006743",624
"272549",1,1,1,12.616,5334,337,247,0.01958,2352,198,50222,"E02006705 E02006748",337
"272550",1,1,1,13.62,5854,370,263,0.01931,2539,200,53445,"E02006705 E02006749",370
"272551",1,1,1,11.728,5142,333,235,0.02004,2186,178,45036,"E02006705 E02006750",333
"272552",1,1,1,12.234,5442,351,239,0.01954,2281,186,45940,"E02006705 E02006751",351
"272553",1,1,1,18.041,8102,468,344,0.01907,3363,280,62861,"E02006705 E02006753",468
"272554",1,1,1,19.878,8632,570,404,0.02032,3705,330,41078,"E02006705 E02006754",570
"272555",1,1,1,17.748,8070,349,384,0.02164,3308,300,49958,"E02006705 E02006767",349
"272574",1,1,1,2.213,1062,96,42,0.01898,413,41,5661,"E02006706 E02006707",96
"272575",1,1,1,1.843,920,74,40,0.0217,344,38,5348,"E02006706 E02006708",74
"272576",1,1,1,3.218,1408,119,44,0.01367,600,47,8978,"E02006706 E02006709",119
"272577",1,1,1,13.247,7100,454,375,0.02831,2469,285,39794,"E02006706 E02006721",454
"272578",1,1,1,11.93,6266,357,316,0.02649,2224,250,104349,"E02006706 E02006724",357
"272579",1,1,1,16.325,8130,335,455,0.02787,3043,330,181505,"E02006706 E02006725",335
"272580",1,1,1,14.816,7490,302,452,0.03051,2762,305,183564,"E02006706 E02006727",302
"272581",1,1,1,16.361,8222,345,462,0.02824,3050,332,182993,"E02006706 E02006729",345
"272582",1,1,1,18.779,8652,505,342,0.01821,3501,293,72443,"E02006706 E02006736",505
"272583",1,1,1,21.348,10086,601,427,0.02,3980,364,78276,"E02006706 E02006743",601
"272584",1,1,1,20.898,9672,584,409,0.01957,3896,338,78681,"E02006706 E02006744",584
"272585",1,1,1,22.652,10296,627,409,0.01806,4223,353,94335,"E02006706 E02006746",627
"272586",1,1,1,11.615,5042,315,237,0.0204,2165,194,52640,"E02006706 E02006748",315
"272587",1,1,1,12.376,5448,347,245,0.0198,2307,190,52377,"E02006706 E02006749",347
"272588",1,1,1,10.484,4736,310,217,0.0207,1954,169,43968,"E02006706 E02006750",310
"272589",1,1,1,10.99,5036,328,221,0.02011,2049,176,44872,"E02006706 E02006751",328
"272590",1,1,1,18.634,8226,547,386,0.02071,3474,320,40010,"E02006706 E02006754",547
"272618",1,1,1,2.506,1200,92,38,0.01516,467,43,7011,"E02006707 E02006708",92
"272619",1,1,1,2.535,1038,97,34,0.01341,473,33,5538,"E02006707 E02006709",97
"272620",1,1,1,12.096,6342,443,329,0.0272,2255,257,31703,"E02006707 E02006721",443
"272621",1,1,1,13.022,6364,441,332,0.0255,2427,257,51607,"E02006707 E02006722",441
"272622",1,1,1,10.349,5384,407,296,0.0286,1929,227,29465,"E02006707 E02006724",407
"272623",1,1,1,14.811,7186,492,347,0.02343,2761,282,54617,"E02006707 E02006725",492
"272624",1,1,1,13.859,6982,349,414,0.02987,2583,283,130593,"E02006707 E02006727",349
"272625",1,1,1,15.404,7714,392,424,0.02753,2871,310,130022,"E02006707 E02006729",392
"272626",1,1,1,11.093,5894,328,328,0.02957,2068,251,72868,"E02006707 E02006731",328
"272627",1,1,1,19.373,8892,543,322,0.01662,3611,290,79700,"E02006707 E02006736",543
"272628",1,1,1,20.616,9124,562,336,0.0163,3843,299,87084,"E02006707 E02006740",562
"272629",1,1,1,21.942,10326,639,407,0.01855,4090,360,85533,"E02006707 E02006743",639
"272630",1,1,1,21.492,9912,622,389,0.0181,4006,334,85938,"E02006707 E02006744",622
"272631",1,1,1,23.246,10536,665,389,0.01673,4333,350,101592,"E02006707 E02006746",665
"272632",1,1,1,13.744,6038,400,277,0.02015,2562,231,58055,"E02006707 E02006748",400
"272633",1,1,1,12.97,5688,385,225,0.01735,2418,187,59634,"E02006707 E02006749",385
"272634",1,1,1,11.078,4976,348,197,0.01778,2065,165,51225,"E02006707 E02006750",348
"272635",1,1,1,17.391,7936,483,306,0.0176,3242,267,69050,"E02006707 E02006753",483
"272636",1,1,1,17.571,8144,480,413,0.0235,3275,321,98102,"E02006707 E02006770",480
"272665",1,1,1,1.228,572,67,32,0.02606,229,18,2311,"E02006708 E02006709",67
"272667",1,1,1,13.155,6908,478,355,0.02699,2452,276,34111,"E02006708 E02006721",478
"272668",1,1,1,14.081,6930,476,358,0.02542,2625,276,54015,"E02006708 E02006722",476
"272669",1,1,1,11.408,5950,442,322,0.02823,2127,246,31873,"E02006708 E02006724",442
"272670",1,1,1,15.87,7752,527,373,0.0235,2958,301,57025,"E02006708 E02006725",527
"272671",1,1,1,14.918,7548,384,440,0.02949,2781,302,133001,"E02006708 E02006727",384
"272672",1,1,1,16.463,8280,427,450,0.02733,3069,329,132430,"E02006708 E02006729",427
"272673",1,1,1,18.069,8032,440,340,0.01882,3368,272,73295,"E02006708 E02006734",440
"272674",1,1,1,18.236,8366,472,336,0.01843,3399,282,69448,"E02006708 E02006736",472
"272675",1,1,1,19.479,8598,491,350,0.01797,3631,291,76832,"E02006708 E02006740",491
"272676",1,1,1,20.805,9800,568,421,0.02024,3878,352,75281,"E02006708 E02006743",568
"272677",1,1,1,20.355,9386,551,403,0.0198,3794,326,75686,"E02006708 E02006744",551
"272678",1,1,1,22.109,10010,594,403,0.01823,4121,342,91340,"E02006708 E02006746",594
"272679",1,1,1,12.232,5368,384,253,0.02068,2280,208,21291,"E02006708 E02006748",384
"272680",1,1,1,11.833,5162,314,239,0.0202,2206,179,49382,"E02006708 E02006749",314
"272681",1,1,1,9.941,4450,277,211,0.02123,1853,157,40973,"E02006708 E02006750",277
"272682",1,1,1,10.447,4750,295,215,0.02058,1947,165,41877,"E02006708 E02006751",295
"272683",1,1,1,16.254,7410,412,320,0.01969,3030,259,58798,"E02006708 E02006753",412
"272684",1,1,1,17.727,7748,536,366,0.02065,3305,301,34734,"E02006708 E02006754",536
"272685",1,1,1,18.371,8714,395,474,0.0258,3425,362,74107,"E02006708 E02006767",395
"272715",1,1,1,13.407,7008,473,353,0.02633,2499,287,34883,"E02006709 E02006721",473
"272716",1,1,1,11.66,6050,437,320,0.02744,2174,257,32645,"E02006709 E02006724",437
"272717",1,1,1,16.122,7852,522,371,0.02301,3005,312,57797,"E02006709 E02006725",522
"272718",1,1,1,15.17,7648,379,438,0.02887,2828,313,133773,"E02006709 E02006727",379
"272719",1,1,1,16.715,8380,422,448,0.0268,3116,340,133202,"E02006709 E02006729",422
"272720",1,1,1,14.014,7084,374,394,0.02811,2612,297,110956,"E02006709 E02006730",374
"272721",1,1,1,13.382,6794,318,340,0.02541,2495,301,28187,"E02006709 E02006733",318
"272722",1,1,1,17.775,8242,487,304,0.0171,3313,273,74902,"E02006709 E02006736",487
"272723",1,1,1,19.018,8474,506,318,0.01672,3545,282,82286,"E02006709 E02006740",506
"272724",1,1,1,20.344,9676,583,389,0.01912,3792,343,80735,"E02006709 E02006743",583
"272725",1,1,1,19.894,9262,566,371,0.01865,3708,317,81140,"E02006709 E02006744",566
"272726",1,1,1,21.648,9886,609,371,0.01714,4035,333,96794,"E02006709 E02006746",609
"272727",1,1,1,11.935,5372,382,235,0.01969,2225,201,40518,"E02006709 E02006748",382
"272728",1,1,1,11.372,5038,329,207,0.0182,2120,170,54836,"E02006709 E02006749",329
"272729",1,1,1,9.48,4326,292,179,0.01888,1767,148,46427,"E02006709 E02006750",292
"272730",1,1,1,15.793,7286,427,288,0.01824,2944,250,64252,"E02006709 E02006753",427
"272731",1,1,1,17.397,7610,515,346,0.01989,3243,296,36130,"E02006709 E02006754",515
"272744",1,1,1,19.616,10340,592,785,0.04002,3657,481,56788,"E02006710 E02006711",592
"272764",1,1,1,25.086,13240,572,977,0.03895,4676,604,103968,"E02006710 E02006775",572
"272766",1,1,1,19.885,10438,419,753,0.03787,3707,478,84764,"E02006710 E02006777",419
"272767",1,1,1,23.66,11964,699,902,0.03812,4410,541,79214,"E02006710 E02006779",699
"272773",1,1,1,13.058,5384,404,235,0.018,2434,200,29009,"E02006711 E02006712",404
"272774",1,1,1,21.848,9384,569,353,0.01616,4073,350,64902,"E02006711 E02006713",569
"272775",1,1,1,18.753,7912,480,234,0.01248,3496,267,55487,"E02006711 E02006714",480
"272776",1,1,1,20.212,8120,510,225,0.01113,3768,272,67451,"E02006711 E02006717",510
"272777",1,1,1,25.103,10458,649,302,0.01203,4679,372,68952,"E02006711 E02006718",649
"272778",1,1,1,24.506,11500,655,483,0.01971,4568,461,82651,"E02006711 E02006719",655
"272782",1,1,1,13.688,5976,268,287,0.02097,2552,211,96378,"E02006711 E02006734",268
"272783",1,1,1,16.339,7436,454,277,0.01695,3046,251,43668,"E02006711 E02006736",454
"272784",1,1,1,14.459,6312,402,238,0.01646,2695,212,36723,"E02006711 E02006737",402
"272785",1,1,1,14.937,6578,403,274,0.01834,2784,244,38730,"E02006711 E02006738",403
"272786",1,1,1,10.869,4368,295,166,0.01527,2026,152,23344,"E02006711 E02006739",295
"272787",1,1,1,13.004,5236,346,193,0.01484,2424,177,33957,"E02006711 E02006740",346
"272788",1,1,1,11.981,4748,314,177,0.01477,2233,161,24506,"E02006711 E02006742",314
"272789",1,1,1,15.308,7020,409,256,0.01672,2854,246,41883,"E02006711 E02006743",409
"272790",1,1,1,13.468,5882,365,218,0.01619,2511,197,37230,"E02006711 E02006744",365
"272791",1,1,1,13.406,5496,340,181,0.0135,2499,180,32173,"E02006711 E02006745",340
"272792",1,1,1,14.567,6032,363,228,0.01565,2715,207,37321,"E02006711 E02006746",363
"272793",1,1,1,14.036,6122,261,254,0.0181,2616,224,54195,"E02006711 E02006748",261
"272794",1,1,1,12.418,5550,342,294,0.02368,2315,207,53692,"E02006711 E02006749",342
"272795",1,1,1,14.58,6764,430,336,0.02305,2718,255,58811,"E02006711 E02006750",430
"272796",1,1,1,13.305,5982,342,297,0.02232,2480,227,45575,"E02006711 E02006753",342
"272797",1,1,1,19.404,8814,506,275,0.01417,3617,287,43524,"E02006711 E02006756",506
"272799",1,1,1,19.474,9366,478,484,0.02485,3630,384,94650,"E02006711 E02006770",478
"272800",1,1,1,18.812,8926,418,466,0.02477,3507,368,88558,"E02006711 E02006772",418
"272801",1,1,1,17.424,8118,396,429,0.02462,3248,335,82326,"E02006711 E02006774",396
"272802",1,1,1,16.887,8090,386,436,0.02582,3148,344,80243,"E02006711 E02006775",386
"272803",1,1,1,18.512,8600,455,456,0.02463,3451,350,77084,"E02006711 E02006776",455
"272804",1,1,1,17.326,8868,453,554,0.03198,3230,400,66865,"E02006711 E02006777",453
"272805",1,1,1,13.067,6008,320,377,0.02885,2436,248,62193,"E02006711 E02006779",320
"272806",1,1,1,10.925,5182,218,323,0.02957,2037,223,47582,"E02006711 E02006780",218
"272813",1,1,1,11.998,5370,276,166,0.01384,2237,205,49931,"E02006712 E02006713",276
"272814",1,1,1,11.872,5276,269,155,0.01306,2213,183,35106,"E02006712 E02006714",269
"272815",1,1,1,11.791,5614,252,178,0.0151,2198,227,52368,"E02006712 E02006715",252
"272816",1,1,1,13.975,6162,306,172,0.01231,2605,224,54860,"E02006712 E02006716",306
"272817",1,1,1,13.487,5596,292,148,0.01097,2514,190,51945,"E02006712 E02006717",292
"272818",1,1,1,15.983,6944,336,207,0.01295,2979,260,58638,"E02006712 E02006718",336
"272819",1,1,1,14.656,7486,362,296,0.0202,2732,316,67680,"E02006712 E02006719",362
"272820",1,1,1,10.93,4854,268,146,0.01336,2037,163,50183,"E02006712 E02006734",268
"272821",1,1,1,12.134,6148,321,208,0.01714,2262,206,50618,"E02006712 E02006736",321
"272822",1,1,1,10.423,5054,275,171,0.01641,1943,169,44630,"E02006712 E02006737",275
"272823",1,1,1,10.537,5318,252,201,0.01908,1964,196,47055,"E02006712 E02006738",252
"272824",1,1,1,7.219,3134,156,113,0.01565,1346,115,15026,"E02006712 E02006739",156
"272825",1,1,1,8.968,3978,219,126,0.01405,1672,134,41864,"E02006712 E02006740",219
"272826",1,1,1,7.472,3104,147,96,0.01285,1393,106,31998,"E02006712 E02006742",147
"272827",1,1,1,11.103,5732,276,187,0.01684,2070,201,48833,"E02006712 E02006743",276
"272828",1,1,1,8.936,4384,236,147,0.01645,1666,148,40922,"E02006712 E02006744",236
"272829",1,1,1,7.449,3082,150,94,0.01262,1389,107,29603,"E02006712 E02006745",150
"272830",1,1,1,10.035,4534,234,157,0.01565,1871,158,41013,"E02006712 E02006746",234
"272831",1,1,1,11.297,4802,244,139,0.0123,2106,168,41396,"E02006712 E02006747",244
"272832",1,1,1,22.348,10046,403,391,0.0175,4166,392,71637,"E02006712 E02006748",403
"272833",1,1,1,19.996,8980,501,313,0.01565,3727,325,70968,"E02006712 E02006749",501
"272834",1,1,1,13.393,6156,323,188,0.01404,2497,219,60421,"E02006712 E02006753",323
"272835",1,1,1,14.636,6828,325,182,0.01244,2728,228,52023,"E02006712 E02006756",325
"272836",1,1,1,23.176,9952,461,331,0.01428,4320,361,73127,"E02006712 E02006759",461
"272844",1,1,1,5.851,2480,137,49,0.00837,1091,68,13811,"E02006713 E02006714",137
"272845",1,1,1,1.425,968,36,44,0.03088,266,49,4350,"E02006713 E02006715",36
"272846",1,1,1,1.895,848,65,20,0.01055,353,20,2800,"E02006713 E02006716",65
"272847",1,1,1,13.035,5428,283,148,0.01135,2430,166,61588,"E02006713 E02006717",283
"272848",1,1,1,3.35,1572,115,67,0.02,624,55,7111,"E02006713 E02006718",115
"272849",1,1,1,3.516,2334,100,124,0.03527,655,114,14973,"E02006713 E02006719",100
"272850",1,1,1,13.234,5562,267,198,0.01496,2467,180,27816,"E02006713 E02006720",267
"272851",1,1,1,15.421,7454,388,244,0.01582,2875,235,58449,"E02006713 E02006736",388
"272852",1,1,1,13.71,6360,342,207,0.0151,2556,199,52461,"E02006713 E02006737",342
"272853",1,1,1,12.132,5136,282,195,0.01607,2262,177,47177,"E02006713 E02006739",282
"272854",1,1,1,12.255,5284,286,162,0.01322,2284,163,49695,"E02006713 E02006740",286
"272855",1,1,1,11.104,4780,247,134,0.01207,2070,140,47600,"E02006713 E02006742",247
"272856",1,1,1,13.546,6554,319,227,0.01676,2525,221,53147,"E02006713 E02006743",319
"272857",1,1,1,11.196,5038,254,169,0.01509,2087,160,45934,"E02006713 E02006744",254
"272858",1,1,1,9.233,3918,201,126,0.01365,1721,115,43336,"E02006713 E02006745",201
"272859",1,1,1,11.414,5168,240,167,0.01463,2128,159,45393,"E02006713 E02006746",240
"272860",1,1,1,16.68,7462,390,224,0.01343,3109,248,68252,"E02006713 E02006753",390
"272861",1,1,1,22.724,9784,452,331,0.01457,4236,337,82770,"E02006713 E02006759",452
"272869",1,1,1,6.988,3660,165,89,0.01274,1303,142,20403,"E02006714 E02006715",165
"272870",1,1,1,5.823,2632,122,39,0.0067,1085,85,10380,"E02006714 E02006716",122
"272871",1,1,1,9.76,4154,250,87,0.00891,1819,129,37689,"E02006714 E02006717",250
"272872",1,1,1,7.26,3258,184,74,0.01019,1353,117,14862,"E02006714 E02006718",184
"272873",1,1,1,8.343,4366,206,119,0.01426,1555,180,17964,"E02006714 E02006719",206
"272874",1,1,1,16.143,7068,377,259,0.01604,3009,255,45603,"E02006714 E02006720",377
"272875",1,1,1,10.942,4886,302,121,0.01106,2040,155,34115,"E02006714 E02006734",302
"272876",1,1,1,12.146,6180,355,183,0.01507,2264,198,34550,"E02006714 E02006736",355
"272877",1,1,1,10.435,5086,309,146,0.01399,1945,162,28562,"E02006714 E02006737",309
"272878",1,1,1,10.549,5350,286,176,0.01668,1966,188,30987,"E02006714 E02006738",286
"272879",1,1,1,8.525,3906,219,82,0.00962,1589,121,29560,"E02006714 E02006739",219
"272880",1,1,1,8.98,4010,253,101,0.01125,1674,126,25796,"E02006714 E02006740",253
"272881",1,1,1,7.829,3506,214,73,0.00932,1459,103,23701,"E02006714 E02006742",214
"272882",1,1,1,10.271,5280,286,166,0.01616,1915,184,29248,"E02006714 E02006743",286
"272883",1,1,1,7.921,3764,221,108,0.01363,1477,124,22035,"E02006714 E02006744",221
"272884",1,1,1,5.958,2644,168,65,0.01091,1111,78,19437,"E02006714 E02006745",168
"272885",1,1,1,8.139,3894,207,106,0.01302,1517,122,21494,"E02006714 E02006746",207
"272886",1,1,1,24.659,11042,522,322,0.01306,4597,391,147062,"E02006714 E02006748",522
"272887",1,1,1,13.405,6188,357,163,0.01216,2499,211,44353,"E02006714 E02006753",357
"272888",1,1,1,10.909,5386,283,121,0.01109,2034,167,37767,"E02006714 E02006756",283
"272889",1,1,1,23.519,10056,536,256,0.01088,4384,332,77658,"E02006714 E02006757",536
"272890",1,1,1,19.449,8510,419,270,0.01388,3626,300,58871,"E02006714 E02006759",419
"272891",1,1,1,26.575,11610,722,358,0.01347,4954,418,67694,"E02006714 E02006766",722
"272903",1,1,1,3.016,1172,110,64,0.02122,562,32,4039,"E02006715 E02006716",110
"272904",1,1,1,14.178,5776,312,186,0.01312,2643,171,63319,"E02006715 E02006717",312
"272905",1,1,1,3.954,1846,123,143,0.03617,737,73,8306,"E02006715 E02006718",123
"272906",1,1,1,2.987,1932,115,122,0.04084,557,92,15523,"E02006715 E02006719",115
"272907",1,1,1,13.535,5722,262,278,0.02054,2523,194,27919,"E02006715 E02006720",262
"272908",1,1,1,15.132,6274,382,220,0.01454,2821,192,54705,"E02006715 E02006734",382
"272909",1,1,1,16.336,7568,435,282,0.01726,3045,236,55140,"E02006715 E02006736",435
"272910",1,1,1,14.625,6474,389,245,0.01675,2726,199,49152,"E02006715 E02006737",389
"272911",1,1,1,14.739,6738,366,275,0.01866,2748,225,51577,"E02006715 E02006738",366
"272912",1,1,1,11.925,4876,258,207,0.01736,2223,155,46754,"E02006715 E02006739",258
"272913",1,1,1,13.17,5398,333,200,0.01519,2455,164,46386,"E02006715 E02006740",333
"272914",1,1,1,11.808,4578,262,172,0.01457,2201,137,38718,"E02006715 E02006742",262
"272915",1,1,1,14.689,6902,348,265,0.01804,2738,226,54878,"E02006715 E02006743",348
"272916",1,1,1,12.339,5386,283,207,0.01678,2300,166,47665,"E02006715 E02006744",283
"272917",1,1,1,10.376,4266,230,164,0.01581,1934,120,45067,"E02006715 E02006745",230
"272918",1,1,1,12.557,5516,269,205,0.01633,2341,164,47124,"E02006715 E02006746",269
"272920",1,1,1,24.198,10400,615,387,0.01599,4511,355,75490,"E02006715 E02006749",615
"272921",1,1,1,17.595,7576,437,262,0.01489,3280,248,64943,"E02006715 E02006753",437
"272922",1,1,1,15.327,7008,345,220,0.01435,2857,209,63397,"E02006715 E02006756",345
"272923",1,1,1,23.867,10132,481,369,0.01546,4449,342,84501,"E02006715 E02006759",481
"272935",1,1,1,14.959,5972,367,126,0.00842,2789,196,46292,"E02006716 E02006717",367
"272936",1,1,1,1.701,822,44,35,0.02058,317,33,2764,"E02006716 E02006718",44
"272937",1,1,1,2.548,1822,84,80,0.0314,475,95,7705,"E02006716 E02006719",84
"272938",1,1,1,11.548,4802,192,168,0.01455,2153,160,23848,"E02006716 E02006720",192
"272939",1,1,1,16.141,6704,419,160,0.00991,3009,222,42718,"E02006716 E02006734",419
"272940",1,1,1,17.345,7998,472,222,0.0128,3233,265,43153,"E02006716 E02006736",472
"272941",1,1,1,15.634,6904,426,185,0.01183,2914,228,37165,"E02006716 E02006737",426
"272942",1,1,1,13.724,5724,336,121,0.00882,2558,188,38163,"E02006716 E02006739",336
"272943",1,1,1,14.179,5828,370,140,0.00987,2643,193,34399,"E02006716 E02006740",370
"272944",1,1,1,13.028,5324,331,112,0.0086,2429,169,32304,"E02006716 E02006742",331
"272945",1,1,1,15.47,7098,403,205,0.01325,2884,251,37851,"E02006716 E02006743",403
"272946",1,1,1,13.12,5582,338,147,0.0112,2446,190,30638,"E02006716 E02006744",338
"272947",1,1,1,11.157,4462,285,104,0.00932,2080,145,28040,"E02006716 E02006745",285
"272948",1,1,1,13.338,5712,324,145,0.01087,2486,188,30097,"E02006716 E02006746",324
"272949",1,1,1,18.604,8006,474,202,0.01086,3468,278,52956,"E02006716 E02006753",474
"272950",1,1,1,16.108,7204,400,160,0.00993,3003,233,46370,"E02006716 E02006756",400
"272951",1,1,1,22.71,9180,570,231,0.01017,4233,319,80819,"E02006716 E02006759",570
"272961",1,1,1,15.773,6720,398,149,0.00945,2940,254,50299,"E02006717 E02006718",398
"272962",1,1,1,16.856,7828,420,194,0.01151,3142,316,53401,"E02006717 E02006719",420
"272963",1,1,1,13.547,5614,342,142,0.01048,2525,202,54880,"E02006717 E02006720",342
"272964",1,1,1,10.484,4702,290,122,0.01164,1954,164,42023,"E02006717 E02006734",290
"272965",1,1,1,11.132,5382,278,148,0.0133,2075,183,66435,"E02006717 E02006736",278
"272966",1,1,1,8.984,4586,260,149,0.01659,1675,163,31608,"E02006717 E02006737",260
"272967",1,1,1,9.238,4740,259,179,0.01938,1722,190,33218,"E02006717 E02006738",259
"272968",1,1,1,8.936,4140,237,111,0.01242,1666,147,34232,"E02006717 E02006739",237
"272969",1,1,1,8.522,3826,241,102,0.01197,1589,135,33704,"E02006717 E02006740",241
"272970",1,1,1,9.796,4868,240,141,0.01439,1826,185,61832,"E02006717 E02006741",240
"272971",1,1,1,9.261,3984,244,64,0.00691,1726,133,38641,"E02006717 E02006742",244
"272972",1,1,1,8.616,4378,240,97,0.01126,1606,160,44417,"E02006717 E02006743",240
"272973",1,1,1,6.585,3056,180,81,0.0123,1228,114,25685,"E02006717 E02006744",180
"272974",1,1,1,7.39,3122,198,56,0.00758,1378,109,34377,"E02006717 E02006745",198
"272975",1,1,1,6.244,2802,162,71,0.01137,1164,102,24495,"E02006717 E02006746",162
"272976",1,1,1,4.888,2106,156,31,0.00634,911,75,18150,"E02006717 E02006747",156
"272977",1,1,1,24.201,10858,510,323,0.01335,4511,400,154970,"E02006717 E02006748",510
"272978",1,1,1,19.55,8828,523,289,0.01478,3644,326,62808,"E02006717 E02006749",523
"272979",1,1,1,12.947,6004,345,164,0.01267,2413,219,52261,"E02006717 E02006753",345
"272980",1,1,1,7.229,3658,251,78,0.01079,1348,123,13187,"E02006717 E02006756",251
"272981",1,1,1,18.397,7882,446,235,0.01277,3429,273,49745,"E02006717 E02006757",446
"272982",1,1,1,13.695,5920,250,209,0.01526,2553,227,21301,"E02006717 E02006759",250
"272983",1,1,1,19.26,8270,449,243,0.01262,3590,309,49382,"E02006717 E02006766",449
"272993",1,1,1,1.791,1490,55,71,0.03964,334,80,5700,"E02006718 E02006719",55
"272994",1,1,1,9.847,3982,150,133,0.01351,1836,127,21084,"E02006718 E02006720",150
"272995",1,1,1,16.947,7016,439,171,0.01009,3159,231,43884,"E02006718 E02006734",439
"272996",1,1,1,18.151,8310,492,233,0.01284,3384,274,44319,"E02006718 E02006736",492
"272997",1,1,1,14.53,6036,356,132,0.00908,2709,197,39329,"E02006718 E02006739",356
"272998",1,1,1,14.985,6140,390,151,0.01008,2793,203,35565,"E02006718 E02006740",390
"272999",1,1,1,16.276,7410,423,216,0.01327,3034,260,39017,"E02006718 E02006743",423
"273000",1,1,1,13.926,5894,358,158,0.01135,2596,200,31804,"E02006718 E02006744",358
"273001",1,1,1,11.963,4774,305,115,0.00961,2230,154,29206,"E02006718 E02006745",305
"273002",1,1,1,14.144,6024,344,156,0.01103,2637,198,31263,"E02006718 E02006746",344
"273004",1,1,1,21.92,8842,518,228,0.0104,4086,304,79307,"E02006718 E02006759",518
"273021",1,1,1,10.684,4128,175,198,0.01853,1992,122,21086,"E02006719 E02006720",175
"273022",1,1,1,18.314,7360,489,236,0.01289,3414,235,45445,"E02006719 E02006734",489
"273023",1,1,1,19.518,8654,542,298,0.01527,3638,279,45880,"E02006719 E02006736",542
"273024",1,1,1,14.79,6370,368,325,0.02197,2757,215,56185,"E02006719 E02006739",368
"273025",1,1,1,16.352,6484,440,216,0.01321,3048,207,37126,"E02006719 E02006740",440
"273026",1,1,1,15.201,5980,401,188,0.01237,2834,183,35031,"E02006719 E02006742",401
"273027",1,1,1,17.643,7754,473,281,0.01593,3289,264,40578,"E02006719 E02006743",473
"273028",1,1,1,15.293,6238,408,223,0.01458,2851,204,33365,"E02006719 E02006744",408
"273029",1,1,1,13.33,5118,355,180,0.0135,2485,159,30767,"E02006719 E02006745",355
"273030",1,1,1,15.511,6368,394,221,0.01425,2891,202,32824,"E02006719 E02006746",394
"273031",1,1,1,20.777,8662,544,278,0.01338,3873,291,55683,"E02006719 E02006753",544
"273032",1,1,1,18.281,7860,470,236,0.01291,3408,247,49097,"E02006719 E02006756",470
"273033",1,1,1,22.99,9362,535,323,0.01405,4286,310,76909,"E02006719 E02006759",535
"273058",1,1,1,23.577,10100,620,254,0.01077,4395,367,89828,"E02006720 E02006734",620
"273059",1,1,1,24.225,10780,608,280,0.01156,4516,387,114240,"E02006720 E02006736",608
"273060",1,1,1,22.331,10138,589,311,0.01393,4163,393,81023,"E02006720 E02006738",589
"273061",1,1,1,21.378,9472,543,295,0.0138,3985,351,68561,"E02006720 E02006739",543
"273062",1,1,1,21.615,9224,571,234,0.01083,4029,339,81509,"E02006720 E02006740",571
"273063",1,1,1,21.709,9776,570,229,0.01055,4047,363,92222,"E02006720 E02006743",570
"273064",1,1,1,19.678,8454,510,213,0.01082,3668,317,73490,"E02006720 E02006744",510
"273065",1,1,1,18.811,8210,492,278,0.01478,3507,309,58438,"E02006720 E02006745",492
"273066",1,1,1,19.337,8200,492,203,0.0105,3605,306,72300,"E02006720 E02006746",492
"273068",1,1,1,22.007,9290,582,231,0.0105,4102,329,84271,"E02006720 E02006757",582
"273069",1,1,1,16.089,6804,421,187,0.01162,2999,251,66212,"E02006720 E02006759",421
"273071",1,1,1,18.329,7938,476,235,0.01282,3417,288,48077,"E02006720 E02006766",476
"273094",1,1,1,2.489,1088,96,39,0.01567,464,32,4256,"E02006721 E02006722",96
"273095",1,1,1,4.588,2494,200,96,0.02092,855,86,10515,"E02006721 E02006723",200
"273096",1,1,1,2.797,1604,96,65,0.02324,521,54,4630,"E02006721 E02006724",96
"273097",1,1,1,4.051,1688,138,60,0.01481,755,54,7734,"E02006721 E02006725",138
"273098",1,1,1,4.086,2752,149,105,0.0257,762,98,8489,"E02006721 E02006726",149
"273099",1,1,1,3.841,1758,146,81,0.02109,716,54,17888,"E02006721 E02006727",146
"273100",1,1,1,5.171,3390,216,173,0.03346,964,143,9756,"E02006721 E02006728",216
"273101",1,1,1,5.608,2394,201,85,0.01516,1045,80,11884,"E02006721 E02006729",201
"273102",1,1,1,5.063,2506,161,95,0.01876,944,78,8078,"E02006721 E02006730",161
"273103",1,1,1,5.725,3376,225,211,0.03686,1067,146,16050,"E02006721 E02006731",225
"273104",1,1,1,6.446,3694,259,189,0.02932,1202,146,16343,"E02006721 E02006732",259
"273105",1,1,1,8.259,4382,239,187,0.02264,1540,168,52545,"E02006721 E02006733",239
"273108",1,1,1,24.083,10972,738,506,0.02101,4489,405,41151,"E02006721 E02006748",738
"273126",1,1,1,5.655,2912,232,103,0.01821,1054,111,32249,"E02006722 E02006723",232
"273127",1,1,1,3.109,1590,115,52,0.01673,580,65,21315,"E02006722 E02006724",115
"273128",1,1,1,2.849,1274,98,27,0.00948,531,42,4614,"E02006722 E02006725",98
"273129",1,1,1,4.624,2726,189,118,0.02552,862,123,27981,"E02006722 E02006726",189
"273130",1,1,1,2.847,1276,127,56,0.01967,531,45,15668,"E02006722 E02006727",127
"273131",1,1,1,6.336,3594,263,152,0.02399,1181,160,31146,"E02006722 E02006728",263
"273132",1,1,1,4.392,2008,170,66,0.01503,819,72,15097,"E02006722 E02006729",170
"273133",1,1,1,5.039,2486,206,112,0.02223,939,99,29391,"E02006722 E02006730",206
"273134",1,1,1,6.129,3388,237,198,0.03231,1143,158,37418,"E02006722 E02006731",237
"273135",1,1,1,6.629,3620,255,162,0.02444,1236,151,31715,"E02006722 E02006732",255
"273136",1,1,1,8.637,4412,237,182,0.02107,1610,184,76800,"E02006722 E02006733",237
"273137",1,1,1,25.077,11346,772,499,0.0199,4675,425,62755,"E02006722 E02006748",772
"273168",1,1,1,2.733,1448,156,63,0.02305,509,54,6436,"E02006723 E02006724",156
"273169",1,1,1,7.195,3250,241,114,0.01584,1341,108,31588,"E02006723 E02006725",241
"273170",1,1,1,3.288,1950,145,107,0.03254,613,93,7560,"E02006723 E02006726",145
"273171",1,1,1,6.758,3098,240,141,0.02086,1260,105,42210,"E02006723 E02006727",240
"273172",1,1,1,2.581,1584,125,61,0.02363,481,77,5957,"E02006723 E02006728",125
"273173",1,1,1,8.303,3830,283,151,0.01819,1548,132,41639,"E02006723 E02006729",283
"273174",1,1,1,5.597,2782,258,139,0.02483,1043,101,11973,"E02006723 E02006730",258
"273175",1,1,1,4.953,2630,211,143,0.02887,923,116,9656,"E02006723 E02006731",211
"273176",1,1,1,5.066,2542,211,119,0.02349,944,107,9583,"E02006723 E02006732",211
"273177",1,1,1,7.45,3654,264,137,0.01839,1389,147,21122,"E02006723 E02006733",264
"273180",1,1,1,21,9014,636,406,0.01933,3915,339,36139,"E02006723 E02006748",636
"273181",1,1,1,14.868,6584,430,327,0.02199,2772,263,35269,"E02006723 E02006755",430
"273197",1,1,1,4.851,2074,169,69,0.01422,904,66,18546,"E02006724 E02006725",169
"273198",1,1,1,1.713,1220,85,72,0.04203,319,62,6763,"E02006724 E02006726",85
"273199",1,1,1,3.917,1778,142,108,0.02757,730,60,29881,"E02006724 E02006727",142
"273200",1,1,1,3.425,2088,159,106,0.03095,638,99,9928,"E02006724 E02006728",159
"273201",1,1,1,5.462,2510,185,118,0.0216,1018,87,29310,"E02006724 E02006729",185
"273202",1,1,1,3.062,1418,113,82,0.02678,571,52,5634,"E02006724 E02006730",113
"273203",1,1,1,3.31,1916,145,124,0.03746,617,88,9553,"E02006724 E02006731",145
"273204",1,1,1,3.718,2114,151,116,0.0312,693,91,10497,"E02006724 E02006732",151
"273205",1,1,1,5.852,3038,199,120,0.02051,1091,120,21136,"E02006724 E02006733",199
"273209",1,1,1,22.166,9840,668,453,0.02044,4132,365,41537,"E02006724 E02006748",668
"273210",1,1,1,13.104,5834,380,254,0.01938,2443,206,46693,"E02006724 E02006755",380
"273236",1,1,1,6.116,3248,180,131,0.02142,1140,137,32379,"E02006725 E02006726",180
"273237",1,1,1,3.62,1542,125,57,0.01575,675,52,20566,"E02006725 E02006727",125
"273238",1,1,1,7.828,4116,254,165,0.02108,1459,174,35544,"E02006725 E02006728",254
"273239",1,1,1,2.347,1046,98,37,0.01576,438,39,5392,"E02006725 E02006729",98
"273240",1,1,1,5.641,2618,191,83,0.01471,1052,90,11873,"E02006725 E02006730",191
"273241",1,1,1,7.065,3500,229,131,0.01854,1317,137,17186,"E02006725 E02006731",229
"273242",1,1,1,8.121,4142,246,175,0.02155,1514,165,36113,"E02006725 E02006732",246
"273243",1,1,1,8.489,4232,248,151,0.01779,1582,170,33153,"E02006725 E02006733",248
"273247",1,1,1,26.569,11868,763,512,0.01927,4953,439,67153,"E02006725 E02006748",763
"273248",1,1,1,25.72,11136,611,412,0.01602,4794,385,60505,"E02006725 E02006749",611
"273249",1,1,1,15.435,6686,478,257,0.01665,2877,250,39706,"E02006725 E02006755",478
"273269",1,1,1,4.489,1916,181,130,0.02896,837,61,30345,"E02006726 E02006727",181
"273270",1,1,1,2.409,1418,89,74,0.03072,449,60,5100,"E02006726 E02006728",89
"273271",1,1,1,6.034,2648,224,140,0.0232,1125,88,29774,"E02006726 E02006729",224
"273272",1,1,1,3.865,1668,167,126,0.0326,720,68,7395,"E02006726 E02006730",167
"273273",1,1,1,2.167,1204,79,94,0.04338,404,49,4475,"E02006726 E02006731",79
"273274",1,1,1,2.575,1402,85,86,0.0334,480,51,5419,"E02006726 E02006732",85
"273275",1,1,1,4.709,2326,133,90,0.01911,878,80,16058,"E02006726 E02006733",133
"273276",1,1,1,24.988,11074,654,456,0.01825,4658,374,39864,"E02006726 E02006736",654
"273278",1,1,1,21.903,9354,628,443,0.02023,4083,341,37059,"E02006726 E02006748",628
"273306",1,1,1,4.302,2944,103,168,0.03905,802,149,67991,"E02006727 E02006728",103
"273307",1,1,1,4.894,2424,159,94,0.01921,912,93,37941,"E02006727 E02006729",159
"273308",1,1,1,2.192,1212,81,56,0.02555,409,54,13723,"E02006727 E02006730",81
"273309",1,1,1,4.07,2384,122,116,0.0285,759,110,42823,"E02006727 E02006731",122
"273310",1,1,1,4.843,3004,154,174,0.03593,903,143,44849,"E02006727 E02006732",154
"273311",1,1,1,5.494,3116,141,136,0.02475,1024,143,58790,"E02006727 E02006733",141
"273314",1,1,1,23.643,10826,665,533,0.02254,4407,434,98398,"E02006727 E02006748",665
"273344",1,1,1,7.824,3516,217,224,0.02863,1458,129,56494,"E02006728 E02006729",217
"273345",1,1,1,4.384,1910,184,144,0.03285,817,73,7662,"E02006728 E02006730",184
"273346",1,1,1,2.932,1304,116,94,0.03206,547,51,4720,"E02006728 E02006731",116
"273347",1,1,1,2.602,1174,92,86,0.03305,485,44,5847,"E02006728 E02006732",92
"273348",1,1,1,5.429,2328,169,88,0.01621,1012,81,16186,"E02006728 E02006733",169
"273349",1,1,1,22.63,9676,574,384,0.01697,4218,316,34888,"E02006728 E02006736",574
"273351",1,1,1,25.424,11186,666,459,0.01805,4739,385,42981,"E02006728 E02006743",666
"273354",1,1,1,19.443,7926,567,367,0.01888,3624,287,30654,"E02006728 E02006748",567
"273355",1,1,1,12.545,5114,326,270,0.02152,2339,192,29714,"E02006728 E02006755",326
"273385",1,1,1,4.341,2098,143,78,0.01797,809,77,8771,"E02006729 E02006730",143
"273386",1,1,1,5.765,2980,181,126,0.02186,1075,123,14084,"E02006729 E02006731",181
"273387",1,1,1,6.538,3600,213,184,0.02814,1219,156,16110,"E02006729 E02006732",213
"273388",1,1,1,7.189,3712,200,146,0.02031,1340,156,30051,"E02006729 E02006733",200
"273391",1,1,1,26.314,12166,728,631,0.02398,4905,488,61563,"E02006729 E02006748",728
"273392",1,1,1,14.135,6166,430,252,0.01783,2635,236,36604,"E02006729 E02006755",430
"273415",1,1,1,2.287,1438,108,80,0.03498,426,68,7751,"E02006730 E02006731",108
"273416",1,1,1,3.06,2058,140,138,0.0451,570,101,9777,"E02006730 E02006732",140
"273417",1,1,1,3.711,2170,127,100,0.02695,692,101,23718,"E02006730 E02006733",127
"273418",1,1,1,22.836,10624,655,585,0.02562,4257,433,55230,"E02006730 E02006748",655
"273445",1,1,1,1.331,954,53,84,0.06311,248,49,3224,"E02006731 E02006732",53
"273446",1,1,1,3.465,1878,101,88,0.0254,646,78,13863,"E02006731 E02006733",101
"273448",1,1,1,21.049,9596,567,547,0.02599,3924,386,41006,"E02006731 E02006748",567
"273484",1,1,1,3.596,1850,107,84,0.02336,670,76,14714,"E02006732 E02006733",107
"273485",1,1,1,22.653,10098,609,420,0.01854,4223,346,37620,"E02006732 E02006736",609
"273488",1,1,1,20.052,8804,543,471,0.02349,3738,344,38358,"E02006732 E02006748",543
"273489",1,1,1,10.848,4646,288,218,0.0201,2022,162,40271,"E02006732 E02006755",288
"273522",1,1,1,24.141,10648,509,391,0.0162,4500,356,49032,"E02006733 E02006743",509
"273525",1,1,1,22.595,9160,481,319,0.01412,4212,309,56492,"E02006733 E02006748",481
"273526",1,1,1,16.286,6334,309,264,0.01621,3036,214,29029,"E02006733 E02006754",309
"273527",1,1,1,7.922,3190,201,170,0.02146,1477,106,25078,"E02006733 E02006755",201
"273528",1,1,1,21.073,8688,498,365,0.01732,3928,295,69232,"E02006733 E02006761",498
"273544",1,1,1,3.428,1662,83,38,0.01109,639,59,7683,"E02006734 E02006735",83
"273545",1,1,1,4.788,2378,132,46,0.00961,893,78,9647,"E02006734 E02006736",132
"273546",1,1,1,3.061,1388,77,47,0.01535,571,55,7113,"E02006734 E02006737",77
"273547",1,1,1,4.031,2034,97,67,0.01662,751,86,9105,"E02006734 E02006738",97
"273548",1,1,1,4.505,2144,129,57,0.01265,840,74,14934,"E02006734 E02006739",129
"273549",1,1,1,2.418,982,74,18,0.00744,451,32,6727,"E02006734 E02006740",74
"273550",1,1,1,5.097,2730,165,103,0.02021,950,116,10967,"E02006734 E02006741",165
"273551",1,1,1,5.063,2216,144,56,0.01106,944,73,13457,"E02006734 E02006742",144
"273552",1,1,1,5.422,2994,133,135,0.0249,1011,128,14024,"E02006734 E02006743",133
"273553",1,1,1,4.328,2034,157,47,0.01086,807,71,14216,"E02006734 E02006744",157
"273554",1,1,1,5.482,2442,164,60,0.01094,1022,81,22046,"E02006734 E02006745",164
"273555",1,1,1,5.048,2394,177,71,0.01406,941,83,21235,"E02006734 E02006746",177
"273556",1,1,1,13.881,6224,223,203,0.01462,2588,238,113182,"E02006734 E02006748",223
"273557",1,1,1,9.893,4466,246,173,0.01749,1844,173,24169,"E02006734 E02006749",246
"273558",1,1,1,9.386,4484,209,167,0.01779,1750,172,39044,"E02006734 E02006750",209
"273559",1,1,1,8.487,4050,175,139,0.01638,1582,153,37386,"E02006734 E02006751",175
"273560",1,1,1,3.29,1642,68,48,0.01459,613,67,13622,"E02006734 E02006753",68
"273561",1,1,1,10.4,4986,266,146,0.01404,1939,176,33300,"E02006734 E02006754",266
"273562",1,1,1,10.203,5358,314,122,0.01196,1902,166,32321,"E02006734 E02006756",314
"273563",1,1,1,21.528,9468,477,247,0.01147,4013,316,104762,"E02006734 E02006757",477
"273564",1,1,1,17.742,8106,418,283,0.01595,3307,290,62755,"E02006734 E02006759",418
"273566",1,1,1,22.056,10284,377,377,0.01709,4111,390,211068,"E02006734 E02006770",377
"273567",1,1,1,19.445,9024,351,353,0.01815,3625,342,194086,"E02006734 E02006776",351
"273568",1,1,1,16.428,7320,272,304,0.0185,3062,278,156382,"E02006734 E02006779",272
"273575",1,1,1,1.554,810,49,14,0.00901,290,22,2524,"E02006735 E02006736",49
"273576",1,1,1,2.347,1048,82,53,0.02258,438,40,3931,"E02006735 E02006737",82
"273577",1,1,1,1.495,836,45,31,0.02074,279,39,2883,"E02006735 E02006738",45
"273578",1,1,1,6.073,2768,210,109,0.01795,1132,105,13756,"E02006735 E02006739",210
"273579",1,1,1,3.356,1452,112,72,0.02145,626,54,5204,"E02006735 E02006740",112
"273580",1,1,1,2.386,1524,86,63,0.0264,445,65,6581,"E02006735 E02006741",86
"273581",1,1,1,6.631,2840,225,108,0.01629,1236,104,12279,"E02006735 E02006742",225
"273582",1,1,1,3.397,1936,129,93,0.02738,633,83,7115,"E02006735 E02006743",129
"273583",1,1,1,3.992,2148,111,107,0.0268,744,79,7824,"E02006735 E02006744",111
"273584",1,1,1,7.05,3066,245,112,0.01589,1314,112,20868,"E02006735 E02006745",245
"273585",1,1,1,5.187,2584,140,121,0.02333,967,94,10447,"E02006735 E02006746",140
"273586",1,1,1,6.688,3294,208,129,0.01929,1247,112,20755,"E02006735 E02006747",208
"273587",1,1,1,15.416,7190,366,305,0.01978,2874,284,79779,"E02006735 E02006748",366
"273588",1,1,1,9.654,4566,287,215,0.02227,1800,179,30260,"E02006735 E02006749",287
"273589",1,1,1,9.249,4420,215,191,0.02065,1724,168,30503,"E02006735 E02006750",215
"273590",1,1,1,4.354,1976,100,60,0.01378,812,74,11216,"E02006735 E02006753",100
"273591",1,1,1,9.345,5188,325,182,0.01948,1742,167,29451,"E02006735 E02006756",325
"273592",1,1,1,16.582,7192,382,205,0.01236,3091,243,85376,"E02006735 E02006759",382
"273609",1,1,1,3.435,1704,117,67,0.01951,640,57,5615,"E02006736 E02006737",117
"273610",1,1,1,2.121,1386,75,45,0.02122,395,50,5072,"E02006736 E02006738",75
"273611",1,1,1,6.287,3476,189,123,0.01956,1172,106,17768,"E02006736 E02006739",189
"273612",1,1,1,4.444,2108,147,86,0.01935,828,70,6888,"E02006736 E02006740",147
"273613",1,1,1,1.55,1234,62,35,0.02258,289,46,3682,"E02006736 E02006741",62
"273614",1,1,1,6.845,3548,204,122,0.01782,1276,105,16291,"E02006736 E02006742",204
"273615",1,1,1,2.932,1936,110,77,0.02626,547,72,7261,"E02006736 E02006743",110
"273616",1,1,1,4.063,2416,133,105,0.02584,757,78,9864,"E02006736 E02006744",133
"273617",1,1,1,6.415,3612,221,110,0.01715,1196,100,18578,"E02006736 E02006745",221
"273618",1,1,1,5.258,2852,162,119,0.02263,980,93,12487,"E02006736 E02006746",162
"273619",1,1,1,15.362,7182,392,253,0.01647,2864,274,84111,"E02006736 E02006748",392
"273620",1,1,1,9.6,4558,313,163,0.01698,1790,170,34592,"E02006736 E02006749",313
"273621",1,1,1,8.981,4300,248,151,0.01681,1674,156,17260,"E02006736 E02006750",248
"273622",1,1,1,8.296,3978,207,111,0.01338,1546,140,33177,"E02006736 E02006751",207
"273623",1,1,1,5.182,2524,129,70,0.01351,966,86,13339,"E02006736 E02006753",129
"273624",1,1,1,6.474,3258,183,108,0.01668,1207,112,23901,"E02006736 E02006754",183
"273625",1,1,1,8.811,5006,244,140,0.01589,1642,145,51357,"E02006736 E02006756",244
"273626",1,1,1,17.602,7740,394,209,0.01187,3281,251,95363,"E02006736 E02006757",394
"273628",1,1,1,15.678,6966,368,197,0.01257,2923,231,84137,"E02006736 E02006759",368
"273631",1,1,1,22.789,10612,445,405,0.01777,4248,387,195446,"E02006736 E02006776",445
"273651",1,1,1,1.552,1376,38,70,0.0451,289,55,4315,"E02006737 E02006738",38
"273652",1,1,1,4.021,2216,141,78,0.0194,750,76,11158,"E02006737 E02006739",141
"273653",1,1,1,1.568,1008,69,43,0.02742,292,31,2868,"E02006737 E02006740",69
"273654",1,1,1,3.518,2110,156,102,0.02899,656,95,7300,"E02006737 E02006741",156
"273655",1,1,1,4.579,2288,156,77,0.01682,854,75,9681,"E02006737 E02006742",156
"273656",1,1,1,3.185,2308,85,116,0.03642,594,92,8380,"E02006737 E02006743",85
"273657",1,1,1,2.727,1710,102,72,0.0264,508,57,5924,"E02006737 E02006744",102
"273658",1,1,1,4.998,2514,176,81,0.01621,932,83,18270,"E02006737 E02006745",176
"273659",1,1,1,3.76,2266,132,100,0.0266,701,74,13984,"E02006737 E02006746",132
"273660",1,1,1,5.065,2904,161,102,0.02014,944,89,18048,"E02006737 E02006747",161
"273661",1,1,1,16.722,7420,304,246,0.01471,3117,278,119225,"E02006737 E02006748",304
"273662",1,1,1,11.8,5292,309,210,0.0178,2200,200,28833,"E02006737 E02006749",309
"273663",1,1,1,10.378,5076,270,220,0.0212,1935,196,33970,"E02006737 E02006750",270
"273664",1,1,1,9.479,4642,236,192,0.02026,1767,178,32312,"E02006737 E02006751",236
"273665",1,1,1,5.197,2468,131,85,0.01636,969,94,18286,"E02006737 E02006753",131
"273666",1,1,1,9.429,4536,275,169,0.01792,1758,168,29319,"E02006737 E02006754",275
"273667",1,1,1,20.272,9510,557,379,0.0187,3779,372,113136,"E02006737 E02006755",557
"273668",1,1,1,8.915,5230,269,151,0.01694,1662,156,25070,"E02006737 E02006756",269
"273669",1,1,1,19.714,8764,501,308,0.01562,3675,311,98599,"E02006737 E02006757",501
"273670",1,1,1,16.017,7830,328,302,0.01885,2986,273,54863,"E02006737 E02006759",328
"273684",1,1,1,4.486,2176,130,118,0.0263,836,77,12201,"E02006738 E02006739",130
"273685",1,1,1,1.987,882,61,81,0.04076,370,34,3121,"E02006738 E02006740",61
"273686",1,1,1,2.104,1190,97,62,0.02947,392,51,3566,"E02006738 E02006741",97
"273687",1,1,1,5.044,2248,145,117,0.0232,940,77,10724,"E02006738 E02006742",145
"273688",1,1,1,2.328,1352,60,82,0.03522,434,57,5418,"E02006738 E02006743",60
"273689",1,1,1,2.651,1392,71,80,0.03018,494,44,5214,"E02006738 E02006744",71
"273690",1,1,1,5.443,2462,164,121,0.02223,1015,84,18433,"E02006738 E02006745",164
"273691",1,1,1,3.846,1828,100,94,0.02444,717,58,7837,"E02006738 E02006746",100
"273692",1,1,1,5.613,2608,141,112,0.01995,1046,81,13041,"E02006738 E02006747",141
"273693",1,1,1,17.748,7674,317,268,0.0151,3308,279,119833,"E02006738 E02006748",317
"273694",1,1,1,11.115,5104,327,246,0.02213,2072,195,32086,"E02006738 E02006749",327
"273695",1,1,1,10.898,4870,291,188,0.01725,2032,177,19671,"E02006738 E02006750",291
"273696",1,1,1,5.815,2514,140,91,0.01565,1084,89,13042,"E02006738 E02006753",140
"273697",1,1,1,18.858,8590,498,339,0.01798,3515,328,109402,"E02006738 E02006755",498
"273698",1,1,1,8.453,4670,246,171,0.02023,1576,142,28202,"E02006738 E02006756",246
"273699",1,1,1,18.3,7844,442,268,0.01464,3411,267,94865,"E02006738 E02006757",442
"273700",1,1,1,15.417,6974,311,308,0.01998,2874,252,46244,"E02006738 E02006759",311
"273701",1,1,1,23.312,10474,445,418,0.01793,4346,383,200737,"E02006738 E02006776",445
"273714",1,1,1,2.578,1138,81,37,0.01435,481,36,7961,"E02006739 E02006740",81
"273715",1,1,1,5.597,3324,204,136,0.0243,1043,129,16991,"E02006739 E02006741",204
"273716",1,1,1,1.342,476,24,13,0.00969,250,12,1481,"E02006739 E02006742",24
"273717",1,1,1,4.882,2922,144,100,0.02048,910,105,15887,"E02006739 E02006743",144
"273718",1,1,1,3.042,1784,100,62,0.02038,567,56,11234,"E02006739 E02006744",100
"273719",1,1,1,3.262,1344,73,19,0.00582,608,38,5083,"E02006739 E02006745",73
"273720",1,1,1,4.141,1934,98,72,0.01739,772,66,11325,"E02006739 E02006746",98
"273721",1,1,1,5.128,2390,133,70,0.01365,956,78,10506,"E02006739 E02006747",133
"273722",1,1,1,18.09,8130,335,308,0.01703,3372,316,67264,"E02006739 E02006748",335
"273723",1,1,1,13.586,6126,362,224,0.01649,2533,226,35108,"E02006739 E02006749",362
"273724",1,1,1,13.079,6144,325,218,0.01667,2438,224,49983,"E02006739 E02006750",325
"273725",1,1,1,6.983,3302,184,99,0.01418,1302,120,24561,"E02006739 E02006753",184
"273726",1,1,1,21.528,10178,554,357,0.01658,4013,377,118414,"E02006739 E02006755",554
"273727",1,1,1,8.978,4716,241,119,0.01325,1674,145,17528,"E02006739 E02006756",241
"273728",1,1,1,16.746,7818,353,306,0.01827,3122,279,63169,"E02006739 E02006759",353
"273751",1,1,1,4.024,2468,155,131,0.03255,750,112,8197,"E02006740 E02006741",155
"273752",1,1,1,3.111,1388,88,36,0.01157,580,44,7676,"E02006740 E02006742",88
"273753",1,1,1,3.293,2146,100,67,0.02035,614,83,11951,"E02006740 E02006743",100
"273754",1,1,1,1.964,1074,87,29,0.01477,366,40,7562,"E02006740 E02006744",87
"273755",1,1,1,3.51,1602,107,40,0.0114,654,51,15385,"E02006740 E02006745",107
"273756",1,1,1,2.684,1434,107,53,0.01975,500,52,14581,"E02006740 E02006746",107
"273757",1,1,1,3.989,2072,136,55,0.01379,744,66,18645,"E02006740 E02006747",136
"273758",1,1,1,15.915,7152,282,223,0.01401,2967,269,124122,"E02006740 E02006748",282
"273759",1,1,1,11.264,5122,295,189,0.01678,2100,195,31960,"E02006740 E02006749",295
"273760",1,1,1,10.757,5140,258,183,0.01701,2005,194,46835,"E02006740 E02006750",258
"273761",1,1,1,4.661,2298,117,64,0.01373,869,89,21413,"E02006740 E02006753",117
"273762",1,1,1,10.252,4954,293,186,0.01814,1911,185,30377,"E02006740 E02006754",293
"273763",1,1,1,7.839,4398,244,104,0.01327,1461,134,25667,"E02006740 E02006756",244
"273765",1,1,1,15.378,7146,348,265,0.01723,2867,259,56101,"E02006740 E02006759",348
"273789",1,1,1,6.528,3110,219,137,0.02099,1217,92,13530,"E02006741 E02006742",219
"273790",1,1,1,1.84,1082,73,62,0.0337,343,39,3293,"E02006741 E02006743",73
"273791",1,1,1,3.441,1882,120,122,0.03545,641,64,6735,"E02006741 E02006744",120
"273792",1,1,1,6.098,3174,236,125,0.0205,1137,87,15817,"E02006741 E02006745",236
"273793",1,1,1,4.636,2318,149,136,0.02934,864,78,9358,"E02006741 E02006746",149
"273794",1,1,1,4.723,2448,153,70,0.01482,880,53,6408,"E02006741 E02006747",153
"273795",1,1,1,16.509,7432,425,284,0.0172,3077,281,89508,"E02006741 E02006748",425
"273796",1,1,1,10.747,4808,346,194,0.01805,2003,176,39989,"E02006741 E02006749",346
"273797",1,1,1,10.128,4550,281,182,0.01797,1888,163,22657,"E02006741 E02006750",281
"273798",1,1,1,9.443,4228,240,142,0.01504,1760,147,38574,"E02006741 E02006751",240
"273799",1,1,1,6.584,2928,179,101,0.01534,1227,95,15659,"E02006741 E02006753",179
"273800",1,1,1,7.621,3508,216,139,0.01824,1421,119,29298,"E02006741 E02006754",216
"273801",1,1,1,17.156,7684,427,291,0.01696,3198,287,106148,"E02006741 E02006755",427
"273802",1,1,1,7.553,4078,211,135,0.01787,1408,114,45007,"E02006741 E02006756",211
"273803",1,1,1,14.674,6164,345,208,0.01417,2735,206,80385,"E02006741 E02006759",345
"273804",1,1,1,23.006,10024,582,366,0.01591,4289,362,80083,"E02006741 E02006766",582
"273805",1,1,1,24.191,11016,495,436,0.01802,4509,397,197766,"E02006741 E02006776",495
"273828",1,1,1,5.44,3134,159,99,0.0182,1014,118,15639,"E02006742 E02006743",159
"273829",1,1,1,3.6,1996,115,61,0.01694,671,69,10986,"E02006742 E02006744",115
"273830",1,1,1,2.353,1038,52,10,0.00425,439,32,4164,"E02006742 E02006745",52
"273831",1,1,1,4.699,2146,113,71,0.01511,876,79,11077,"E02006742 E02006746",113
"273832",1,1,1,5.686,2602,148,69,0.01214,1060,91,10258,"E02006742 E02006747",148
"273833",1,1,1,18.795,8368,364,257,0.01367,3504,314,127022,"E02006742 E02006748",364
"273834",1,1,1,14.144,6338,377,223,0.01577,2637,240,34860,"E02006742 E02006749",377
"273835",1,1,1,13.637,6356,340,217,0.01591,2542,238,49735,"E02006742 E02006750",340
"273836",1,1,1,7.541,3514,199,98,0.013,1406,133,24313,"E02006742 E02006753",199
"273837",1,1,1,22.086,10390,569,356,0.01612,4117,391,118166,"E02006742 E02006755",569
"273838",1,1,1,9.536,4928,256,118,0.01237,1778,159,17280,"E02006742 E02006756",256
"273839",1,1,1,17.304,8030,368,305,0.01763,3226,293,62921,"E02006742 E02006759",368
"273861",1,1,1,2.537,1252,72,76,0.02996,473,39,4890,"E02006743 E02006744",72
"273862",1,1,1,5.615,2630,180,95,0.01692,1047,71,17100,"E02006743 E02006745",180
"273863",1,1,1,3.732,1688,101,90,0.02412,696,53,7513,"E02006743 E02006746",101
"273864",1,1,1,3.295,1822,124,56,0.017,614,33,4334,"E02006743 E02006747",124
"273865",1,1,1,18.186,8250,466,304,0.01672,3390,303,94535,"E02006743 E02006748",466
"273866",1,1,1,12.424,5626,387,214,0.01722,2316,199,45016,"E02006743 E02006749",387
"273867",1,1,1,11.805,5368,322,202,0.01711,2201,186,27684,"E02006743 E02006750",322
"273868",1,1,1,7.751,3492,227,153,0.01974,1445,131,16797,"E02006743 E02006753",227
"273869",1,1,1,6.249,3624,195,93,0.01488,1165,87,23193,"E02006743 E02006756",195
"273870",1,1,1,16.968,7262,395,214,0.01261,3163,230,82279,"E02006743 E02006757",395
"273871",1,1,1,13.213,5928,260,230,0.01741,2463,196,41235,"E02006743 E02006759",260
"273893",1,1,1,3.707,1636,126,61,0.01646,691,57,11727,"E02006744 E02006745",126
"273894",1,1,1,1.149,500,37,34,0.02959,214,20,2188,"E02006744 E02006746",37
"273895",1,1,1,2.656,1206,74,54,0.02033,495,43,7134,"E02006744 E02006747",74
"273896",1,1,1,17.742,8166,343,250,0.01409,3307,294,130783,"E02006744 E02006748",343
"273897",1,1,1,12.99,6148,361,208,0.01601,2421,216,29375,"E02006744 E02006749",361
"273898",1,1,1,12.044,5940,307,264,0.02192,2245,226,38309,"E02006744 E02006750",307
"273899",1,1,1,6.387,3324,183,83,0.013,1191,109,18828,"E02006744 E02006753",183
"273900",1,1,1,10.843,5126,347,195,0.01798,2021,192,34391,"E02006744 E02006754",347
"273901",1,1,1,5.676,3560,149,99,0.01744,1058,98,10183,"E02006744 E02006756",149
"273902",1,1,1,13.798,6300,282,256,0.01855,2572,231,49362,"E02006744 E02006759",282
"273930",1,1,1,3.944,1916,84,53,0.01344,735,67,7065,"E02006745 E02006746",84
"273931",1,1,1,3.905,1908,101,51,0.01306,728,65,6578,"E02006745 E02006747",101
"273932",1,1,1,19.085,8686,385,257,0.01347,3558,317,132993,"E02006745 E02006748",385
"273933",1,1,1,14.434,6656,398,223,0.01545,2691,243,40831,"E02006745 E02006749",398
"273934",1,1,1,13.927,6674,361,217,0.01558,2596,242,55706,"E02006745 E02006750",361
"273935",1,1,1,7.831,3832,220,98,0.01251,1460,137,30284,"E02006745 E02006753",220
"273936",1,1,1,21.728,10196,563,344,0.01583,4050,384,116093,"E02006745 E02006755",563
"273937",1,1,1,8.424,4238,225,88,0.01045,1570,138,32196,"E02006745 E02006756",225
"273938",1,1,1,16.964,7362,361,237,0.01397,3162,272,53300,"E02006745 E02006759",361
"273965",1,1,1,2.315,1108,56,44,0.01901,432,41,6313,"E02006746 E02006747",56
"273966",1,1,1,18.714,8740,376,280,0.01496,3488,320,133063,"E02006746 E02006748",376
"273967",1,1,1,13.938,6682,392,242,0.01736,2598,244,32586,"E02006746 E02006749",392
"273968",1,1,1,13.016,6514,340,294,0.02259,2426,253,40589,"E02006746 E02006750",340
"273969",1,1,1,7.335,3858,214,117,0.01595,1367,138,22039,"E02006746 E02006753",214
"273970",1,1,1,10.527,5122,330,193,0.01833,1962,192,33574,"E02006746 E02006754",330
"273971",1,1,1,18.264,8656,466,305,0.0167,3405,329,103790,"E02006746 E02006755",466
"273972",1,1,1,6.165,3434,164,93,0.01509,1149,108,13335,"E02006746 E02006756",164
"273973",1,1,1,17.552,7842,382,240,0.01367,3272,263,67332,"E02006746 E02006757",382
"273974",1,1,1,13.482,6296,265,254,0.01884,2513,231,48545,"E02006746 E02006759",265
"273976",1,1,1,22.069,9764,577,328,0.01486,4114,361,47070,"E02006746 E02006766",577
"274004",1,1,1,20.227,9118,399,296,0.01463,3771,339,135185,"E02006747 E02006748",399
"274005",1,1,1,15.576,7088,412,262,0.01682,2904,265,43023,"E02006747 E02006749",412
"274006",1,1,1,14.671,7080,364,262,0.01786,2735,256,62181,"E02006747 E02006750",364
"274007",1,1,1,8.973,4264,234,137,0.01527,1673,158,32476,"E02006747 E02006753",234
"274008",1,1,1,19.11,8904,450,317,0.01659,3562,338,126623,"E02006747 E02006755",450
"274009",1,1,1,4.323,2526,136,53,0.01226,806,75,7850,"E02006747 E02006756",136
"274010",1,1,1,12.863,5650,272,202,0.0157,2398,208,28954,"E02006747 E02006759",272
"274034",1,1,1,6.394,2478,190,84,0.01314,1192,83,16685,"E02006748 E02006749",190
"274035",1,1,1,7.535,3254,215,100,0.01327,1405,108,22701,"E02006748 E02006750",215
"274036",1,1,1,7.036,2972,209,98,0.01393,1312,104,22095,"E02006748 E02006751",209
"274037",1,1,1,12.91,5518,305,199,0.01541,2407,197,43181,"E02006748 E02006753",305
"274038",1,1,1,15.307,6628,355,203,0.01326,2853,225,36748,"E02006748 E02006754",355
"274039",1,1,1,22.943,11198,561,381,0.01661,4277,366,138170,"E02006748 E02006756",561
"274043",1,1,1,14.493,6706,409,245,0.0169,2702,266,65528,"E02006748 E02006767",409
"274044",1,1,1,12.244,5246,350,166,0.01356,2282,193,45103,"E02006748 E02006770",350
"274045",1,1,1,12.823,6042,292,268,0.0209,2390,229,63675,"E02006748 E02006772",292
"274046",1,1,1,12.11,5798,298,260,0.02147,2257,226,61207,"E02006748 E02006775",298
"274047",1,1,1,10.767,4420,333,150,0.01393,2007,161,33987,"E02006748 E02006776",333
"274048",1,1,1,10.513,4930,240,272,0.02587,1960,197,30643,"E02006748 E02006778",240
"274049",1,1,1,9.496,4304,217,255,0.02685,1770,168,27633,"E02006748 E02006779",217
"274067",1,1,1,3.236,1798,128,52,0.01607,603,64,5590,"E02006749 E02006750",128
"274068",1,1,1,2.16,1106,98,40,0.01852,403,48,4056,"E02006749 E02006751",98
"274069",1,1,1,3.274,1690,111,63,0.01924,610,64,5917,"E02006749 E02006752",111
"274070",1,1,1,7.33,3364,206,135,0.01842,1366,133,10550,"E02006749 E02006753",206
"274071",1,1,1,10.656,4980,254,165,0.01548,1986,177,19222,"E02006749 E02006754",254
"274072",1,1,1,17.089,8876,501,301,0.01761,3186,294,89852,"E02006749 E02006756",501
"274073",1,1,1,21.755,9670,562,330,0.01517,4055,343,106595,"E02006749 E02006759",562
"274077",1,1,1,19.694,9124,547,321,0.0163,3671,366,86578,"E02006749 E02006767",547
"274078",1,1,1,17.445,7664,488,242,0.01387,3252,293,66153,"E02006749 E02006770",488
"274079",1,1,1,14.127,6182,311,261,0.01848,2633,237,63590,"E02006749 E02006779",311
"274097",1,1,1,2.409,1138,69,44,0.01826,449,41,4449,"E02006750 E02006751",69
"274098",1,1,1,2.043,892,63,35,0.01713,381,33,3341,"E02006750 E02006752",63
"274099",1,1,1,7.487,3446,170,145,0.01937,1396,126,19321,"E02006750 E02006753",170
"274100",1,1,1,8.03,3522,168,117,0.01457,1497,123,13727,"E02006750 E02006754",168
"274102",1,1,1,20.612,8650,455,282,0.01368,3842,298,79819,"E02006750 E02006759",455
"274104",1,1,1,21.023,9764,609,341,0.01622,3919,384,89458,"E02006750 E02006767",609
"274105",1,1,1,18.774,8304,550,262,0.01396,3500,310,69033,"E02006750 E02006770",550
"274128",1,1,1,1.642,650,35,21,0.01279,306,22,2289,"E02006751 E02006752",35
"274129",1,1,1,6.563,2952,175,135,0.02057,1223,116,8416,"E02006751 E02006753",175
"274130",1,1,1,9.024,3940,178,123,0.01363,1682,135,15594,"E02006751 E02006754",178
"274131",1,1,1,15.712,7994,386,249,0.01585,2929,249,86896,"E02006751 E02006756",386
"274132",1,1,1,20.378,8788,447,278,0.01364,3799,299,103639,"E02006751 E02006759",447
"274133",1,1,1,20.556,9450,605,339,0.01649,3832,373,88773,"E02006751 E02006767",605
"274164",1,1,1,5.527,2548,128,106,0.01918,1030,95,15298,"E02006752 E02006753",128
"274165",1,1,1,7.905,3450,156,102,0.0129,1474,119,13116,"E02006752 E02006754",156
"274166",1,1,1,14.651,7568,378,238,0.01624,2731,237,84554,"E02006752 E02006756",378
"274167",1,1,1,19.317,8362,439,267,0.01382,3601,287,101297,"E02006752 E02006759",439
"274170",1,1,1,22.198,10178,638,360,0.01622,4138,400,91338,"E02006752 E02006767",638
"274171",1,1,1,19.949,8718,579,281,0.01409,3719,327,70913,"E02006752 E02006770",579
"274172",1,1,1,18.472,7892,562,265,0.01435,3443,295,59797,"E02006752 E02006776",562
"274173",1,1,1,16.631,7236,402,300,0.01804,3100,271,68350,"E02006752 E02006779",402
"274200",1,1,1,9.399,4184,191,144,0.01532,1752,149,52831,"E02006753 E02006754",191
"274201",1,1,1,21.085,9412,458,316,0.01499,3930,349,138830,"E02006753 E02006755",458
"274202",1,1,1,12.485,6206,359,162,0.01298,2327,189,38478,"E02006753 E02006756",359
"274204",1,1,1,18.603,7892,376,233,0.01252,3468,268,113067,"E02006753 E02006759",376
"274208",1,1,1,22.332,10246,395,399,0.01787,4163,384,200400,"E02006753 E02006770",395
"274209",1,1,1,20.524,9364,356,385,0.01876,3826,369,163764,"E02006753 E02006775",356
"274210",1,1,1,19.721,8986,369,375,0.01902,3676,337,183418,"E02006753 E02006776",369
"274211",1,1,1,16.704,7282,290,326,0.01952,3114,273,145714,"E02006753 E02006779",290
"274232",1,1,1,12.359,5448,309,178,0.0144,2304,208,51984,"E02006754 E02006755",309
"274233",1,1,1,12.917,6480,374,220,0.01703,2408,218,57254,"E02006754 E02006756",374
"274234",1,1,1,16.043,6760,341,197,0.01228,2991,225,52055,"E02006754 E02006757",341
"274235",1,1,1,14.119,5986,315,185,0.0131,2632,205,40829,"E02006754 E02006759",315
"274236",1,1,1,24.666,11334,582,366,0.01484,4598,394,105922,"E02006754 E02006760",582
"274237",1,1,1,22.73,10006,532,323,0.01421,4237,359,88975,"E02006754 E02006761",532
"274238",1,1,1,22.723,9976,556,332,0.01461,4236,349,70783,"E02006754 E02006762",556
"274239",1,1,1,25.117,11138,665,365,0.01453,4682,394,75701,"E02006754 E02006763",665
"274240",1,1,1,24.443,10754,621,357,0.01461,4556,377,76183,"E02006754 E02006764",621
"274274",1,1,1,13.386,5182,381,165,0.01233,2495,173,25464,"E02006755 E02006757",381
"274275",1,1,1,22.471,9474,447,334,0.01486,4189,326,45203,"E02006755 E02006758",447
"274276",1,1,1,16.013,6208,424,155,0.00968,2985,201,35945,"E02006755 E02006759",424
"274277",1,1,1,16.383,7788,480,352,0.02149,3054,283,41458,"E02006755 E02006760",480
"274278",1,1,1,15.392,6966,461,341,0.02215,2869,271,37306,"E02006755 E02006761",461
"274279",1,1,1,18.296,7790,519,318,0.01738,3411,280,36386,"E02006755 E02006762",519
"274280",1,1,1,17.46,7924,511,369,0.02113,3255,300,51615,"E02006755 E02006763",511
"274281",1,1,1,17.362,7894,528,373,0.02148,3236,296,45558,"E02006755 E02006764",528
"274310",1,1,1,13.628,6216,285,139,0.0102,2540,178,41851,"E02006756 E02006757",285
"274312",1,1,1,9.558,4670,168,153,0.01601,1782,146,23064,"E02006756 E02006759",168
"274313",1,1,1,20.315,9462,476,265,0.01304,3787,312,78771,"E02006756 E02006761",476
"274314",1,1,1,18.823,9074,390,340,0.01806,3509,311,47591,"E02006756 E02006762",390
"274315",1,1,1,21.217,10236,499,373,0.01758,3955,356,52509,"E02006756 E02006763",499
"274316",1,1,1,20.543,9852,455,365,0.01777,3829,340,52991,"E02006756 E02006764",455
"274317",1,1,1,16.948,8050,459,233,0.01375,3159,265,37589,"E02006756 E02006766",459
"274348",1,1,1,14.886,7228,427,235,0.01579,2775,267,64799,"E02006757 E02006758",427
"274349",1,1,1,6.02,2580,166,48,0.00797,1122,88,16490,"E02006757 E02006759",166
"274350",1,1,1,10.583,5342,282,181,0.0171,1973,193,56903,"E02006757 E02006760",282
"274351",1,1,1,8.647,4014,232,138,0.01596,1612,159,39956,"E02006757 E02006761",232
"274352",1,1,1,7.533,3714,235,125,0.01659,1404,129,14553,"E02006757 E02006762",235
"274353",1,1,1,9.927,4876,344,158,0.01592,1851,174,19471,"E02006757 E02006763",344
"274354",1,1,1,9.253,4492,300,150,0.01621,1725,157,19953,"E02006757 E02006764",300
"274355",1,1,1,17.398,8148,463,258,0.01483,3243,315,39180,"E02006757 E02006765",463
"274356",1,1,1,15.686,6812,418,166,0.01058,2924,240,47586,"E02006757 E02006766",418
"274380",1,1,1,18.883,8450,551,327,0.01732,3520,313,41834,"E02006758 E02006759",551
"274381",1,1,1,4.839,1968,154,56,0.01157,902,69,8181,"E02006758 E02006760",154
"274382",1,1,1,8.306,3712,275,141,0.01698,1548,137,16658,"E02006758 E02006761",275
"274383",1,1,1,9.349,4202,322,142,0.01519,1743,144,18338,"E02006758 E02006762",322
"274384",1,1,1,7.506,3252,247,111,0.01479,1399,117,14931,"E02006758 E02006763",247
"274385",1,1,1,9.046,3894,310,131,0.01448,1686,139,16914,"E02006758 E02006764",310
"274386",1,1,1,11.276,5022,298,113,0.01002,2102,188,23442,"E02006758 E02006765",298
"274413",1,1,1,14.502,6732,426,269,0.01855,2703,255,35598,"E02006759 E02006760",426
"274414",1,1,1,11.44,5444,320,224,0.01958,2133,209,32827,"E02006759 E02006761",320
"274415",1,1,1,9.572,4462,248,187,0.01954,1784,169,24455,"E02006759 E02006762",248
"274416",1,1,1,11.966,5624,357,220,0.01839,2231,214,29373,"E02006759 E02006763",357
"274417",1,1,1,11.292,5240,313,212,0.01877,2105,197,29855,"E02006759 E02006764",313
"274418",1,1,1,18.248,8324,538,288,0.01578,3402,335,35148,"E02006759 E02006765",538
"274419",1,1,1,9.864,4322,271,122,0.01237,1839,156,29793,"E02006759 E02006766",271
"274452",1,1,1,4.003,1950,130,87,0.02173,746,76,9299,"E02006760 E02006761",130
"274453",1,1,1,5.046,2440,177,88,0.01744,941,82,10979,"E02006760 E02006762",177
"274454",1,1,1,3.203,1490,102,57,0.0178,597,56,7572,"E02006760 E02006763",102
"274455",1,1,1,4.743,2132,165,77,0.01623,884,77,9555,"E02006760 E02006764",165
"274456",1,1,1,9.123,4214,325,97,0.01063,1701,167,33808,"E02006760 E02006765",325
"274457",1,1,1,21.268,9084,509,269,0.01265,3965,322,74721,"E02006760 E02006766",509
"274482",1,1,1,1.829,964,77,33,0.01804,341,24,5833,"E02006761 E02006762",77
"274483",1,1,1,3.026,1512,135,44,0.01454,564,48,7834,"E02006761 E02006763",135
"274484",1,1,1,2.352,1128,91,36,0.01531,438,31,8316,"E02006761 E02006764",91
"274485",1,1,1,10.488,4864,296,120,0.01144,1955,184,31422,"E02006761 E02006765",296
"274486",1,1,1,17.703,7568,453,216,0.0122,3300,263,50242,"E02006761 E02006766",453
"274514",1,1,1,2.465,1362,123,35,0.0142,460,47,5088,"E02006762 E02006763",123
"274515",1,1,1,1.791,978,79,27,0.01508,334,30,5570,"E02006762 E02006764",79
"274516",1,1,1,9.927,4714,284,111,0.01118,1851,182,28676,"E02006762 E02006765",284
"274517",1,1,1,17.142,7418,441,207,0.01208,3195,262,47496,"E02006762 E02006766",441
"274547",1,1,1,1.671,668,76,18,0.01077,311,21,2815,"E02006763 E02006764",76
"274548",1,1,1,6.469,3292,196,110,0.017,1206,138,40187,"E02006763 E02006765",196
"274549",1,1,1,18.075,7612,435,216,0.01195,3369,269,63824,"E02006763 E02006766",435
"274578",1,1,1,7.883,3956,247,120,0.01522,1469,162,49220,"E02006764 E02006765",247
"274605",1,1,1,19.825,8016,479,264,0.01332,3696,274,54695,"E02006765 E02006766",479
"274695",1,1,1,5.193,2274,116,148,0.0285,968,80,14530,"E02006767 E02006768",116
"274696",1,1,1,3.81,1664,82,87,0.02283,710,55,16745,"E02006767 E02006769",82
"274697",1,1,1,3.557,1496,97,97,0.02727,663,51,16722,"E02006767 E02006770",97
"274698",1,1,1,8.981,4140,239,245,0.02728,1674,152,24244,"E02006767 E02006771",239
"274699",1,1,1,6.628,3010,159,161,0.02429,1236,107,18376,"E02006767 E02006772",159
"274700",1,1,1,4.792,2042,113,104,0.0217,893,66,19815,"E02006767 E02006773",113
"274701",1,1,1,5.709,2572,174,140,0.02452,1064,87,24804,"E02006767 E02006774",174
"274702",1,1,1,7.029,3410,236,187,0.0266,1310,131,25705,"E02006767 E02006775",236
"274703",1,1,1,6.245,2638,141,137,0.02194,1164,83,27418,"E02006767 E02006776",141
"274704",1,1,1,10.896,5674,341,345,0.03166,2031,233,29550,"E02006767 E02006777",341
"274705",1,1,1,11.09,4860,307,227,0.02047,2067,168,44289,"E02006767 E02006778",307
"274706",1,1,1,10.226,4350,293,218,0.02132,1906,143,42139,"E02006767 E02006779",293
"274729",1,1,1,3.79,1970,97,61,0.01609,706,69,19412,"E02006768 E02006769",97
"274730",1,1,1,2.504,1376,73,55,0.02196,467,48,11583,"E02006768 E02006770",73
"274731",1,1,1,4.428,2138,148,115,0.02597,825,85,11022,"E02006768 E02006771",148
"274732",1,1,1,2.075,1008,68,31,0.01494,387,41,5154,"E02006768 E02006772",68
"274733",1,1,1,4.237,2156,112,80,0.01888,790,74,14296,"E02006768 E02006773",112
"274734",1,1,1,2.456,1120,54,30,0.01221,458,36,8397,"E02006768 E02006774",54
"274735",1,1,1,4,2032,97,71,0.01775,746,79,11784,"E02006768 E02006775",97
"274736",1,1,1,4.967,2336,148,85,0.01711,926,78,18817,"E02006768 E02006776",148
"274737",1,1,1,6.343,3672,250,215,0.0339,1182,167,16328,"E02006768 E02006777",250
"274738",1,1,1,8.061,3482,168,111,0.01377,1503,115,30368,"E02006768 E02006778",168
"274739",1,1,1,7.197,2972,154,102,0.01417,1342,90,28218,"E02006768 E02006779",154
"274769",1,1,1,1.554,704,22,6,0.00386,290,16,4005,"E02006769 E02006770",22
"274770",1,1,1,6.448,3412,185,174,0.02699,1202,123,36455,"E02006769 E02006771",185
"274771",1,1,1,3.993,2218,115,86,0.02154,744,75,19660,"E02006769 E02006772",115
"274772",1,1,1,2.136,838,51,19,0.0089,398,26,5208,"E02006769 E02006773",51
"274773",1,1,1,3.652,1784,79,65,0.0178,681,57,9799,"E02006769 E02006774",79
"274774",1,1,1,4.783,2464,122,126,0.02634,892,103,20975,"E02006769 E02006775",122
"274775",1,1,1,3.589,1434,79,52,0.01449,669,43,12811,"E02006769 E02006776",79
"274776",1,1,1,8.363,4946,287,274,0.03276,1559,205,41761,"E02006769 E02006777",287
"274777",1,1,1,8.79,3872,191,128,0.01456,1639,125,24757,"E02006769 E02006778",191
"274778",1,1,1,7.926,3362,177,119,0.01501,1477,100,22607,"E02006769 E02006779",177
"274803",1,1,1,5.159,2808,160,168,0.03256,962,109,30689,"E02006770 E02006771",160
"274804",1,1,1,2.704,1614,90,80,0.02959,504,61,13894,"E02006770 E02006772",90
"274805",1,1,1,2.546,1078,52,23,0.00903,475,36,6939,"E02006770 E02006773",52
"274806",1,1,1,2.422,1218,84,53,0.02188,451,42,8730,"E02006770 E02006774",84
"274807",1,1,1,3.742,2056,146,100,0.02672,698,86,9631,"E02006770 E02006775",146
"274808",1,1,1,3.999,1674,80,56,0.014,745,53,14542,"E02006770 E02006776",80
"274809",1,1,1,7.074,4342,262,268,0.03789,1319,191,35995,"E02006770 E02006777",262
"274810",1,1,1,7.803,3506,217,140,0.01794,1455,123,28215,"E02006770 E02006778",217
"274811",1,1,1,6.939,2996,203,131,0.01888,1294,98,26065,"E02006770 E02006779",203
"274839",1,1,1,3.409,1838,78,102,0.02992,635,81,19764,"E02006771 E02006772",78
"274840",1,1,1,6.56,3506,156,189,0.02881,1223,141,32531,"E02006771 E02006773",156
"274841",1,1,1,3.553,1856,80,117,0.03293,662,81,19368,"E02006771 E02006774",80
"274842",1,1,1,4.104,2288,108,128,0.03119,765,105,20425,"E02006771 E02006775",108
"274843",1,1,1,7.07,3554,195,196,0.02772,1318,144,37738,"E02006771 E02006776",195
"274844",1,1,1,2.755,1932,141,120,0.04356,514,98,6677,"E02006771 E02006777",141
"274845",1,1,1,4.677,2180,145,100,0.02138,872,82,12718,"E02006771 E02006778",145
"274846",1,1,1,6.067,2686,187,133,0.02192,1131,94,16041,"E02006771 E02006779",187
"274871",1,1,1,4.159,2090,93,103,0.02477,775,74,13758,"E02006772 E02006773",93
"274872",1,1,1,1.55,664,25,37,0.02387,289,22,4515,"E02006772 E02006774",25
"274873",1,1,1,2.485,1264,63,62,0.02495,463,54,5328,"E02006772 E02006775",63
"274874",1,1,1,4.905,2304,138,116,0.02365,914,82,23453,"E02006772 E02006776",138
"274875",1,1,1,5.532,3128,206,188,0.03398,1031,143,12869,"E02006772 E02006777",206
"274876",1,1,1,6.155,2764,158,140,0.02275,1147,102,10377,"E02006772 E02006778",158
"274877",1,1,1,6.291,2516,125,109,0.01733,1173,76,24336,"E02006772 E02006779",125
"274906",1,1,1,3.344,1678,81,74,0.02213,623,58,8582,"E02006773 E02006774",81
"274907",1,1,1,4.259,2420,109,139,0.03264,794,103,21801,"E02006773 E02006775",109
"274908",1,1,1,2.576,1022,82,37,0.01436,480,30,5773,"E02006773 E02006776",82
"274909",1,1,1,8.454,4940,263,291,0.03442,1576,212,34186,"E02006773 E02006777",263
"274910",1,1,1,8.089,3694,176,141,0.01743,1508,124,22285,"E02006773 E02006778",176
"274911",1,1,1,7.225,3184,162,132,0.01827,1347,99,20135,"E02006773 E02006779",162
"274944",1,1,1,1.629,928,39,39,0.02394,304,43,2657,"E02006774 E02006775",39
"274945",1,1,1,3.517,1698,116,79,0.02246,656,63,18370,"E02006774 E02006776",116
"274946",1,1,1,5.522,3370,189,219,0.03966,1029,159,18550,"E02006774 E02006777",189
"274947",1,1,1,5.767,2420,117,81,0.01405,1075,82,21403,"E02006774 E02006778",117
"274948",1,1,1,4.903,1910,103,72,0.01468,914,57,19253,"E02006774 E02006779",103
"274964",1,1,1,4.179,1932,142,108,0.02584,779,67,20224,"E02006775 E02006776",142
"274965",1,1,1,6.056,3378,277,210,0.03468,1129,156,10558,"E02006775 E02006777",277
"274966",1,1,1,3.784,1574,105,88,0.02326,705,52,5416,"E02006775 E02006778",105
"274967",1,1,1,4.391,1576,93,81,0.01845,819,42,15508,"E02006775 E02006779",93
"275000",1,1,1,8.823,5122,289,300,0.034,1645,225,36689,"E02006776 E02006777",289
"275001",1,1,1,6.527,3056,156,106,0.01624,1217,106,14754,"E02006776 E02006778",156
"275002",1,1,1,5.663,2546,142,97,0.01713,1056,81,12604,"E02006776 E02006779",142
"275034",1,1,1,5.553,2400,223,161,0.02899,1035,92,12989,"E02006777 E02006778",223
"275035",1,1,1,6.943,2906,265,194,0.02794,1294,105,16312,"E02006777 E02006779",265
"275036",1,1,1,8.689,4046,287,284,0.03269,1620,180,20639,"E02006777 E02006780",287
"275061",1,1,1,1.618,598,47,35,0.02163,302,15,3640,"E02006778 E02006779",47
"275062",1,1,1,3.785,1902,92,105,0.02774,706,81,11500,"E02006778 E02006780",92
"275098",1,1,1,2.639,1602,85,94,0.03562,492,79,12919,"E02006779 E02006780",85
