"","id","Area.of.residence","Area.of.workplace","All","light_rail","Bus","Taxi","Motorbike","Car_driver","Car_passenger","Bicycle","Foot","Other","govtarget_slc","govtarget_sic","govtarget_slw","govtarget_siw","govtarget_sld","govtarget_sid","gendereq_slc","gendereq_sic","gendereq_slw","gendereq_siw","gendereq_sld","gendereq_sid","dutch_slc","dutch_sic","dutch_slw","dutch_siw","dutch_sld","dutch_sid","ebike_slc","ebike_sic","ebike_slw","ebike_siw","ebike_sld","ebike_sid","base_sldeath_webtag","base_slvalue_webtag","govtarget_sldeath_webtag","govtarget_slvalue_webtag","govtarget_sideath_webtag","govtarget_sivalue_webtag","gendereq_sldeath_webtag","gendereq_slvalue_webtag","gendereq_sideath_webtag","gendereq_sivalue_webtag","dutch_sldeath_webtag","dutch_slvalue_webtag","dutch_sideath_webtag","dutch_sivalue_webtag","ebike_sldeath_webtag","ebike_slvalue_webtag","ebike_sideath_webtag","ebike_sivalue_webtag","base_sldeath_heat","base_slvalue_heat","govtarget_sldeath_heat","govtarget_slvalue_heat","govtarget_sideath_heat","govtarget_sivalue_heat","gendereq_sldeath_heat","gendereq_slvalue_heat","gendereq_sideath_heat","gendereq_sivalue_heat","dutch_sldeath_heat","dutch_slvalue_heat","dutch_sideath_heat","dutch_sivalue_heat","ebike_sldeath_heat","ebike_slvalue_heat","ebike_sideath_heat","ebike_sivalue_heat","base_slco2","govtarget_slco2","govtarget_sico2","gendereq_slco2","gendereq_sico2","dutch_slco2","dutch_sico2","ebike_slco2","ebike_sico2","Rail","dist","geo_label_o","geo_label_d","dist_fast","dist_quiet","time_fast","time_quiet","cirquity","distq_f","avslope","co2_saving","busyness","avslope_q","clc"
"87121","E02003239 E02003250","E02003239","E02003250",538,0,106,3,1,350,54,14,10,0,58.2099990844727,44.2099990844727,9.14999961853027,-0.850000023841858,320.440002441406,-29.5599994659424,21.2399997711182,7.23999977111816,9.85999965667725,-0.140000000596046,345.140014648438,-4.8600001335144,230.690002441406,216.690002441406,5.84999990463257,-4.15000009536743,205.179992675781,-144.820007324219,260.940002441406,246.940002441406,5.28000020980835,-4.71999979019165,185.020004272461,-164.979995727539,-0.00812999997287989,15086,-0.0338199995458126,62749,-0.0256900005042553,47663,-0.0118599999696016,22004,-0.00372999999672174,6918,-0.133450001478195,247597,-0.125320002436638,232511,-0.0970799997448921,180112,-0.0889500007033348,165026,-0.00523999985307455,9722,-0.0218000002205372,40438,-0.0165599994361401,30716,-0.00763999996706843,14180,-0.00240000011399388,4458,-0.0860100015997887,159576,-0.0807700008153915,149854,-0.0626600012183189,116245,-0.0574200004339218,106523,-2409,-9987,-7578,-3655,-1246,-39536,-37127,-44704,-42295,0,4.0104947816397,"Peterborough 003","Peterborough 014",5.039,5.039,1936,1936,1.25645344885346,1,0.257987695971423,939,7247,0.00257987695971423,2.60223048327138
"87196","E02003242 E02003250","E02003242","E02003250",559,0,114,1,4,315,72,29,21,1,78.4800033569336,49.4799995422363,19.0200004577637,-1.98000001907349,285.600006103516,-29.3999996185303,56.2700004577637,27.2700004577637,20.3199996948242,-0.680000007152557,298.660003662109,-16.3400001525879,254.389999389648,225.389999389648,12.1599998474121,-8.84000015258789,181.020004272461,-133.979995727539,280.100006103516,251.100006103516,11.1300001144409,-9.86999988555908,165.729995727539,-149.270004272461,-0.0148499999195337,27554,-0.0405200012028217,75174,-0.0256699994206429,47620,-0.0278200004249811,51610,-0.0129699995741248,24056,-0.133949995040894,248517,-0.119099996984005,220963,-0.106480002403259,197551,-0.0916299968957901,169997,-0.00961000006645918,17821,-0.0261899996548891,48596,-0.0165899991989136,30775,-0.0179699994623661,33335,-0.0083600003272295,15514,-0.0865800008177757,160629,-0.0769700035452843,142808,-0.0689700022339821,127954,-0.0593600012362003,110133,-4108,-11143,-7035,-8021,-3913,-36172,-32064,-39830,-35722,2,3.75683010560022,"Peterborough 006","Peterborough 014",4.709,4.934,1806,1960,1.25345034713718,1.04778084519006,0.14865151836908,878,7524,0.00222942845561411,5.18783542039356
"87218","E02003243 E02003249","E02003243","E02003249",511,0,26,2,9,328,49,56,39,2,101.389999389648,45.3899993896484,35.1100006103516,-3.89000010490417,295.279998779297,-32.7200012207031,71.4899978637695,15.4899997711182,37.6599998474121,-1.3400000333786,316.820007324219,-11.1800003051758,234.759994506836,178.759994506836,23.6800003051758,-15.3199996948242,199.139999389648,-128.860000610352,257.670013427734,201.669998168945,21.7199993133545,-17.2800006866455,182.630004882812,-145.369995117188,-0.0250799991190434,46537,-0.0454199984669685,84268,-0.0203399993479252,37731,-0.0312200002372265,57926,-0.00614000018686056,11389,-0.106270000338554,197163,-0.0811899974942207,150626,-0.0850000008940697,157697,-0.059909999370575,111160,-0.016330000013113,30296,-0.0295700002461672,54860,-0.0132400002330542,24564,-0.0203300006687641,37711,-0.00400000018998981,7415,-0.0692100003361702,128395,-0.0528700016438961,98099,-0.0556199997663498,103186,-0.0392899997532368,72890,-9284,-16810,-7526,-11854,-2570,-38919,-29635,-42718,-33434,0,2.52980100357482,"Peterborough 007","Peterborough 013",4.518,4.931,1682,1838,1.78591122132361,1.09141212926073,0.177069499778663,842,6674,0.00202798620969377,10.958904109589
"87243","E02003244 E02003250","E02003244","E02003250",502,0,103,5,3,224,66,56,40,1,105.73999786377,49.7400016784668,35.5400009155273,-4.46000003814697,199.029998779297,-24.9699993133545,72.3899993896484,16.3899993896484,38.5299987792969,-1.47000002861023,215.789993286133,-8.21000003814697,264.850006103516,208.850006103516,21.2700004577637,-18.7299995422363,119.080001831055,-104.919998168945,269.440002441406,213.440002441406,20.8600006103516,-19.1399993896484,116.769996643066,-107.230003356934,-0.0134800001978874,25003,-0.025450000539422,47209,-0.0119700003415346,22206,-0.0169699992984533,31491,-0.00350000010803342,6488,-0.0644000023603439,119489,-0.0509300008416176,94486,-0.0473399981856346,87828,-0.0338600017130375,62825,-0.00877999980002642,16288,-0.0165800005197525,30754,-0.00779999978840351,14466,-0.011060000397265,20515,-0.00227999989874661,4227,-0.0419699996709824,77870,-0.0331900008022785,61582,-0.0310100000351667,57534,-0.0222299993038177,41246,-3500,-6615,-3115,-4524,-1024,-16587,-13087,-16875,-13375,4,1.96129380497005,"Peterborough 008","Peterborough 014",2.452,2.285,908,968,1.25019514862407,0.93189233278956,0.0407830342577488,457,3766,0.000437636761487965,11.1553784860558
"87266","E02003245 E02003250","E02003245","E02003250",513,0,165,4,0,173,85,40,39,4,85.75,45.75,35.2000007629395,-3.79999995231628,156.229995727539,-16.7700004577637,68.4400024414062,28.4400005340576,36.5800018310547,-2.42000007629395,162.479995727539,-10.5200004577637,241.770004272461,201.770004272461,22.4200000762939,-16.5799999237061,99.2900009155273,-73.7099990844727,262.850006103516,222.850006103516,20.6900005340576,-18.3099994659424,91.5899963378906,-81.4100036621094,-0.0155300004407763,28811,-0.0334799997508526,62108,-0.0179500002413988,33297,-0.0253599993884563,47057,-0.00982999987900257,18246,-0.0959699973464012,178056,-0.0804399996995926,149245,-0.0739400014281273,137177,-0.0584100000560284,108366,-0.0101100001484156,18760,-0.021789999678731,40425,-0.011680000461638,21665,-0.0165100004523993,30637,-0.0063999998383224,11877,-0.0624700002372265,115895,-0.0523599982261658,97135,-0.048369999974966,89739,-0.0382600016891956,70979,-2972,-6323,-3351,-5073,-2101,-17707,-14735,-19245,-16273,3,2.71225412117258,"Peterborough 009","Peterborough 014",3.914,3.869,1458,1456,1.44308011902214,0.988502810424119,0.255493101686254,730,4237,0.00258464719565779,7.79727095516569
"87287","E02003246 E02003250","E02003246","E02003250",638,0,134,10,2,241,104,52,87,5,109.089996337891,57.0900001525879,78.5,-8.5,217.559997558594,-23.4400005340576,73.2900009155273,21.2900009155273,83.7099990844727,-3.28999996185303,232.479995727539,-8.52000045776367,323.109985351562,271.109985351562,46.7299995422363,-40.2700004577637,129.550003051758,-111.449996948242,332.480010986328,280.480010986328,45.3699989318848,-41.6300010681152,125.639999389648,-115.360000610352,-0.00901000015437603,16710,-0.0189200006425381,35107,-0.00992000009864569,18397,-0.0122199999168515,22672,-0.00320999999530613,5962,-0.0565200001001358,104853,-0.0475100018084049,88143,-0.0379699990153313,70443,-0.0289600007236004,53733,-0.00594000006094575,11024,-0.0124800000339746,23158,-0.0065399999730289,12134,-0.00807000044733286,14962,-0.00212000007741153,3938,-0.0373100005090237,69213,-0.031360000371933,58189,-0.0254100002348423,47144,-0.0194700006395578,36120,-2244,-4719,-2475,-3140,-896,-14017,-11773,-14431,-12187,3,1.75832358346369,"Peterborough 010","Peterborough 014",2.058,2.295,870,880,1.17043303027648,1.11516034985423,0.242954324586978,384,5065,0.00217864923747277,8.15047021943574
"87325","E02003248 E02003250","E02003248","E02003250",879,0,116,15,2,293,137,60,247,7,135.289993286133,75.2900009155273,224.339996337891,-22.6599998474121,265.970001220703,-27.0300006866455,66.120002746582,6.11999988555908,244.550003051758,-2.45000004768372,291.959991455078,-1.03999996185303,447.100006103516,387.100006103516,129.979995727539,-117.019996643066,155.039993286133,-137.960006713867,442.440002441406,382.440002441406,131.389999389648,-115.610000610352,156.710006713867,-136.289993286133,-0.00381999998353422,7092,-0.00841000024229288,15609,-0.00459000002592802,8517,-0.00398000003769994,7387,-0.00015999999595806,295,-0.0267200004309416,49567,-0.0228899996727705,42475,-0.00906000006943941,16806,-0.00523999985307455,9714,-0.0026700000744313,4961,-0.00590999983251095,10955,-0.00322999991476536,5994,-0.00279999990016222,5200,-0.000130000000353903,239,-0.0188999995589256,35069,-0.0162300001829863,30108,-0.00753000006079674,13975,-0.00486000021919608,9014,-1498,-3295,-1797,-1566,-68,-10678,-9180,-10567,-9069,2,1.04144529005181,"Peterborough 012","Peterborough 014",1.308,1.308,478,478,1.25594691578558,1,0.0764525993883792,244,1920,0.000764525993883792,6.8259385665529
"87345","E02003249 E02003250","E02003249","E02003250",1085,1,132,8,5,425,156,121,230,5,220.850006103516,99.8499984741211,206.229995727539,-23.7700004577637,380.679992675781,-44.3199996948242,144.619995117188,23.6200008392334,224.460006713867,-5.53999996185303,414.130004882812,-10.8699998855591,557.440002441406,436.440002441406,125.569999694824,-104.430000305176,234.100006103516,-190.899993896484,569.820007324219,448.820007324219,122.620002746582,-107.379997253418,228.600006103516,-196.399993896484,-0.0160199999809265,29730,-0.028999999165535,53807,-0.012980000115931,24077,-0.0187800005078316,34847,-0.00276000006124377,5117,-0.0721099972724915,133786,-0.0560900010168552,104056,-0.0410199984908104,76101,-0.0249899998307228,46371,-0.0108599998056889,20149,-0.0196700002998114,36499,-0.00880999956279993,16350,-0.0127299996092916,23619,-0.00187000003643334,3470,-0.0490799993276596,91050,-0.0382199995219707,70901,-0.0291499998420477,54079,-0.0182900000363588,33930,-6033,-10762,-4729,-7193,-1160,-26402,-20369,-26989,-20956,3,1.69238217305213,"Peterborough 013","Peterborough 014",2.092,2.092,892,892,1.23612741454679,1,0.191204588910134,390,3384,0.00191204588910134,11.1520737327189
"87367","E02003250 E02003251","E02003250","E02003251",593,1,86,3,0,336,79,45,39,2,93.1100006103516,48.1100006103516,35.5699996948242,-3.4300000667572,306.510009765625,-29.4899997711182,64.3000030517578,19.2999992370605,37.6100006103516,-1.38999998569489,324.25,-11.75,269.239990234375,224.240005493164,23.0499992370605,-15.9499998092651,198.460006713867,-137.539993286133,298.570007324219,253.570007324219,20.9599990844727,-18.0400009155273,180.490005493164,-155.509994506836,-0.0161099992692471,29882,-0.0332500003278255,61695,-0.0171499997377396,31813,-0.022299999371171,41370,-0.00619000010192394,11488,-0.0970999971032143,180147,-0.0809900015592575,150265,-0.0771500021219254,143144,-0.0610500015318394,113262,-0.0104599995538592,19406,-0.0216000005602837,40065,-0.0111400000751019,20659,-0.0144800003618002,26867,-0.00401999987661839,7461,-0.0630699992179871,117019,-0.0526099987328053,97613,-0.0503199994564056,93364,-0.0398599989712238,73958,-4881,-10085,-5204,-6989,-2108,-29119,-24238,-32294,-27413,3,2.78968338798229,"Peterborough 014","Peterborough 015",3.205,3.205,1408,1408,1.14887589531015,1,0.62402496099844,597,4512,0.0062402496099844,7.5885328836425
"87368","E02003250 E02003252","E02003250","E02003252",761,0,72,3,4,251,77,71,279,0,134.309997558594,63.310001373291,253.399993896484,-25.6000003814697,227.979995727539,-23.0200004577637,90.5599975585938,19.5599994659424,270.929992675781,-8.06999969482422,244.039993286133,-6.96000003814697,356.529998779297,285.529998779297,164.070007324219,-114.930000305176,146.639999389648,-104.360000610352,388.369995117188,317.369995117188,151.070007324219,-127.930000305176,135.179992675781,-115.819999694824,-0.00416000001132488,7726,-0.00824999995529652,15310,-0.00408999994397163,7584,-0.00518999993801117,9622,-0.00101999996695668,1896,-0.0210400000214577,39042,-0.0168800000101328,31316,0.0108099998906255,-20052,0.0149699999019504,-27778,-0.00353000010363758,6539,-0.00688999984413385,12783,-0.00337000004947186,6244,-0.00438999990001321,8141,-0.000859999970998615,1602,-0.0178399998694658,33098,-0.0143200000748038,26559,0.00224000005982816,-4163,0.00577000016346574,-10702,-3926,-7489,-3563,-5008,-1082,-20060,-16134,-21839,-17913,4,1.69764803489143,"Peterborough 014","Peterborough 016",2.854,2.545,1226,1478,1.68114941456786,0.891730903994394,0.385423966362999,532,4109,0.00432220039292731,9.32982917214192
"87369","E02003250 E02003253","E02003250","E02003253",705,0,79,3,5,244,58,70,240,4,122.089996337891,52.0900001525879,220.399993896484,-19.6000003814697,223.889999389648,-20.1100006103516,76.8600006103516,6.8600001335144,238.25,-1.75,240.440002441406,-3.55999994277954,308.670013427734,238.669998168945,149.440002441406,-90.5599975585938,152.679992675781,-91.3199996948242,348.299987792969,278.299987792969,134.419998168945,-105.580001831055,137.490005493164,-106.51000213623,-0.00632999977096915,11748,-0.0106499996036291,19751,-0.00431000022217631,8003,-0.00734000001102686,13618,-0.00101000000722706,1870,-0.0241899993270636,44871,-0.017850000411272,33123,0.00173000001814216,-3211,0.00805999990552664,-14959,-0.00480000022798777,8896,-0.00812000036239624,15072,-0.00332999997772276,6176,-0.00548999989405274,10179,-0.000690000015310943,1283,-0.0189599990844727,35170,-0.0141599997878075,26274,-0.00273999990895391,5087,0.00205000001005828,-3809,-4199,-7236,-3037,-4723,-524,-18003,-13804,-20299,-16100,2,2.21915681654564,"Peterborough 014","Peterborough 017",2.847,3.067,1428,1738,1.2829197012006,1.07727432384967,0.842992623814542,531,10187,0.0078252363873492,9.9290780141844
"87370","E02003250 E02003254","E02003250","E02003254",684,0,140,3,2,425,66,25,17,3,66.620002746582,41.6199989318848,15.9200000762939,-1.08000004291534,398.200012207031,-26.7999992370605,44.1699981689453,19.1700000762939,16.5200004577637,-0.479999989271164,412.459991455078,-12.539999961853,219.779998779297,194.779998779297,11.9499998092651,-5.05000019073486,299.700012207031,-125.300003051758,279.890014648438,254.889999389648,10.4099998474121,-6.59000015258789,260.859985351562,-164.139999389648,-0.0196800008416176,36520,-0.0523700006306171,97163,-0.0326899997889996,60643,-0.0330899991095066,61397,-0.0134100001305342,24877,-0.171729996800423,318618,-0.152050003409386,282098,-0.142499998211861,264375,-0.122809998691082,227855,-0.0128600001335144,23864,-0.034230001270771,63500,-0.0213600005954504,39636,-0.021619999781251,40116,-0.00875999964773655,16252,-0.112329997122288,208406,-0.0994699969887733,184542,-0.0940599963068962,174516,-0.0812000036239624,150652,-5721,-15147,-9426,-10143,-4422,-49783,-44062,-63452,-57731,3,5.40516037992127,"Peterborough 014","Peterborough 018",6.755,7.47,3012,3940,1.24973164997898,1.10584752035529,0.473723168023686,1259,16651,0.00589022757697456,3.65497076023392
"87371","E02003250 E02003255","E02003250","E02003255",533,0,109,4,8,260,89,27,35,1,66.0500030517578,39.0499992370605,32.2999992370605,-2.70000004768372,239.940002441406,-20.0599994659424,54.7400016784668,27.7399997711182,33.0800018310547,-1.91999995708466,245.759994506836,-14.2399997711182,214.970001220703,187.970001220703,22,-13,163.389999389648,-96.6100006103516,251.860000610352,224.860000610352,19.4500007629395,-15.5500001907349,144.440002441406,-115.559997558594,-0.0133199999108911,24703,-0.0325700007379055,60422,-0.0192499998956919,35719,-0.0254399999976158,47206,-0.0121299996972084,22503,-0.107380002737045,199220,-0.0940599963068962,174517,-0.0884900018572807,164173,-0.0751700028777122,139470,-0.00863999966531992,16036,-0.0211399998515844,39223,-0.0125000001862645,23187,-0.0165199991315603,30644,-0.00786999985575676,14608,-0.0697299987077713,129363,-0.0610800012946129,113327,-0.0577000007033348,107056,-0.0490599982440472,91020,-3364,-8242,-4878,-6825,-3461,-26858,-23494,-31466,-28102,0,3.4399600209825,"Peterborough 014","Peterborough 019",4.783,4.582,1992,2386,1.39042313597409,0.957976165586452,0.627221409157433,892,6745,0.00654735923177652,5.0656660412758
"87376","E02003250 E02003753","E02003250","E02003753",524,0,99,6,3,339,57,15,3,2,38.25,23.25,2.85999989509583,-0.140000000596046,323.519989013672,-15.4799995422363,33.0800018310547,18.0799999237061,2.89000010490417,-0.109999999403954,326.760009765625,-12.2399997711182,116.870002746582,101.870002746582,2.40000009536743,-0.600000023841858,271.149993896484,-67.8499984741211,170.399993896484,155.399993896484,2.07999992370605,-0.920000016689301,235.5,-103.5,-0.011119999922812,20639,-0.0283300001174212,52554,-0.0172000005841255,31915,-0.02297000028193,42615,-0.011850000359118,21976,-0.0821700021624565,152443,-0.0710399970412254,131804,-0.0797900035977364,148040,-0.0686699971556664,127401,-0.00718999980017543,13342,-0.0183099992573261,33972,-0.011119999922812,20630,-0.0148499999195337,27552,-0.0076600001193583,14210,-0.0531300008296967,98568,-0.0459400005638599,85226,-0.0517399981617928,95997,-0.0445500016212463,82655,-4650,-11874,-7224,-10360,-5710,-36316,-31666,-52956,-48306,0,6.80021561669039,"Peterborough 014","Huntingdonshire 001",9.146,11.243,3830,6186,1.34495735363922,1.22928055980757,0.568554559370216,1705,41340,0.0051587654540603,2.86259541984733
"87385","E02003250 E02006877","E02003250","E02006877",592,0,115,1,4,333,54,46,37,1,88.5299987792969,42.5299987792969,34.1199989318848,-2.88000011444092,307.070007324219,-25.9300003051758,77.4899978637695,31.4899997711182,34.8899993896484,-2.10999989509583,314.049987792969,-18.9500007629395,231.220001220703,185.220001220703,24.4400005340576,-12.5600004196167,219.910003662109,-113.089996337891,273.989990234375,227.990005493164,21.5400009155273,-15.460000038147,193.839996337891,-139.160003662109,-0.0248600002378225,46131,-0.0478300005197525,88746,-0.02297000028193,42615,-0.0399699993431568,74151,-0.0151000004261732,28020,-0.123779997229576,229657,-0.098920002579689,183526,-0.0951199978590012,176482,-0.0702600032091141,130351,-0.0161799993366003,30022,-0.0311299990862608,57757,-0.0149499997496605,27735,-0.0260099992156029,48255,-0.00982999987900257,18233,-0.0806099995970726,149558,-0.0644299983978271,119536,-0.0623800009489059,115732,-0.0461999997496605,85710,-7392,-14273,-6881,-12422,-5030,-37413,-30021,-44335,-36943,1,3.69417454783808,"Peterborough 014","Peterborough 022",5.218,5.228,2302,2766,1.4124941668102,1.00191644308164,0.574932924492143,973,10942,0.00573833205814843,7.77027027027027
"87387","E02003251 E02003252","E02003251","E02003252",524,0,79,3,5,292,32,50,56,3,91.4599990844727,41.4599990844727,51.0999984741211,-4.90000009536743,266.510009765625,-25.4899997711182,74.2399978637695,24.2399997711182,53.1300010681152,-2.86999988555908,277.140014648438,-14.8599996566772,228.470001220703,178.470001220703,34.9599990844727,-21.0400009155273,181.669998168945,-110.330001831055,258.440002441406,208.440002441406,31.4099998474121,-24.5900001525879,163.25,-128.75,-0.018580000847578,34472,-0.0340400002896786,63145,-0.0154600003734231,28673,-0.0265900008380413,49330,-0.00800999999046326,14858,-0.0859000012278557,159368,-0.0673199966549873,124896,-0.0675799995660782,125376,-0.0489999987185001,90904,-0.0121799996122718,22588,-0.022299999371171,41371,-0.0101199997588992,18783,-0.0174199994653463,32322,-0.00524999992921948,9734,-0.0562999993562698,104454,-0.0441300012171268,81866,-0.0446700006723404,82868,-0.032490000128746,60280,-6269,-11569,-5300,-9358,-3089,-29210,-22941,-33042,-26773,4,1.89487199778419,"Peterborough 015","Peterborough 016",4.063,4.079,1594,1570,2.14420816010325,1.00393797686439,0.566084174255476,757,4976,0.00563863692081392,9.54198473282443
"87451","E02003254 E02006877","E02003254","E02006877",631,0,38,2,5,477,47,39,20,1,91.25,52.25,18.2299995422363,-1.76999998092651,434.899993896484,-42.0999984741211,54.3600006103516,15.3599996566772,19.6299991607666,-0.370000004768372,464.609985351562,-12.3900003433228,291.130004882812,252.130004882812,11.539999961853,-8.46000003814697,273.839996337891,-203.160003662109,320.160003662109,281.160003662109,10.5600004196167,-9.4399995803833,250.449996948242,-226.550003051758,-0.0146099999547005,27107,-0.0342999994754791,63641,-0.0196899995207787,36534,-0.0198500007390976,36834,-0.00523999985307455,9727,-0.111369997262955,206617,-0.0967499986290932,179510,-0.089539997279644,166128,-0.0749299973249435,139021,-0.00944000016897917,17510,-0.0221500005573034,41101,-0.0127199999988079,23591,-0.0128199998289347,23782,-0.00337999989278615,6272,-0.0719200000166893,133431,-0.0624799989163876,115921,-0.0579200014472008,107463,-0.048480000346899,89953,-5390,-12614,-7224,-7515,-2125,-40252,-34862,-44265,-38875,2,2.56835512053436,"Peterborough 018","Peterborough 022",3.373,3.732,1502,1608,1.31329190929727,1.10643344203973,0.533649570115624,629,7432,0.00911039657020364,6.18066561014263
"87478","E02003257 E02006877","E02003257","E02006877",502,1,42,2,3,253,28,59,111,1,96.9199981689453,37.9199981689453,101.459999084473,-9.53999996185303,231.369995117188,-21.6299991607666,92.4499969482422,33.4500007629395,102.269996643066,-8.72999954223633,234.119995117188,-18.8799991607666,235.130004882812,176.130004882812,67.1600036621094,-43.8400001525879,152.220001220703,-100.779998779297,247.789993286133,188.789993286133,63.9700012207031,-47.0299987792969,145,-108,-0.00547999981790781,10174,-0.00913000013679266,16943,-0.00365000008605421,6769,-0.00822999980300665,15267,-0.00274999998509884,5093,-0.0224900003522635,41722,-0.017000000923872,31548,-0.0129300002008677,23991,-0.00744999991729856,13817,-0.0037599999923259,6981,-0.00626000016927719,11607,-0.00249000010080636,4626,-0.00565000018104911,10477,-0.00187999999616295,3496,-0.0153999999165535,28579,-0.0116400001570582,21598,-0.00930999964475632,17276,-0.00554999988526106,10295,-2783,-4588,-1805,-4359,-1576,-11195,-8412,-11799,-9016,3,1.44653194335677,"Peterborough 021","Peterborough 022",1.641,1.893,620,796,1.13443744366402,1.15356489945155,0.60938452163315,306,2337,0.00422609614368727,11.7529880478088
"98361","E02003719 E02003725","E02003719","E02003725",854,2,174,2,15,171,30,397,58,0,469.380004882812,72.379997253418,48.8699989318848,-9.13000011444092,144,-27,468.519989013672,71.5199966430664,47.8600006103516,-10.1400003433228,142.740005493164,-28.2600002288818,397.739990234375,0.740000009536743,57.75,-0.25,170.509994506836,-0.490000009536743,428.25,31.25,53.8400001525879,-4.15999984741211,159.039993286133,-11.960000038147,-0.0947400033473969,175780,-0.112000003457069,207795,-0.0172600001096725,32015,-0.106789998710155,198119,-0.0120400004088879,22339,-0.0948399975895882,175954,-9.00000013643876e-05,174,-0.100040003657341,185613,-0.00529999984428287,9833,-0.062169998884201,115339,-0.0734900012612343,136347,-0.0113199995830655,21008,-0.0701000019907951,130054,-0.00793000031262636,14715,-0.0622400008141994,115466,-7.00000018696301e-05,127,-0.0657100006937981,121902,-0.00353999994695187,6563,-31757,-37556,-5799,-37890,-6133,-31871,-114,-34337,-2580,7,3.17740369462389,"Cambridge 001","Cambridge 007",4.216,4222,1986,1980,1.32686948376544,1001.42314990512,0.355787476280835,786,6518,0.00781620085267646,46.4871194379391
"98393","E02003720 E02003725","E02003720","E02003725",1048,0,85,1,16,167,33,543,202,1,622.369995117188,79.370002746582,170.360000610352,-31.6399993896484,140.75,-26.25,570.289978027344,27.2900009155273,190.979995727539,-11.0200004577637,157.970001220703,-9.02999973297119,544.700012207031,1.70000004768372,201.009994506836,-0.990000009536743,166.429992675781,-0.569999992847443,545.809997558594,2.80999994277954,200.360000610352,-1.63999998569489,166.059997558594,-0.939999997615814,-0.0287500005215406,53344,-0.0329100005328655,61052,-0.00414999993517995,7708,-0.0297500006854534,55187,-0.000989999971352518,1843,-0.0286299996078014,53119,0.000119999996968545,-225,-0.0282899998128414,52482,0.000460000010207295,-862,-0.0231599994003773,42975,-0.0265200007706881,49203,-0.00335999997332692,6228,-0.0239799991250038,44486,-0.000809999997727573,1511,-0.0231100004166365,42880,4.99999987368938e-05,-95,-0.0229100007563829,42502,0.000260000000707805,-473,-33128,-37969,-4841,-34792,-1664,-33231,-103,-33299,-171,0,2.18670776936039,"Cambridge 002","Cambridge 007",3.627,2972,1638,1596,1.65865784665908,819.409980700303,0.744416873449132,676,6696,0.015814266487214,51.8129770992366
"98421","E02003721 E02003725","E02003721","E02003725",977,0,109,3,9,160,31,523,136,2,601.090026855469,78.0899963378906,112.569999694824,-23.4300003051758,132.520004272461,-27.4799995422363,544.650024414062,21.6499996185303,129.080001831055,-6.92000007629395,152.919998168945,-7.07999992370605,523,0,136,0,160,0,523,0,136,0,160,0,-0.0579200014472008,107451,-0.0665799975395203,123523,-0.00865999981760979,16072,-0.0595100000500679,110399,-0.00158999999985099,2948,-0.0579200014472008,107451,0,0,-0.0579200014472008,107451,0,0,-0.0407500006258488,75603,-0.046840000897646,86909,-0.00608999980613589,11306,-0.0418899990618229,77710,-0.0011399999493733,2107,-0.0407500006258488,75603,0,0,-0.0407500006258488,75603,0,0,-34974,-40201,-5227,-36323,-1349,-34974,0,-34974,0,4,2.7484368119601,"Cambridge 003","Cambridge 007",3.749,3349,1614,1654,1.36404809587975,893.30488130168,0.586823152840757,699,4332,0.00806210809196775,53.5312180143296
"98436","E02003721 E02003781","E02003721","E02003781",622,0,16,3,6,239,14,232,110,0,287.809997558594,55.810001373291,93.9800033569336,-16.0200004577637,204.990005493164,-34.0099983215332,255.419998168945,23.4200000762939,103.569999694824,-6.42999982833862,224.529998779297,-14.4700002670288,305.290008544922,73.2900009155273,90.9300003051758,-19.0699996948242,193.009994506836,-45.9900016784668,324.429992675781,92.4300003051758,85.4400024414062,-24.5599994659424,181.350006103516,-57.6500015258789,-0.0200100000947714,37121,-0.025000000372529,46377,-0.00498999981209636,9256,-0.0219000000506639,40636,-0.0019000000320375,3515,-0.0275199990719557,51062,-0.00750999990850687,13941,-0.0231500007212162,42948,-0.00313999992795289,5827,-0.0140500003471971,26071,-0.0175400003790855,32534,-0.00347999995574355,6463,-0.0153599996119738,28495,-0.00130999996326864,2424,-0.0192499998956919,35719,-0.0052000000141561,9648,-0.016550000756979,30711,-0.00249999994412065,4640,-21113,-26239,-5126,-23294,-2181,-28045,-6932,-29803,-8690,2,2.61459487789974,"Cambridge 003","South Cambridgeshire 007",2.963,2947,1224,1258,1.13325396031531,994.600067499156,0.337495781302734,552,3331,0.00576857821513403,37.2990353697749
"98451","E02003722 E02003725","E02003722","E02003725",1113,0,42,1,7,123,13,626,298,2,716.849975585938,90.8499984741211,242.309997558594,-55.689998626709,100.23999786377,-22.7600002288818,650.840026855469,24.8400001525879,283.119995117188,-14.8800001144409,116.169998168945,-6.82999992370605,627.330017089844,1.33000004291534,297.339996337891,-0.660000026226044,122.410003662109,-0.589999973773956,628.659973144531,2.66000008583069,296.670013427734,-1.33000004291534,121.819999694824,-1.17999994754791,0.0259499996900558,-48142,0.0296899992972612,-55086,0.00374000007286668,-6944,0.0266100000590086,-49377,0.000669999979436398,-1235,0.0259600002318621,-48167,9.99999974737875e-06,-25,0.0261599998921156,-48536,0.000209999998332933,-394,0.0115999998524785,-21522,0.0132699999958277,-24619,0.00167000002693385,-3097,0.0118800001218915,-22042,0.00028000000747852,-520,0.0115999998524785,-21515,0,7,0.0117100002244115,-21726,0.000110000000859145,-204,-17645,-20224,-2579,-18448,-803,-17725,-80,-17805,-160,1,1.76112494183777,"Cambridge 004","Cambridge 007",2.205,2205,1140,1120,1.25204064039831,1000,0.54421768707483,411,3050,0.00952380952380952,56.2443845462713
"98477","E02003723 E02003725","E02003723","E02003725",870,1,21,3,4,82,6,466,283,0,527.909973144531,61.9099998474121,239.919998168945,-43.0800018310547,69.2200012207031,-12.7799997329712,495.239990234375,29.2399997711182,263.209991455078,-19.7900009155273,75.5500030517578,-6.44999980926514,466,0,283,0,82,0,466.619995117188,0.620000004768372,282.510009765625,-0.490000009536743,81.9100036621094,-0.0900000035762787,0.0304300002753735,-56463,0.0344999991357327,-64000,0.00406000018119812,-7537,0.0317200012505054,-58856,0.00129000004380941,-2393,0.0304300002753735,-56463,0,0,0.0305400006473064,-56659,0.000110000000859145,-196,0.0155199998989701,-28796,0.0175899993628263,-32643,0.00206999992951751,-3847,0.0161700006574392,-29994,0.000650000001769513,-1198,0.0155199998989701,-28796,0,0,0.0155800003558397,-28908,5.99999984842725e-05,-112,-10293,-11655,-1362,-10983,-690,-10293,0,-10302,-9,5,1.26866300839731,"Cambridge 005","Cambridge 007",2.105,2040,860,890,1.65922706508107,969.121140142518,0.855106888361045,392,4099,0.0107843137254902,53.5632183908046
"98494","E02003724 E02003725","E02003724","E02003725",1041,0,172,3,19,173,40,422,209,0,496.329986572266,74.3300018310547,183.910003662109,-25.0900001525879,152.240005493164,-20.7600002288818,447.739990234375,25.7399997711182,200.389999389648,-8.60999965667725,165.929992675781,-7.07000017166138,424,2,208.330001831055,-0.670000016689301,172.449996948242,-0.550000011920929,496.839996337891,74.8399963378906,183.740005493164,-25.2600002288818,152.089996337891,-20.9099998474121,-0.0421600006520748,78221,-0.0495899990200996,92003,-0.00743000023066998,13782,-0.044089999049902,81799,-0.00193000002764165,3578,-0.0423900000751019,78651,-0.000230000005103648,430,-0.0425000004470348,78853,-0.000339999998686835,632,-0.0306700002402067,56901,-0.0360700003802776,66926,-0.00540000014007092,10025,-0.0320699997246265,59495,-0.00139999995008111,2594,-0.0308400001376867,57216,-0.000169999999343418,315,-0.0316700004041195,58760,-0.00100000004749745,1859,-25130,-29553,-4423,-26634,-1504,-25246,-116,-29585,-4455,3,3.21642251450942,"Cambridge 006","Cambridge 007",4.184,4193,1936,2020,1.30082412404645,1002.15105162524,0.812619502868069,780,5810,0.0121631290245648,40.537944284342
"98522","E02003725 E02003726","E02003725","E02003726",1145,0,21,0,6,54,4,534,523,0,628,94,442.429992675781,-80.5699996948242,45.8600006103516,-8.14000034332275,562.5,28.5,498.420013427734,-24.5799999237061,51.7599983215332,-2.24000000953674,557.969970703125,23.9699993133545,503.010009765625,-19.9899997711182,51.0699996948242,-2.9300000667572,580.849975585938,46.8499984741211,483.429992675781,-39.5699996948242,49.0400009155273,-4.96000003814697,0.0553900003433228,-102763,0.0651099979877472,-120803,0.00972000043839216,-18040,0.0575900003314018,-106842,0.00219999998807907,-4079,0.0583700016140938,-108292,0.00298000010661781,-5529,0.063629999756813,-118048,0.00824000034481287,-15285,0.030579999089241,-56739,0.0359500013291836,-66697,0.00536999991163611,-9958,0.0318000018596649,-58993,0.00121999997645617,-2254,0.0322300009429455,-59789,0.00164000003132969,-3050,0.0353399999439716,-65567,0.00475999992340803,-8828,-4240,-4999,-759,-4449,-209,-4511,-271,-4702,-462,3,1.43733188281938,"Cambridge 007","Cambridge 008",1.831,1831,902,898,1.27388811302816,1000,0.546149645002731,341,2408,0.00600764609503004,46.6375545851528
"98523","E02003725 E02003727","E02003725","E02003727",1132,1,40,6,9,108,13,574,376,2,671.25,97.25,310.459991455078,-65.5400009155273,89.1900024414062,-18.8099994659424,640.450012207031,66.4499969482422,332.690002441406,-43.310001373291,93.3899993896484,-14.6099996566772,574,0,376,0,108,0,584.059997558594,10.0600004196167,369.269989013672,-6.73000001907349,105.98999786377,-2.00999999046326,0.0459100008010864,-85182,0.0536900013685226,-99606,0.00777000002563,-14424,0.0493399985134602,-91544,0.00343000004068017,-6362,0.0459100008010864,-85182,0,0,0.047690000385046,-88487,0.00178000004962087,-3305,0.0229299999773502,-42545,0.0268099997192621,-49748,0.00387999997474253,-7203,0.0245900005102158,-45630,0.00165999995078892,-3085,0.0229299999773502,-42545,0,0,0.0239400006830692,-44406,0.00100000004749745,-1861,-16079,-18804,-2725,-18198,-2119,-16079,0,-16369,-290,4,2.23350390305352,"Cambridge 007","Cambridge 009",2.867,2864,1374,1382,1.2836333064296,998.953610045344,0.453435647017789,534,3596,0.00698324022346369,50.7067137809187
"98524","E02003725 E02003728","E02003725","E02003728",864,0,94,4,9,132,23,412,187,1,481.600006103516,69.5999984741211,158.199996948242,-28.7999992370605,111.680000305176,-20.3199996948242,468.170013427734,56.1699981689453,163.679992675781,-23.3199996948242,115.839996337891,-16.1599998474121,412,0,187,0,132,0,433.399993896484,21.3999996185303,178.160003662109,-8.84000015258789,125.709999084473,-6.28999996185303,-0.0177999995648861,33029,-0.0208100005984306,38611,-0.00301000010222197,5582,-0.0195599999278784,36284,-0.00175000005401671,3255,-0.0177999995648861,33029,0,0,-0.016780000180006,31138,0.00101999996695668,-1891,-0.0150800002738833,27983,-0.0176299996674061,32711,-0.00255000009201467,4728,-0.0165800005197525,30753,-0.0014900000533089,2770,-0.0150800002738833,27983,0,0,-0.0146599998697639,27201,0.000419999996665865,-782,-21844,-25534,-3690,-24778,-2934,-21844,0,-22986,-1142,2,2.66350577696137,"Cambridge 007","Cambridge 010",3.572,3641,1618,1650,1.34108963866227,1019.31690929451,0.587905935050392,666,5510,0.00741554517989563,47.6851851851852
"98525","E02003725 E02003729","E02003725","E02003729",638,0,150,5,14,143,27,266,30,2,311.010009765625,45.0099983215332,26.2800006866455,-3.72000002861023,125.730003356934,-17.2700004577637,297.010009765625,31.0100002288818,27.7999992370605,-2.20000004768372,130.979995727539,-12.0200004577637,266,0,30,0,143,0,296.410003662109,30.4099998474121,28.2199993133545,-1.77999997138977,131.089996337891,-11.9099998474121,-0.0826499983668327,153341,-0.096730001270771,179463,-0.0140800001099706,26122,-0.089989997446537,166951,-0.00734000001102686,13610,-0.0826499983668327,153341,0,0,-0.0908399969339371,168534,-0.00819000042974949,15193,-0.0538000017404556,99821,-0.0629599988460541,116818,-0.00915999989956617,16997,-0.0585700012743473,108659,-0.00475999992340803,8838,-0.0538000017404556,99821,0,0,-0.0591300018131733,109708,-0.00533000007271767,9887,-25621,-29966,-4345,-28645,-3024,-25621,0,-28617,-2996,1,4.26132726976697,"Cambridge 007","Cambridge 011",4.95,4950,2354,2382,1.16160991321154,1000,0.686868686868687,923,6026,0.00888888888888889,41.692789968652
"98526","E02003725 E02003730","E02003725","E02003730",952,1,53,1,4,144,15,471,257,3,547.02001953125,76.0199966430664,216.429992675781,-40.5699996948242,121.230003356934,-22.7700004577637,496.790008544922,25.7900009155273,244.639999389648,-12.3599996566772,136.020004272461,-7.98000001907349,471,0,257,0,144,0,482.010009765625,11.0100002288818,250.850006103516,-6.15000009536743,140.75,-3.25,0.00676999986171722,-12564,0.00788000039756298,-14621,0.00110999995376915,-2057,0.00669000018388033,-12405,-9.00000013643876e-05,159,0.00676999986171722,-12564,0,0,0.00779999978840351,-14472,0.00103000004310161,-1908,0.000950000016018748,-1759,0.00110999995376915,-2061,0.00015999999595806,-302,0.000769999984186143,-1428,-0.000180000002728775,331,0.000950000016018748,-1759,0,0,0.00150999997276813,-2794,0.000560000014957041,-1035,-16288,-18915,-2627,-17209,-921,-16288,0,-16662,-374,4,1.83355943454037,"Cambridge 007","Cambridge 012",2.269,2229,942,964,1.23748374732602,982.37108858528,0.617011899515205,423,2850,0.00717810677433827,49.4747899159664
"98527","E02003725 E02003731","E02003725","E02003731",813,0,124,1,17,159,25,422,60,1,486.660003662109,64.6600036621094,50.1599998474121,-9.84000015258789,132.559997558594,-26.4400005340576,464,42,53.439998626709,-6.55999994277954,142.149993896484,-16.8500003814697,422,0,60,0,159,0,429.350006103516,7.34999990463257,58.8300018310547,-1.16999995708466,156.089996337891,-2.91000008583069,-0.0856100022792816,158826,-0.0986500009894371,183033,-0.0130500001832843,24207,-0.0917399972677231,170196,-0.00613000011071563,11370,-0.0856100022792816,158826,0,0,-0.0865899994969368,160653,-0.000989999971352518,1827,-0.0564999990165234,104816,-0.0651099979877472,120796,-0.00860999990254641,15980,-0.0605500005185604,112330,-0.00405000010505319,7514,-0.0564999990165234,104816,0,0,-0.0571600012481213,106052,-0.000669999979436398,1236,-34006,-39177,-5171,-37286,-3280,-34006,0,-34569,-563,4,3.17042652212179,"Cambridge 007","Cambridge 013",3.92,3920,1710,1754,1.23642669926208,1000,0.612244897959184,731,4918,0.00943877551020408,51.9065190651907
"98528","E02003725 E02003780","E02003725","E02003780",748,0,172,2,14,257,41,245,15,2,296.339996337891,51.3400001525879,13.4499998092651,-1.54999995231628,230.880004882812,-26.1200008392334,319.940002441406,74.9400024414062,12.6800003051758,-2.3199999332428,219.169998168945,-37.8300018310547,273.440002441406,28.4400005340576,14.3100004196167,-0.689999997615814,241.589996337891,-15.4099998474121,331.359985351562,86.3600006103516,12.5600004196167,-2.44000005722046,212.100006103516,-44.9000015258789,-0.0958700031042099,177869,-0.116030000150204,215271,-0.0201600007712841,37402,-0.123089998960495,228372,-0.0272199995815754,50503,-0.107799999415874,200010,-0.0119300000369549,22141,-0.117190003395081,217432,-0.0213200002908707,39563,-0.062440000474453,115850,-0.0755700021982193,140203,-0.0131299998611212,24353,-0.0801699981093407,148748,-0.0177299994975328,32898,-0.0701899975538254,130226,-0.00774999987334013,14376,-0.0764200016856194,141786,-0.0139800002798438,25936,-37729,-45692,-7963,-49263,-11534,-42421,-4692,-51413,-13684,0,4.99004419408937,"Cambridge 007","South Cambridgeshire 006",5.97,5912,2856,3050,1.19638218977527,990.284757118928,0.552763819095477,1113,15160,0.0162381596752368,32.7540106951872
"98530","E02003725 E02003783","E02003725","E02003783",620,0,70,1,12,207,21,276,30,2,322.480010986328,46.4799995422363,25.9400005340576,-4.05999994277954,179.029998779297,-27.9699993133545,331.839996337891,55.8400001525879,25.0400009155273,-4.96000003814697,173.380004882812,-33.6199989318848,276,0,30,0,207,0,295.140014648438,19.1399993896484,28.4500007629395,-1.54999995231628,195.5,-11.5,-0.0753699988126755,139834,-0.088079996407032,163418,-0.0127100003883243,23584,-0.0895299986004829,166103,-0.0141599997878075,26269,-0.0753699988126755,139834,0,0,-0.0788799971342087,146352,-0.00350999995134771,6518,-0.049090001732111,91081,-0.0573699995875359,106440,-0.00827999971807003,15359,-0.0583099983632565,108188,-0.00922000035643578,17107,-0.049090001732111,91081,0,0,-0.0513899996876717,95349,-0.00230000005103648,4268,-40387,-47187,-6800,-48560,-8173,-40387,0,-43181,-2794,1,3.61160249916573,"Cambridge 007","South Cambridgeshire 009",4.771,5030,2518,2596,1.32102023993562,1054.2863131419,0.649758960385663,889,13947,0.00854870775347913,44.5161290322581
"98531","E02003725 E02003784","E02003725","E02003784",583,1,114,0,20,327,50,64,6,0,81.0699996948242,17.0699996948242,5.80000019073486,-0.200000002980232,316.25,-10.75,92.370002746582,28.3700008392334,5.67999982833862,-0.319999992847443,309.130004882812,-17.8700008392334,79.1800003051758,15.1800003051758,5.78999996185303,-0.209999993443489,317.380004882812,-9.61999988555908,139.970001220703,75.9700012207031,5.09000015258789,-0.910000026226044,279.089996337891,-47.9099998474121,-0.0500099994242191,92788,-0.0633499994874001,117525,-0.0133300004526973,24737,-0.0706299990415573,131047,-0.0206199996173382,38259,-0.0615199990570545,114139,-0.0115099996328354,21351,-0.0870499983429909,161502,-0.0370399989187717,68714,-0.0325799994170666,60438,-0.0412699989974499,76564,-0.0086899995803833,16126,-0.046009998768568,85363,-0.0134399998933077,24925,-0.0401199981570244,74439,-0.00755000021308661,14001,-0.0570000000298023,105742,-0.0244200006127357,45304,-23532,-29817,-6285,-33976,-10444,-29155,-5623,-51537,-28005,2,7.64215051771373,"Cambridge 007","South Cambridgeshire 010",11.489,11420,5764,6038,1.50337264011873,993.994255374706,0.861693794063887,2142,18165,0.0141856392294221,10.9777015437393
"98561","E02003727 E02003731","E02003727","E02003731",536,0,50,2,8,107,14,292,59,4,335.359985351562,43.3600006103516,48.1300010681152,-10.8699998855591,89.0899963378906,-17.9099998474121,310.709991455078,18.7099990844727,53.9900016784668,-5.01000022888184,100.199996948242,-6.80000019073486,300,8,58.310001373291,-0.689999997615814,99.9100036621094,-7.09000015258789,301.880004882812,9.88000011444092,58.1500015258789,-0.850000023841858,98.25,-8.75,-0.0239700004458427,44479,-0.0276599992066622,51320,-0.00368999992497265,6841,-0.0250499993562698,46471,-0.00106999999843538,1992,-0.0254299994558096,47186,-0.00146000005770475,2707,-0.0251499991863966,46665,-0.0011800000211224,2186,-0.0164299998432398,30479,-0.0189500004053116,35149,-0.00252000009641051,4670,-0.017170000821352,31852,-0.000739999988581985,1373,-0.0173799991607666,32242,-0.000950000016018748,1763,-0.0172000005841255,31912,-0.000769999984186143,1433,-13255,-15339,-2084,-14035,-780,-14128,-873,-14332,-1077,0,1.90036001982122,"Cambridge 009","Cambridge 013",2.254,2254,952,962,1.1860910440602,1000,0.576752440106477,420,3134,0.00665483584738243,54.4776119402985
"98586","E02003728 E02003731","E02003728","E02003731",736,0,57,0,5,121,36,341,172,0,402.839996337891,61.8400001525879,145.089996337891,-26.9099998474121,102.449996948242,-18.5499992370605,360.649993896484,19.6499996185303,163.479995727539,-8.52000045776367,115.660003662109,-5.34000015258789,368.769989013672,27.7700004577637,159.789993286133,-12.210000038147,110.190002441406,-10.8100004196167,370.929992675781,29.9300003051758,158.850006103516,-13.1499996185303,109.540000915527,-11.460000038147,-0.00433999998494983,8050,-0.00511999987065792,9500,-0.000780000002123415,1450,-0.00453000003471971,8397,-0.000190000006114133,347,-0.0046399999409914,8611,-0.000300000014249235,561,-0.0035500000230968,6587,0.000790000020060688,-1463,-0.00406000018119812,7534,-0.00480000022798777,8894,-0.000730000028852373,1360,-0.00424000015482306,7857,-0.000169999999343418,323,-0.00438999990001321,8135,-0.00031999999191612,601,-0.00368999992497265,6853,0.000369999994290993,-681,-7290,-8644,-1354,-7680,-390,-8078,-788,-8126,-836,4,0.943974685794583,"Cambridge 010","Cambridge 013",1.436,1436,600,612,1.5212272337486,1000,0.20891364902507,268,2054,0.00278551532033426,46.3315217391304
"98610","E02003729 E02003731","E02003729","E02003731",812,0,168,1,12,244,57,259,67,1,325.260009765625,66.2600021362305,58.9000015258789,-8.10000038146973,214.559997558594,-29.4400005340576,344.790008544922,85.7900009155273,56.6199989318848,-10.3800001144409,206.199996948242,-37.7999992370605,382.049987792969,123.050003051758,52.5200004577637,-14.4799995422363,191,-53,413.5,154.5,48.7200012207031,-18.2800006866455,177.130004882812,-66.870002746582,-0.0395999997854233,73464,-0.0498000010848045,92390,-0.0102000003680587,18926,-0.0493500009179115,91554,-0.00975000020116568,18090,-0.0625799968838692,116099,-0.0229800008237362,42635,-0.0575300008058548,106738,-0.0179399996995926,33274,-0.0259700007736683,48187,-0.032660000026226,60594,-0.00669000018388033,12407,-0.0323599986732006,60045,-0.00639000022783875,11858,-0.0410399995744228,76131,-0.0150600001215935,27944,-0.0378700010478497,70255,-0.0118899997323751,22068,-15993,-20024,-4031,-21172,-5179,-23268,-7275,-25167,-9174,3,1.92301645926334,"Cambridge 011","Cambridge 013",2.698,2698,1082,1126,1.40300411210913,1000,0.593031875463306,503,3754,0.00926612305411416,31.8965517241379
"98629","E02003730 E02003731","E02003730","E02003731",753,0,71,1,5,182,19,340,126,5,400.630004882812,60.6300010681152,107.559997558594,-18.4400005340576,155.690002441406,-26.3099994659424,387.790008544922,47.7900009155273,111.129997253418,-14.8699998855591,158.830001831055,-23.1700000762939,364.989990234375,24.9899997711182,118.150001525879,-7.84999990463257,169.289993286133,-12.710000038147,379.940002441406,39.939998626709,113.470001220703,-12.5299997329712,161.889999389648,-20.1100006103516,-0.0320000015199184,59374,-0.0376800000667572,69900,-0.00566999986767769,10526,-0.0351799987256527,65259,-0.00316999992355704,5885,-0.0345499999821186,64105,-0.00255000009201467,4731,-0.0327400006353855,60733,-0.000730000028852373,1359,-0.0225600004196167,41852,-0.0265599992126226,49278,-0.00400000018998981,7426,-0.0248099993914366,46026,-0.00224999990314245,4174,-0.0243900008499622,45241,-0.00182999996468425,3389,-0.0233299992978573,43280,-0.000769999984186143,1428,-23742,-28057,-4315,-27546,-3804,-25829,-2087,-27045,-3303,4,1.73045313143784,"Cambridge 012","Cambridge 013",3.221,3221,1352,1374,1.86136217241762,1000,0.620925178515989,600,3792,0.00838248990996585,45.1527224435591
"98652","E02003731 E02003785","E02003731","E02003785",733,1,119,1,12,372,56,161,8,1,211.919998168945,50.9199981689453,7.28999996185303,-0.709999978542328,339.070007324219,-32.9300003051758,183.880004882812,22.8799991607666,7.67999982833862,-0.319999992847443,357.529998779297,-14.4700002670288,280.980010986328,119.980003356934,6.30999994277954,-1.69000005722046,292.269989013672,-79.7300033569336,336.640014648438,175.639999389648,5.53000020980835,-2.47000002861023,256.279998779297,-115.720001220703,-0.0561099983751774,104092,-0.0739300027489662,137163,-0.0178299993276596,33071,-0.0635000020265579,117808,-0.00738999992609024,13716,-0.099370002746582,184354,-0.0432600006461143,80262,-0.0955300033092499,177239,-0.0394299998879433,73147,-0.0361399985849857,67042,-0.0476199984550476,88342,-0.0114799998700619,21300,-0.0408999994397163,75876,-0.00475999992340803,8834,-0.0640000030398369,118741,-0.0278699994087219,51699,-0.0615600012242794,114213,-0.0254299994558096,47171,-26688,-35296,-8608,-30474,-3786,-47503,-20815,-56911,-30223,3,4.03959752616735,"Cambridge 013","South Cambridgeshire 011",5.079,5121,2074,2182,1.25730347320487,1008.26934435913,0.689112029927151,947,8949,0.0119117359890646,21.9645293315143
"98664","E02003732 E02003735","E02003732","E02003735",707,0,24,7,7,550,71,6,11,2,33.8499984741211,27.8500003814697,10.5299997329712,-0.469999998807907,528.119995117188,-21.8799991607666,10.1300001144409,4.13000011444092,10.9499998092651,-0.0500000007450581,546.780029296875,-3.22000002861023,146.639999389648,140.639999389648,8.6899995803833,-2.30999994277954,439.559997558594,-110.440002441406,225.070007324219,219.070007324219,7.5,-3.5,378.049987792969,-171.949996948242,-0.0054500000551343,10115,-0.0313999988138676,58256,-0.0259499996900558,48141,-0.00977999996393919,18135,-0.00431999983265996,8020,-0.118400000035763,219671,-0.112949997186661,209556,-0.115599997341633,214473,-0.110150001943111,204358,-0.00359999993816018,6673,-0.0205400008708239,38111,-0.016950000077486,31438,-0.00640999991446733,11884,-0.00280999997630715,5211,-0.0773700028657913,143547,-0.0737700015306473,136874,-0.0761800035834312,141327,-0.0725800022482872,134654,-2114,-11830,-9716,-3547,-1433,-51166,-49052,-78489,-76375,29,7.37502172224265,"East Cambridgeshire 001","East Cambridgeshire 004",8.749,8624,3768,3892,1.1863015906263,985.712652874614,1.08583838152932,1631,34737,0.0100881261595547,0.848656294200849
"98683","E02003733 E02003735","E02003733","E02003735",554,0,25,0,5,452,50,13,7,0,34.8499984741211,21.8500003814697,6.71999979019165,-0.280000001192093,433.75,-18.25,24.8700008392334,11.8699998855591,6.8600001335144,-0.140000000596046,442.140014648438,-9.85999965667725,108.930000305176,95.9300003051758,5.75,-1.25,371.790008544922,-80.2099990844727,167.389999389648,154.389999389648,4.98999977111816,-2.00999999046326,322.959991455078,-129.039993286133,-0.0135500002652407,25133,-0.0362799987196922,67308,-0.0227300003170967,42175,-0.0272700004279613,50601,-0.0137299997732043,25468,-0.0994499996304512,184508,-0.0859000012278557,159375,-0.100359998643398,186192,-0.0868100002408028,161059,-0.00882000010460615,16359,-0.0236300006508827,43839,-0.014809999614954,27480,-0.0177500005811453,32936,-0.00894000008702278,16577,-0.0648399963974953,120290,-0.0560199990868568,103931,-0.0658999979496002,122261,-0.0570800006389618,105902,-5305,-14281,-8976,-10149,-4844,-44752,-39447,-68770,-63465,2,8.60727119004746,"East Cambridgeshire 002","East Cambridgeshire 004",9.661,9605,3848,3900,1.12242309864373,994.203498602629,0.724562674671359,1801,40618,0.00916189484643415,2.34657039711191
"98706","E02003734 E02003735","E02003734","E02003735",1365,0,6,8,6,660,81,177,413,4,287.109985351562,110.110000610352,374.660003662109,-38.3400001525879,598.900024414062,-61.0999984741211,233,56,393.369995117188,-19.6299991607666,629.099975585938,-30.8999996185303,668.030029296875,491.029998779297,242.649993896484,-170.350006103516,386.739990234375,-273.260009765625,681.359985351562,504.359985351562,238.009994506836,-174.990005493164,379.339996337891,-280.660003662109,-0.00817999988794327,15176,-0.0133899999782443,24848,-0.00521000009030104,9672,-0.0110700000077486,20545,-0.00288999988697469,5369,-0.0275500006973743,51112,-0.0193700008094311,35936,-0.00763999996706843,14171,0.000539999979082495,-1005,-0.00604999996721745,11225,-0.00989000033587217,18347,-0.00383999990299344,7122,-0.00819000042974949,15190,-0.00213999999687076,3965,-0.0204600002616644,37964,-0.0144100002944469,26739,-0.00772000011056662,14314,-0.00167000002693385,3089,-7255,-11805,-4550,-9555,-2300,-27607,-20352,-28158,-20903,10,1.28672660173432,"East Cambridgeshire 003","East Cambridgeshire 004",1.464,1474,700,720,1.13777083494407,1006.8306010929,0.341530054644809,273,2346,0.00610583446404342,12.967032967033
"98727","E02003735 E02003736","E02003735","E02003736",605,1,19,3,6,493,55,22,6,0,51.6800003051758,29.6800003051758,5.69000005722046,-0.310000002384186,467.899993896484,-25.1000003814697,43.5,21.5,5.73999977111816,-0.259999990463257,475,-18,151.360000610352,129.360000610352,4.65999984741211,-1.3400000333786,383.660003662109,-109.339996337891,211.199996948242,189.199996948242,4.03999996185303,-1.96000003814697,333.049987792969,-159.949996948242,-0.0204199999570847,37886,-0.0479400008916855,88943,-0.0275199990719557,51057,-0.04245999827981,78772,-0.0220400001853704,40886,-0.123659998178482,229423,-0.103239998221397,191537,-0.115560002624989,214392,-0.0951400026679039,176506,-0.0132400002330542,24570,-0.0310999993234873,57699,-0.0178599990904331,33129,-0.0275599993765354,51139,-0.0143200000748038,26569,-0.0802699998021126,148919,-0.0670199990272522,124349,-0.0753600001335144,139814,-0.0621200017631054,115244,-8134,-19072,-10938,-15975,-7841,-55774,-47640,-77829,-69695,1,6.5157808720559,"East Cambridgeshire 004","East Cambridgeshire 005",8.586,8530,3168,3136,1.31772387202624,993.477754484044,0.535755881667831,1601,12282,0.00480656506447831,3.63636363636364
"98728","E02003735 E02003737","E02003735","E02003737",597,0,23,1,2,519,38,5,8,0,29.9300003051758,24.9300003051758,7.65999984741211,-0.340000003576279,497.140014648438,-21.8600006103516,5.07999992370605,0.0799999982118607,8,0,518.940002441406,-0.0599999986588955,125.319999694824,120.319999694824,6.3600001335144,-1.63999998569489,413.429992675781,-105.569999694824,187.669998168945,182.669998168945,5.51999998092651,-2.48000001907349,358.769989013672,-160.229995727539,-0.00508000003173947,9420,-0.0301600005477667,55950,-0.0250799991190434,46530,-0.00516000017523766,9581,-9.00000013643876e-05,161,-0.109229996800423,202658,-0.104149997234344,193238,-0.104319997131824,193539,-0.0992399975657463,184119,-0.00331000005826354,6132,-0.0196499992161989,36454,-0.0163400005549192,30322,-0.00335999997332692,6236,-5.99999984842725e-05,104,-0.0712300017476082,132152,-0.0679199993610382,126020,-0.068570002913475,127215,-0.0652600005269051,121083,-2078,-12483,-10405,-2109,-31,-52313,-50235,-78338,-76260,1,8.6492009835298,"East Cambridgeshire 004","East Cambridgeshire 006",9.594,9538,3778,3878,1.10923541009965,994.163018553263,0.729622680842193,1788,39579,0.0103795344936045,0.837520938023451
"98772","E02003737 E02003738","E02003737","E02003738",556,0,3,0,6,448,82,10,6,1,44.9900016784668,34.9900016784668,5.6100001335144,-0.389999985694885,419.299987792969,-28.7000007629395,10.8199996948242,0.819999992847443,5.98999977111816,-0.00999999977648258,447.339996337891,-0.660000026226044,185.139999389648,175.139999389648,4.09000015258789,-1.9099999666214,304.209991455078,-143.789993286133,232.529998779297,222.529998779297,3.5699999332428,-2.4300000667572,265.329986572266,-182.669998168945,-0.00717000011354685,13305,-0.0324199981987476,60154,-0.0252500008791685,46849,-0.00781999994069338,14509,-0.000650000001769513,1204,-0.116030000150204,215278,-0.108860000967979,201973,-0.0942400023341179,174842,-0.0870700031518936,161537,-0.00465000001713634,8622,-0.0209800004959106,38932,-0.0163400005549192,30310,-0.00506999995559454,9402,-0.000419999996665865,780,-0.0750899985432625,139322,-0.0704500004649162,130700,-0.061209999024868,113564,-0.0565599985420704,104942,-2739,-12489,-9750,-2962,-223,-51590,-48851,-64797,-62058,0,5.04502315854679,"East Cambridgeshire 006","East Cambridgeshire 007",6.674,6674,2626,2720,1.32288788183134,1000,0.509439616421936,1244,10970,0.00824093497153132,1.79856115107914
"98913","E02003746 E02003748","E02003746","E02003748",881,0,14,18,6,502,70,163,103,3,242.179992675781,79.1800003051758,91.5400009155273,-11.460000038147,446.679992675781,-55.3199996948242,195.520004272461,32.5200004577637,99.4499969482422,-3.54999995231628,478.850006103516,-23.1499996185303,449.459991455078,286.459991455078,60.7799987792969,-42.2200012207031,302.140014648438,-199.860000610352,458.630004882812,295.630004882812,59.7799987792969,-43.2200012207031,295.609985351562,-206.389999389648,-0.0315999984741211,58634,-0.0466100014746189,86479,-0.0150100002065301,27845,-0.0380499996244907,70602,-0.00645000021904707,11968,-0.0776500031352043,144066,-0.0460500009357929,85432,-0.0598200000822544,110974,-0.0282099992036819,52340,-0.0207899995148182,38566,-0.0306800007820129,56914,-0.00989000033587217,18348,-0.0250100009143353,46391,-0.0042200000025332,7825,-0.0511800013482571,94952,-0.0303899999707937,56386,-0.0397300012409687,73713,-0.0189399998635054,35147,-11240,-16676,-5436,-13515,-2275,-30882,-19642,-31524,-20284,2,1.30683755819151,"Fenland 005","Fenland 007",1.927,1920,720,734,1.47455204965697,996.367410482615,0.0518941359626362,359,2778,0.003125,18.5017026106697
"98915","E02003746 E02003750","E02003746","E02003750",895,1,9,13,5,525,70,168,100,2,253.660003662109,85.6600036621094,88.1100006103516,-11.8900003433228,463.279998779297,-61.7200012207031,173.119995117188,5.11999988555908,99.5299987792969,-0.469999998807907,521,-4,468.760009765625,300.760009765625,60.2900009155273,-39.7099990844727,305.690002441406,-219.309997558594,474.899993896484,306.899993896484,59.4000015258789,-40.5999984741211,301.320007324219,-223.679992675781,-0.034170001745224,63391,-0.0526699982583523,97718,-0.0185000002384186,34327,-0.0353999994695187,65684,-0.00124000001233071,2293,-0.0912000015377998,169211,-0.0570399984717369,105820,-0.0697600021958351,129426,-0.0355900004506111,66035,-0.0225399993360043,41822,-0.0347100012004375,64389,-0.0121600003913045,22567,-0.0233500003814697,43316,-0.000809999997727573,1494,-0.0600100010633469,111341,-0.0374700017273426,69519,-0.0462500005960464,85798,-0.023700000718236,43976,-12700,-19465,-6765,-13157,-457,-36903,-24203,-37379,-24679,3,1.49062405962523,"Fenland 005","Fenland 009",1.945,1938,736,738,1.30482262609461,996.401028277635,0.154241645244216,363,2978,0.00154798761609907,18.7709497206704
"98924","E02003747 E02003749","E02003747","E02003749",594,0,8,1,3,437,30,61,52,2,118.379997253418,57.3800010681152,46.4199981689453,-5.57999992370605,389.890014648438,-47.1100006103516,71.6800003051758,10.6800003051758,51,-1,428.070007324219,-8.93000030517578,303.779998779297,242.779998779297,28.2399997711182,-23.7600002288818,238.279998779297,-198.720001220703,316.100006103516,255.100006103516,27.0400009155273,-24.9599990844727,228.160003662109,-208.839996337891,-0.0201500002294779,37391,-0.0390099994838238,72378,-0.0188599992543459,34987,-0.0235099997371435,43617,-0.00335999997332692,6226,-0.0885699987411499,164323,-0.0684200003743172,126932,-0.0663900002837181,123176,-0.0462399981915951,85785,-0.0131400004029274,24383,-0.025450000539422,47208,-0.0122999995946884,22825,-0.0153299998492002,28442,-0.00218999991193414,4059,-0.0577999986708164,107242,-0.044659998267889,82859,-0.0435799993574619,80853,-0.0304400008171797,56470,-7598,-14662,-7064,-8936,-1338,-37400,-29802,-38917,-31319,0,2.69679463348944,"Fenland 006","Fenland 008",2.944,2944,1140,1182,1.09166636696792,1000,0.135869565217391,549,10267,0.0047554347826087,10.2693602693603
"98939","E02003748 E02003750","E02003748","E02003750",580,0,6,7,3,289,44,105,125,1,154.559997558594,49.560001373291,111.970001220703,-13.0299997329712,258.880004882812,-30.1200008392334,105,0,125,0,289,0,292.779998779297,187.779998779297,75.6100006103516,-49.3899993896484,174.820007324219,-114.180000305176,294.109985351562,189.110000610352,75.2399978637695,-49.7599983215332,173.960006713867,-115.040000915527,-0.0100299995392561,18613,-0.0147700002416968,27400,-0.00473999977111816,8787,-0.0100299995392561,18613,0,0,-0.0250700004398823,46508,-0.0150399999693036,27895,-0.0156399998813868,29016,-0.00560999987646937,10403,-0.00689999992027879,12793,-0.0101500004529953,18832,-0.00325999991036952,6039,-0.00689999992027879,12793,0,0,-0.0172700006514788,32037,-0.0103700002655387,19244,-0.0112100001424551,20802,-0.00431999983265996,8009,-4798,-7061,-2263,-4798,0,-13380,-8582,-13445,-8647,0,1.15435764661243,"Fenland 007","Fenland 009",1.47,1470,558,570,1.27343549402895,1000,0.136054421768707,274,2532,0.00204081632653061,18.1034482758621
"99119","E02003760 E02003762","E02003760","E02003762",530,0,5,6,4,338,37,53,84,3,83.4700012207031,30.4699993133545,78.5699996948242,-5.42999982833862,316.489990234375,-21.5100002288818,63.3699989318848,10.3699998855591,82.8000030517578,-1.20000004768372,329.950012207031,-8.05000019073486,169.820007324219,116.819999694824,64.2900009155273,-19.7099990844727,254.259994506836,-83.7399978637695,220.110000610352,167.110000610352,55.310001373291,-28.6900005340576,218.75,-119.25,-0.0153200002387166,28417,-0.0247499998658895,45917,-0.00942999962717295,17500,-0.0187899991869926,34861,-0.00347000011242926,6444,-0.0493899993598461,91627,-0.0340700000524521,63210,-0.0360100008547306,66815,-0.0207000002264977,38398,-0.0113099999725819,20989,-0.018130000680685,33637,-0.00681999977678061,12648,-0.0137000000104308,25409,-0.00237999996170402,4420,-0.0359099991619587,66615,-0.0245900005102158,45626,-0.0285299997776747,52939,-0.0172199998050928,31950,-11313,-18036,-6723,-13824,-2511,-37481,-26168,-48579,-37266,0,4.4129573241313,"Huntingdonshire 008","Huntingdonshire 010",6.156,6080,2564,2694,1.39498289873261,987.654320987654,0.893437296946069,1148,7808,0.0136513157894737,10
"99121","E02003760 E02003764","E02003760","E02003764",1273,0,50,18,17,571,110,129,371,3,220.050003051758,91.0500030517578,341.519989013672,-29.4799995422363,525.450012207031,-45.5499992370605,159.360000610352,30.3600006103516,362.040008544922,-8.96000003814697,554.169982910156,-16.8299999237061,560.789978027344,431.790008544922,230.559997558594,-140.440002441406,356.260009765625,-214.740005493164,625.450012207031,496.450012207031,209.630004882812,-161.369995117188,323.910003662109,-247.089996337891,-0.008500000461936,15770,-0.0143200000748038,26574,-0.00582000007852912,10804,-0.0105499997735023,19573,-0.00205000001005828,3803,-0.0334100015461445,61986,-0.0249099992215633,46216,-0.0118899997323751,22068,-0.00338999996893108,6298,-0.00607000011950731,11258,-0.0102500002831221,19007,-0.00418000016361475,7749,-0.00750999990850687,13923,-0.0014400000218302,2665,-0.0241100005805492,44737,-0.0180500000715256,33479,-0.0105900000780821,19636,-0.00451999995857477,8378,-7910,-13387,-5477,-9933,-2023,-33736,-25826,-37626,-29716,4,1.59501888496196,"Huntingdonshire 008","Huntingdonshire 012",2.364,2297,1010,1064,1.48211411306041,971.65820642978,0.930626057529611,441,3044,0.0152372659991293,10.1335428122545
"99137","E02003761 E02003764","E02003761","E02003764",681,0,20,7,10,402,54,76,111,0,130.490005493164,54.4900016784668,101.019996643066,-9.97999954223633,365.779998779297,-36.2200012207031,121.26000213623,45.2599983215332,102.800003051758,-8.19999980926514,371.799987792969,-30.2000007629395,312.359985351562,236.360000610352,67.9000015258789,-43.0999984741211,244.600006103516,-157.399993896484,343.920013427734,267.920013427734,62.0200004577637,-48.9799995422363,223.75,-178.25,-0.0112199997529387,20809,-0.0193199999630451,35843,-0.00810000021010637,15034,-0.0173300001770258,32146,-0.00610999995842576,11337,-0.0444799996912479,82530,-0.033270001411438,61721,-0.0315099991858006,58460,-0.0202900003641844,37651,-0.00748000014573336,13875,-0.0128800002858043,23889,-0.00540000014007092,10014,-0.0115499999374151,21421,-0.00406999979168177,7546,-0.0296599995344877,55034,-0.0221900008618832,41159,-0.0214300006628036,39765,-0.0139499995857477,25890,-7691,-13222,-5531,-12296,-4605,-31712,-24021,-34905,-27214,1,2.19596341683049,"Huntingdonshire 009","Huntingdonshire 012",2.98,3454,1490,1650,1.3570353573108,1159.06040268456,0.63758389261745,556,4357,0.00926462072958888,11.1600587371512
"99153","E02003762 E02003764","E02003762","E02003764",1117,0,20,4,11,777,80,122,101,1,202.550003051758,80.5500030517578,92.75,-8.25,714.150024414062,-62.8499984741211,171.919998168945,49.9199981689453,96.7600021362305,-4.23999977111816,737.409973144531,-39.5900001525879,454.989990234375,332.989990234375,67.7699966430664,-33.2299995422363,516.549987792969,-260.450012207031,532.650024414062,410.649993896484,59.8199996948242,-41.1800003051758,455.959991455078,-321.040008544922,-0.0324500016868114,60206,-0.0542699992656708,100684,-0.0218199994415045,40478,-0.0452100001275539,83881,-0.0127600003033876,23675,-0.118950001895428,220686,-0.086499996483326,160480,-0.100720003247261,186871,-0.0682699978351593,126665,-0.0212200004607439,39369,-0.0354700013995171,65802,-0.0142500000074506,26433,-0.0295299999415874,54779,-0.00831000041216612,15410,-0.0777100026607513,144167,-0.0564900003373623,104798,-0.066200003027916,122818,-0.0449800007045269,83449,-20809,-34639,-13830,-29520,-8711,-78118,-57309,-91451,-70642,1,2.87147288262798,"Huntingdonshire 010","Huntingdonshire 012",4.325,4326,1834,1940,1.50619566222118,1000.23121387283,0.763005780346821,806,5102,0.0147942672214517,10.9221128021486
"99168","E02003763 E02003764","E02003763","E02003764",550,0,34,2,8,442,31,17,14,1,37.2000007629395,20.2000007629395,13.4700002670288,-0.529999971389771,425.25,-16.75,27.6900005340576,10.6899995803833,13.7399997711182,-0.259999990463257,433.119995117188,-8.88000011444092,102.419998168945,85.4199981689453,11.789999961853,-2.21000003814697,371.149993896484,-70.8499984741211,162.479995727539,145.479995727539,10.210000038147,-3.78999996185303,321.339996337891,-120.660003662109,-0.0121499998494983,22532,-0.0266299992799759,49397,-0.0144800003618002,26865,-0.0190900005400181,35419,-0.00694999983534217,12887,-0.069470003247261,128888,-0.0573300011456013,106356,-0.0723399966955185,134213,-0.060199998319149,111681,-0.00803999975323677,14919,-0.0176100004464388,32674,-0.00956999976187944,17755,-0.0126200001686811,23418,-0.00457999994978309,8499,-0.0459700003266335,85282,-0.0379300005733967,70363,-0.0485799983143806,90129,-0.0405399985611439,75210,-6862,-15022,-8160,-11184,-4322,-41377,-34515,-65637,-58775,1,7.9571011156056,"Huntingdonshire 011","Huntingdonshire 012",9.568,9568,4286,4366,1.20244795950061,1000,0.919732441471572,1784,28410,0.0109740802675585,3.09090909090909
"99169","E02003763 E02003765","E02003763","E02003765",949,0,32,9,5,511,76,148,167,1,221.179992675781,73.1800003051758,151.679992675781,-15.3199996948242,464.329986572266,-46.6699981689453,176.770004272461,28.7700004577637,160.880004882812,-6.11999988555908,492.679992675781,-18.3199996948242,451.269989013672,303.269989013672,104.220001220703,-62.7799987792969,317.420013427734,-193.580001831055,469.700012207031,321.700012207031,100.360000610352,-66.6399993896484,305.670013427734,-205.330001831055,-0.0102700004354119,19059,-0.0154400002211332,28650,-0.0051699997857213,9591,-0.0120900003239512,22422,-0.00181000004522502,3363,-0.0306000001728535,56771,-0.0203300006687641,37712,-0.0210500005632639,39050,-0.010780000127852,19991,-0.00690999999642372,12821,-0.0103799998760223,19260,-0.00347000011242926,6439,-0.00812999997287989,15082,-0.00121999997645617,2261,-0.0205799993127584,38173,-0.0136599997058511,25352,-0.014469999819994,26848,-0.00755999982357025,14027,-7453,-11145,-3692,-8902,-1449,-22767,-15314,-23697,-16244,0,1.23876895369068,"Huntingdonshire 011","Huntingdonshire 013",1.555,1656,586,674,1.25527847252481,1064.95176848875,0.514469453376206,290,2228,0.0072463768115942,15.595363540569
"99187","E02003764 E02003766","E02003764","E02003766",765,0,7,5,6,452,54,106,130,2,165.229995727539,59.2299995422363,118.309997558594,-11.6899995803833,411.380004882812,-40.6199989318848,141.720001220703,35.7200012207031,122.940002441406,-7.05999994277954,427.5,-24.5,330.950012207031,224.949996948242,85.629997253418,-44.3699989318848,297.709991455078,-154.289993286133,376.149993896484,270.149993896484,76.7099990844727,-53.2900009155273,266.700012207031,-185.300003051758,-0.0198599994182587,36837,-0.0309599991887808,57445,-0.0111100003123283,20608,-0.025900000706315,48051,-0.00604999996721745,11214,-0.0596400015056133,110642,-0.0397799983620644,73805,-0.0445900000631809,82732,-0.0247399993240833,45895,-0.0132799996063113,24637,-0.0207100007683039,38418,-0.00743000023066998,13781,-0.0173199996352196,32137,-0.00404000002890825,7500,-0.0399300009012222,74076,-0.0266500003635883,49439,-0.0304700005799532,56535,-0.0171900000423193,31898,-14635,-22816,-8181,-19567,-4932,-45715,-31080,-51962,-37327,3,2.8330253320185,"Huntingdonshire 012","Huntingdonshire 014",4.058,3870,1756,1952,1.43239100411034,953.671759487432,0.665352390340069,756,4795,0.0126614987080103,13.8562091503268
"99274","E02003771 E02003773","E02003771","E02003773",738,0,11,5,3,309,46,99,257,2,159.179992675781,60.1800003051758,232.809997558594,-24.1900005340576,279.880004882812,-29.1200008392334,145.740005493164,46.7400016784668,236.910003662109,-20.0900001525879,288.040008544922,-20.9599990844727,358.940002441406,259.940002441406,152.389999389648,-104.610000610352,183.380004882812,-125.620002746582,373.329986572266,274.329986572266,146.600006103516,-110.400001525879,176.429992675781,-132.570007324219,-0.00260000000707805,4814,-0.00414999993517995,7704,-0.00156000000424683,2890,-0.00334999989718199,6213,-0.000750000006519258,1399,-0.00825999956578016,15328,-0.00566999986767769,10514,0.00199000001884997,-3691,0.00457999994978309,-8505,-0.0021100000012666,3913,-0.00337999989278615,6269,-0.00127000000793487,2356,-0.00279999990016222,5186,-0.000690000015310943,1273,-0.00689999992027879,12795,-0.00479000015184283,8882,-0.000369999994290993,687,0.00173999997787178,-3226,-4369,-7017,-2648,-6275,-1906,-15795,-11426,-16428,-12059,6,1.46141793583377,"Huntingdonshire 019","Huntingdonshire 021",1.788,1790,824,840,1.22346931439561,1001.11856823266,0.447427293064877,333,3641,0.00670391061452514,13.4146341463415
"99284","E02003773 E02003774","E02003773","E02003774",668,0,34,8,4,409,65,86,62,0,140.179992675781,54.1800003051758,56.2299995422363,-5.76999998092651,370.920013427734,-38.0800018310547,123.300003051758,37.2999992370605,58.0699996948242,-3.9300000667572,382.630004882812,-26.3700008392334,312.790008544922,226.789993286133,37.8899993896484,-24.1100006103516,249.429992675781,-159.570007324219,339.589996337891,253.589996337891,35.0299987792969,-26.9699993133545,230.630004882812,-178.369995117188,-0.0142799997702241,26500,-0.0233200006186962,43264,-0.00903999991714954,16764,-0.0199400000274181,36984,-0.00565000018104911,10484,-0.0503400005400181,93401,-0.0360600017011166,66901,-0.0398899987339973,73996,-0.0255999993532896,47496,-0.00934000033885241,17322,-0.0152399996295571,28278,-0.00590999983251095,10956,-0.0130300000309944,24172,-0.00368999992497265,6850,-0.0329100005328655,61065,-0.0235799998044968,43743,-0.0262400005012751,48678,-0.0168999992311001,31356,-8229,-13444,-5215,-11850,-3621,-30100,-21871,-32673,-24444,0,1.92303044034376,"Huntingdonshire 021","Huntingdonshire 022",2.659,2658,1094,1174,1.38271342159549,999.623918766454,0.639338097028958,496,4001,0.00978179082016554,12.874251497006
"99366","E02003780 E02003781","E02003780","E02003781",506,0,5,0,7,269,16,143,63,3,185.759994506836,42.7599983215332,55.5,-7.5,237.389999389648,-31.6100006103516,175.490005493164,32.4900016784668,57.6199989318848,-5.38000011444092,244.630004882812,-24.3700008392334,224.25,81.25,49.3899993896484,-13.6099996566772,208.240005493164,-60.7599983215332,250.389999389648,107.389999389648,44.7999992370605,-18.2000007629395,188.919998168945,-80.0800018310547,-0.0294400006532669,54618,-0.0383699983358383,71180,-0.00892999954521656,16562,-0.0359699986875057,66743,-0.0065399999730289,12125,-0.0467699989676476,86774,-0.0173300001770258,32156,-0.0422100014984608,78308,-0.0127699999138713,23690,-0.0195799991488457,36327,-0.0255100000649691,47328,-0.00592999998480082,11001,-0.0239100009202957,44359,-0.00432999990880489,8032,-0.03108000010252,57667,-0.0115000000223517,21340,-0.0282700005918741,52449,-0.0086899995803833,16122,-24932,-32437,-7505,-30718,-5786,-39361,-14429,-43949,-19017,0,3.52458897338147,"South Cambridgeshire 006","South Cambridgeshire 007",4.668,4668,2094,2164,1.32440974969105,1000,0.278491859468723,870,8863,0.0051413881748072,28.2608695652174
"99460","E02003789 E02003791","E02003789","E02003791",613,0,19,0,12,452,34,73,22,0,121.120002746582,48.1199989318848,20.0200004577637,-1.98000001907349,411.779998779297,-40.2200012207031,94.9800033569336,21.9799995422363,21.2199993133545,-0.779999971389771,433.209991455078,-18.7900009155273,261.950012207031,188.949996948242,14.4200000762939,-7.57999992370605,293.440002441406,-158.559997558594,298.679992675781,225.679992675781,12.9099998474121,-9.09000015258789,262.739990234375,-189.259994506836,-0.0205799993127584,38175,-0.0342199988663197,63482,-0.0136399995535612,25307,-0.0264699999243021,49116,-0.0059000002220273,10941,-0.0747400000691414,138658,-0.0541599988937378,100483,-0.065190002322197,120947,-0.0446100011467934,82772,-0.0133100003004074,24685,-0.0221200007945299,41043,-0.00882000010460615,16358,-0.0171099994331598,31751,-0.00380999990738928,7066,-0.048310000449419,89636,-0.0350099988281727,64951,-0.0422200001776218,78321,-0.0289099998772144,53636,-13680,-22791,-9111,-17936,-4256,-49603,-35923,-56560,-42880,1,3.23263851921766,"South Cambridgeshire 015","South Cambridgeshire 017",4.451,4451,1782,1946,1.37689382018414,1000,0.516737811727702,830,11029,0.0141541226690631,11.9086460032626
