"","id","msoa1","msoa2","geo_label1","geo_label2","all","bicycle","foot","car_driver","car_passenger","train","light_rail","bus","taxi","motorbike","other","clc","govtarget_slc","govtarget_sic","govtarget_slw","govtarget_sld","govtarget_sid","gendereq_slc","gendereq_sic","gendereq_slw","gendereq_sld","gendereq_sid","dutch_slc","dutch_sic","dutch_slw","dutch_sld","dutch_sid","ebike_slc","ebike_sic","ebike_slw","ebike_sld","ebike_sid","govtarget_sldeath_heat","govtarget_slvalue_heat","govtarget_sideath_heat","govtarget_sivalue_heat","gendereq_sldeath_heat","gendereq_slvalue_heat","gendereq_sideath_heat","gendereq_sivalue_heat","dutch_sldeath_heat","dutch_slvalue_heat","dutch_sideath_heat","dutch_sivalue_heat","ebike_sldeath_heat","ebike_slvalue_heat","ebike_sideath_heat","ebike_sivalue_heat","govtarget_slco2","govtarget_sico2","gendereq_slco2","gendereq_sico2","dutch_slco2","dutch_sico2","ebike_slco2","ebike_sico2","dist","dist_fast","dist_quiet","cirquity","distq_f","avslope","avslope_q","time_fast","time_quiet"
"1","E02003581 E02003582","E02003581","E02003582","Isle of Wight 001","Isle of Wight 002",759,50,282,344,44,2,0,24,2,9,2,6.58762,76.28,26.28,271.54999,331.25,-12.75,89.35,39.35,266.37,325.01001,-18.99,221.24001,171.24001,213.88,260.88,-83.12,298.03,248.03,183.34,223.63,-120.37,-0.00173,3209,-6e-04,1104,-0.00165,3060,-0.00052,955,-0.00409,7589,-0.00296,5484,1e-04,-185,0.00124,-2290,-2047,-706,-2392,-1051,-5945,-4604,-8009,-6668,0.9771,0.00142,0.00142,0.00146,1,2.38764,2.38764,1114,1114
"2","E02003581 E02003583","E02003581","E02003583","Isle of Wight 001","Isle of Wight 003",510,53,296,128,7,0,1,13,1,8,3,10.39216,68,15,286.26999,123.82,-4.18,74.11,21.11,282.32001,122.09,-5.91,125.38,72.38,249.46001,107.23,-20.77,198.97,145.97,201.74001,86.72,-41.28,0.00285,-5286,6e-04,-1112,0.00273,-5069,0.00048,-895,0.00487,-9034,0.00262,-4860,0.01342,-24890,0.01117,-20716,-1807,-411,-1977,-581,-3440,-2044,-5460,-4064,1.27318,0.00192,0.00192,0.00151,1,3.48052,3.48052,4910,4910
"3","E02003581 E02003584","E02003581","E02003584","Isle of Wight 001","Isle of Wight 004",118,3,6,83,5,0,1,16,0,3,1,2.54237,3.96,0.96,5.95,82.31,-0.69,6.89,3.89,5.77,80.13,-2.87,3.01,0.01,6,82.99,-0.01,10.81,7.81,5.59,77.36,-5.64,-0.00485,8988,-0.00117,2178,-0.0064,11866,-0.00273,5056,-0.00368,6824,-1e-05,14,-0.00966,17915,-0.00599,11105,-2603,-631,-4588,-2616,-1977,-5,-7108,-5136,10.28967,0.01817,0.01817,0.00177,1,2.8345,2.8345,9706,9706
"4","E02003581 E02003585","E02003581","E02003585","Isle of Wight 001","Isle of Wight 005",67,4,2,49,6,0,0,4,0,2,0,5.97015,5.06,1.06,1.97,48.18,-0.82,8.17,4.17,1.85,45.77,-3.23,4.88,0.88,2,48.29,-0.71,11.33,7.33,1.8,43.27,-5.73,-0.00549,10185,-0.00116,2143,-0.00694,12880,-0.00261,4838,-0.00511,9484,-0.00078,1442,-0.00844,15655,-0.0041,7613,-2561,-540,-4141,-2120,-2487,-466,-5784,-3763,6.21952,0.01316,0.01316,0.00212,1,2.52943,2.52943,6652,6652
"5","E02003581 E02003586","E02003581","E02003586","Isle of Wight 001","Isle of Wight 006",47,0,2,33,4,0,2,3,0,3,0,0,0.43,0.43,1.98,32.7,-0.3,0,0,2,33,0,1.44,1.44,1.94,31.99,-1.01,4.81,4.81,1.8,29.62,-3.38,-0.00052,972,-0.00052,972,0,0,0,0,-0.00151,2795,-0.00151,2795,-0.00349,6481,-0.00349,6481,-255,-255,0,0,-863,-863,-2896,-2896,9.50239,0.01712,0.01712,0.0018,1,2.79822,2.79822,9088,9088
"6","E02003581 E02003587","E02003581","E02003587","Isle of Wight 001","Isle of Wight 007",78,1,1,62,2,0,0,9,0,3,0,1.28205,1.59,0.59,0.99,61.52,-0.48,1.59,0.59,0.99,61.58,-0.42,1.82,0.82,1,61.25,-0.75,6.83,5.83,0.93,57.22,-4.78,-0.00199,3699,-0.00075,1382,-0.00167,3097,-0.00042,780,-0.00213,3951,-0.00088,1634,-0.00597,11071,-0.00472,8754,-1099,-441,-1044,-386,-1350,-692,-5087,-4429,10.72282,0.01961,0.01961,0.00183,1,3.07465,3.07465,10144,10144
"7","E02003581 E02003588","E02003581","E02003588","Isle of Wight 001","Isle of Wight 008",681,57,17,485,35,0,0,72,0,13,2,8.37004,82.68,25.68,16.3,465.03,-19.97,92.6,35.6,16.02,457.34,-27.66,147.89,90.89,14.45,414.42999,-70.57,231.77,174.77,12.17,349.23001,-135.77,-0.05131,95194,-0.01591,29526,-0.04807,89186,-0.01268,23518,-0.08102,150309,-0.04562,84641,-0.09015,167262,-0.05476,101594,-24304,-7539,-27210,-10445,-43410,-26645,-68033,-51268,6.07044,0.00766,0.00766,0.00126,1,2.3095,2.3095,3946,3946
"8","E02003581 E02003589","E02003581","E02003589","Isle of Wight 001","Isle of Wight 009",467,27,16,295,19,0,0,91,0,19,0,5.78158,46.43,19.43,15.29,281.97,-13.03,47.13,20.13,15.18,281.57001,-13.43,111.21,84.21,13.01,238.49001,-56.51,166.17,139.17,11,201.64,-93.36,-0.02744,50906,-0.01151,21362,-0.02274,42193,-0.00682,12649,-0.05643,104691,-0.0405,75147,-0.05731,106334,-0.04139,76790,-11375,-4772,-11521,-4918,-27306,-20703,-40805,-34202,6.07301,0.00731,0.00731,0.0012,1,2.42233,2.42233,3724,3724
"9","E02003581 E02003590","E02003581","E02003590","Isle of Wight 001","Isle of Wight 010",68,0,7,50,0,0,0,6,0,5,0,0,0.36,0.36,6.96,49.73,-0.27,0,0,7,50,0,0.69,0.69,6.93,49.49,-0.51,3.92,3.92,6.6,47.12,-2.88,-0.00043,799,-0.00043,799,0,0,0,0,-0.00069,1288,-0.00069,1288,-0.0038,7058,-0.0038,7058,-335,-335,0,0,-635,-635,-3614,-3614,15.79489,0.02664,0.02664,0.00169,1,2.63089,2.63089,13124,13124
"10","E02003581 E02003591","E02003581","E02003591","Isle of Wight 001","Isle of Wight 011",243,8,5,171,15,0,0,39,0,5,0,3.29218,17.89,9.89,4.79,163.81,-7.19,11.49,3.49,4.96,168.41,-2.59,54.87,46.87,4.09,136.75,-34.25,82.8,74.8,3.48,116.45,-54.55,-0.01167,21646,-0.0065,12059,-0.0065,12064,-0.00134,2477,-0.03025,56115,-0.02508,46528,-0.03028,56177,-0.02511,46590,-5090,-2853,-3266,-1029,-15835,-13598,-23894,-21657,7.02108,0.00796,0.00796,0.00113,1,2.29784,2.29784,4078,4078
"11","E02003581 E02003592","E02003581","E02003592","Isle of Wight 001","Isle of Wight 012",78,0,6,53,4,0,0,11,0,3,1,0,0.51,0.51,5.96,52.66,-0.34,0,0,6,53,0,1.15,1.15,5.91,52.22,-0.78,5.21,5.21,5.6,49.46,-3.54,-0.00061,1127,-0.00061,1127,0,0,0,0,-0.00117,2179,-0.00117,2179,-0.00463,8586,-0.00463,8586,-388,-388,0,0,-880,-880,-4010,-4010,18.06856,0.02233,0.02233,0.00124,1,2.24382,2.24382,10406,10406
"12","E02003581 E02003593","E02003581","E02003593","Isle of Wight 001","Isle of Wight 013",111,6,3,87,6,0,0,5,0,3,1,5.40541,7.44,1.44,2.96,85.81,-1.19,8.99,2.99,2.96,84.54,-2.46,6.71,0.71,2.97,86.41,-0.59,17.46,11.46,2.65,77.5,-9.5,-0.00813,15076,-0.00157,2914,-0.00845,15675,-0.00189,3513,-0.00716,13274,-6e-04,1112,-0.01292,23972,-0.00637,11810,-4027,-780,-4854,-1607,-3635,-388,-9463,-6216,10.48709,0.01294,0.01294,0.00123,1,2.58154,2.58154,6554,6554
"13","E02003581 E02003594","E02003581","E02003594","Isle of Wight 001","Isle of Wight 014",63,0,2,45,8,0,0,6,0,1,1,0,0.47,0.47,1.99,44.67,-0.33,0,0,2,45,0,1.36,1.36,1.96,44.03,-0.97,5.26,5.26,1.83,41.24,-3.76,-0.00058,1072,-0.00058,1072,0,0,0,0,-0.00144,2676,-0.00144,2676,-0.00432,8023,-0.00432,8023,-317,-317,0,0,-932,-932,-3597,-3597,14.8101,0.01948,0.01948,0.00132,1,2.50513,2.50513,9882,9882
"14","E02003581 E02003595","E02003581","E02003595","Isle of Wight 001","Isle of Wight 015",106,3,9,79,4,0,0,9,0,2,0,2.83019,3.85,0.85,8.93,78.35,-0.65,4.35,1.35,8.92,77.86,-1.14,3,0,9,79,0,9.12,6.12,8.46,74.33,-4.67,-0.0046,8528,-0.00101,1872,-0.00453,8406,-0.00094,1750,-0.00359,6656,0,0,-0.00837,15523,-0.00478,8867,-2844,-620,-3317,-1093,-2224,0,-6697,-4473,15.0455,0.01908,0.01908,0.00127,1,2.55752,2.55752,9592,9592
"15","E02003581 E02003596","E02003581","E02003596","Isle of Wight 001","Isle of Wight 016",60,0,3,39,6,0,0,10,0,2,0,0,0.43,0.43,2.98,38.72,-0.28,0,0,3,39,0,1.1,1.1,2.94,38.28,-0.72,4.49,4.49,2.78,36.08,-2.92,-0.00053,978,-0.00053,978,0,0,0,0,-0.00115,2136,-0.00115,2136,-0.00376,6980,-0.00376,6980,-293,-293,0,0,-750,-750,-3062,-3062,16.12777,0.02089,0.02089,0.0013,1,2.51353,2.51353,10538,10538
"16","E02003581 E02003597","E02003581","E02003597","Isle of Wight 001","Isle of Wight 017",51,1,3,41,3,0,0,2,0,0,1,1.96078,1.51,0.51,2.97,40.59,-0.41,1.57,0.57,2.94,40.6,-0.4,2.3,1.3,2.94,39.9,-1.1,5.26,4.26,2.78,37.4,-3.6,-0.0018,3337,-0.00062,1142,-0.00157,2916,-0.00039,721,-0.00254,4705,-0.00135,2510,-0.00433,8040,-0.00315,5845,-979,-364,-966,-351,-1583,-968,-3784,-3169,15.77655,0.01768,0.01768,0.00112,1,2.25075,2.25075,8988,8988
"17","E02003581 E02003598","E02003581","E02003598","Isle of Wight 001","Isle of Wight 018",44,0,2,37,0,0,0,1,0,3,1,0,0.26,0.26,1.99,36.78,-0.22,0,0,2,37,0,0.57,0.57,1.97,36.52,-0.48,2.8,2.8,1.87,34.65,-2.35,-0.00032,588,-0.00032,588,0,0,0,0,-6e-04,1112,-6e-04,1112,-0.00258,4790,-0.00258,4790,-248,-248,0,0,-551,-551,-2699,-2699,18.76162,0.02317,0.02317,0.00124,1,2.71448,2.71448,12230,12230
"18","E02003582 E02003583","E02003582","E02003583","Isle of Wight 002","Isle of Wight 003",320,50,64,176,14,0,0,7,0,6,3,15.625,61.26,11.26,61.27,168.7,-7.3,58.93,8.93,61.7,170.31,-5.69,84.66,34.66,56.96,152.59,-23.41,130.34,80.34,45.9,122.97,-53.03,-0.00808,14996,-0.00161,2989,-0.00717,13296,-0.00069,1289,-0.01108,20557,-0.00461,8550,-0.01134,21047,-0.00487,9040,-6061,-1141,-5809,-889,-8579,-3659,-13210,-8290,2.02001,0.0034,0.0034,0.00168,1,2.91176,2.91176,5556,5556
"19","E02003582 E02003584","E02003582","E02003584","Isle of Wight 002","Isle of Wight 004",86,2,5,62,4,0,0,5,0,7,1,2.32558,2.68,0.68,4.96,61.5,-0.5,2.7,0.7,5,61.38,-0.62,3.36,1.36,4.88,61.11,-0.89,7.8,5.8,4.55,58.01,-3.99,-0.00336,6229,-0.00082,1525,-0.00304,5644,-0.00051,940,-0.00391,7258,-0.00138,2554,-0.00685,12717,-0.00432,8013,-2082,-454,-2194,-566,-2434,-806,-5252,-3624,11.02397,0.01764,0.01764,0.0016,1,2.71511,2.71511,9076,9076
"20","E02003582 E02003585","E02003582","E02003585","Isle of Wight 002","Isle of Wight 005",97,3,2,82,2,0,0,3,0,5,0,3.09278,4.47,1.47,1.97,80.71,-1.29,4.71,1.71,1.95,80.52,-1.48,6.53,3.53,1.94,78.9,-3.1,16.23,13.23,1.73,70.44,-11.56,-0.00488,9056,-0.00161,2992,-0.00434,8056,-0.00107,1992,-0.00633,11750,-0.00307,5686,-0.01071,19869,-0.00744,13805,-2535,-839,-2665,-969,-3723,-2027,-9254,-7558,6.7763,0.01264,0.01264,0.00187,1,2.35006,2.35006,6022,6022
"21","E02003582 E02003586","E02003582","E02003586","Isle of Wight 002","Isle of Wight 006",64,1,1,58,1,0,0,1,0,1,1,1.5625,1.56,0.56,0.99,57.49,-0.51,1.61,0.61,0.99,57.45,-0.55,1.9,0.9,0.99,57.15,-0.85,6.48,5.48,0.92,52.93,-5.07,-0.00195,3621,-7e-04,1301,-0.00169,3137,-0.00044,817,-0.00221,4102,-0.00096,1782,-0.00533,9881,-0.00408,7561,-1206,-439,-1237,-470,-1490,-723,-5098,-4331,10.17353,0.01659,0.01659,0.00163,1,2.67012,2.67012,8458,8458
"22","E02003582 E02003587","E02003582","E02003587","Isle of Wight 002","Isle of Wight 007",76,3,1,60,10,0,0,2,0,0,0,3.94737,3.56,0.56,0.99,59.54,-0.46,3.97,0.97,0.99,59.2,-0.8,3,0,1,60,0,6.61,3.61,0.94,57.04,-2.96,-0.00448,8314,-0.00071,1309,-0.00448,8301,-7e-04,1296,-0.00378,7005,0,0,-0.00667,12381,-0.0029,5376,-2708,-426,-3015,-733,-2282,0,-5012,-2730,11.41586,0.01909,0.01909,0.00167,1,2.97092,2.97092,9514,9514
"23","E02003582 E02003588","E02003582","E02003588","Isle of Wight 002","Isle of Wight 008",722,43,16,567,37,0,0,47,0,12,0,5.95568,68.3,25.3,15.41,545.85999,-21.14,77.59,34.59,15.28,537.47998,-29.52,148.2,105.2,13.46,479.56,-87.44,240.91,197.91,11.28,402.07999,-164.92,-0.04221,78307,-0.01561,28962,-0.03891,72197,-0.01232,22852,-0.07922,146973,-0.05262,97628,-0.08857,164319,-0.06197,114974,-21545,-7913,-24681,-11049,-46359,-32727,-75360,-61728,5.87051,0.00714,0.00714,0.00122,1,1.97562,1.97562,3316,3316
"24","E02003582 E02003589","E02003582","E02003589","Isle of Wight 002","Isle of Wight 009",533,32,5,384,39,0,0,59,0,13,1,6.00375,51.66,19.66,4.8,368.92999,-15.07,45.78,13.78,4.88,373.42999,-10.57,114.65,82.65,4.19,320.64001,-63.36,181.67,149.67,3.51,269.28,-114.72,-0.03211,59576,-0.01223,22681,-0.02482,46045,-0.00493,9150,-0.06163,114345,-0.04175,77450,-0.06774,125669,-0.04785,88774,-14661,-5580,-12994,-3913,-32546,-23465,-51571,-42490,5.6735,0.00678,0.00678,0.0012,1,2.07965,2.07965,3094,3094
"25","E02003582 E02003590","E02003582","E02003590","Isle of Wight 002","Isle of Wight 010",85,3,1,75,1,1,0,2,0,1,1,3.52941,3.45,0.45,0.99,74.59,-0.41,5.46,2.46,1,72.74,-2.26,3.34,0.34,0.99,74.69,-0.31,4.94,1.94,0.94,73.23,-1.77,-0.00436,8094,-0.00056,1038,-0.0056,10388,-0.0018,3332,-0.00416,7721,-0.00036,665,-0.00579,10741,-0.00199,3685,-3951,-509,-6269,-2827,-3828,-386,-5661,-2219,16.42176,0.02612,0.02612,0.00159,1,2.54614,2.54614,12494,12494
"26","E02003582 E02003591","E02003582","E02003591","Isle of Wight 002","Isle of Wight 011",271,11,10,220,16,0,0,9,1,3,1,4.05904,20.85,9.85,9.62,211.66,-8.34,21.19,10.19,9.6,211.47,-8.53,55.54,44.54,8.29,182.28999,-37.71,88.57,77.57,7.02,154.34,-65.66,-0.01355,25140,-0.0064,11879,-0.01095,20318,-0.0038,7057,-0.03062,56805,-0.02347,43544,-0.03245,60209,-0.02531,46948,-7063,-3342,-7141,-3420,-18845,-15124,-30052,-26331,6.63063,0.00744,0.00744,0.00112,1,1.9766,1.9766,3448,3448
"27","E02003582 E02003592","E02003582","E02003592","Isle of Wight 002","Isle of Wight 012",107,3,9,86,6,0,0,2,0,1,0,2.80374,3.72,0.72,8.94,85.4,-0.6,3,0,9,86,0,4.11,1.11,8.92,85.08,-0.92,7.84,4.84,8.65,82,-4,-0.00437,8111,-0.00086,1593,-0.00351,6518,0,0,-0.00466,8645,-0.00115,2127,-0.00766,14213,-0.00415,7695,-3363,-649,-2714,0,-3719,-1005,-7077,-4363,17.09182,0.02125,0.02125,0.00124,1,2.20727,2.20727,9634,9634
"28","E02003582 E02003593","E02003582","E02003593","Isle of Wight 002","Isle of Wight 013",141,7,2,114,6,0,0,8,0,4,0,4.96454,9.04,2.04,1.97,112.26,-1.74,8.02,1.02,2,113.07,-0.93,11.35,4.35,1.86,110.6,-3.4,24.55,17.55,1.65,99.44,-14.56,-0.00942,17478,-0.00211,3908,-0.00793,14707,-0.00061,1137,-0.01081,20053,-0.00349,6483,-0.01657,30745,-0.00926,17175,-4999,-1069,-4503,-573,-6015,-2085,-12870,-8940,9.63544,0.01186,0.01186,0.00123,1,2.5468,2.5468,5782,5782
"29","E02003582 E02003594","E02003582","E02003594","Isle of Wight 002","Isle of Wight 014",73,1,2,65,1,0,0,1,0,3,0,1.36986,1.52,0.52,1.99,64.53,-0.47,1.31,0.31,1.99,64.72,-0.28,1.54,0.54,1.98,64.51,-0.49,6.05,5.05,1.85,60.44,-4.56,-0.0019,3530,-0.00065,1210,-0.00147,2730,-0.00022,410,-0.00182,3378,-0.00057,1058,-0.0054,10011,-0.00415,7691,-1309,-451,-1122,-264,-1327,-469,-5209,-4351,15.13381,0.01895,0.01895,0.00125,1,2.38485,2.38485,9252,9252
"30","E02003582 E02003595","E02003582","E02003595","Isle of Wight 002","Isle of Wight 015",91,3,5,77,2,0,0,1,0,3,0,3.2967,3.71,0.71,4.96,76.38,-0.62,3.78,0.78,4.97,76.27,-0.73,3,0,5,77,0,7.78,4.78,4.73,72.82,-4.18,-0.00452,8382,-0.00086,1597,-0.00421,7814,-0.00055,1029,-0.00366,6785,0,0,-0.00748,13884,-0.00383,7099,-3086,-588,-3192,-694,-2498,0,-6488,-3990,15.21467,0.01855,0.01855,0.00122,1,2.43613,2.43613,8962,8962
"31","E02003582 E02003596","E02003582","E02003596","Isle of Wight 002","Isle of Wight 016",55,0,4,48,2,0,0,0,0,0,1,0,0.38,0.38,3.97,47.67,-0.33,0,0,4,48,0,0.98,0.98,3.93,47.14,-0.86,4.08,4.08,3.7,44.44,-3.56,-0.00046,856,-0.00046,856,0,0,0,0,-0.00101,1879,-0.00101,1879,-0.00334,6198,-0.00334,6198,-349,-349,0,0,-897,-897,-3723,-3723,16.27556,0.02036,0.02036,0.00125,1,2.40177,2.40177,9908,9908
"32","E02003582 E02003597","E02003582","E02003597","Isle of Wight 002","Isle of Wight 017",62,1,1,57,1,0,0,2,0,0,0,1.6129,1.6,0.6,0.99,56.44,-0.56,1.45,0.45,1,56.56,-0.44,1.96,0.96,0.97,56.14,-0.86,6.36,5.36,0.9,52.03,-4.97,-0.00202,3739,-0.00075,1387,-0.0016,2962,-0.00033,610,-0.00228,4238,-0.00102,1886,-0.00533,9889,-0.00406,7537,-1340,-486,-1239,-385,-1603,-749,-5199,-4345,15.44246,0.01716,0.01716,0.00111,1,2.11005,2.11005,8358,8358
"33","E02003582 E02003598","E02003582","E02003598","Isle of Wight 002","Isle of Wight 018",53,2,6,41,1,0,0,3,0,0,0,3.77358,2.3,0.3,5.96,40.76,-0.24,3.05,1.05,5.86,40.2,-0.8,2,0,6,41,0,3.39,1.39,5.82,39.94,-1.06,-0.00271,5024,-0.00035,648,-0.00306,5674,-7e-04,1298,-0.00236,4376,0,0,-0.00359,6667,-0.00123,2291,-2266,-282,-2929,-945,-1984,0,-3236,-1252,18.68235,0.02264,0.02264,0.00121,1,2.61868,2.61868,11600,11600
"34","E02003583 E02003584","E02003583","E02003584","Isle of Wight 003","Isle of Wight 004",145,3,4,112,14,0,0,10,0,2,0,2.06897,4.83,1.83,3.95,110.56,-1.44,4.08,1.08,3.98,111.16,-0.84,9.25,6.25,3.79,107.05,-4.95,25.7,22.7,3.33,94.08,-17.92,-0.00458,8491,-0.00172,3192,-0.00344,6391,-0.00059,1092,-0.00747,13854,-0.00461,8555,-0.01372,25460,-0.01087,20161,-2146,-816,-1806,-476,-4132,-2802,-11484,-10154,9.03743,0.01112,0.01112,0.00123,1,3.47216,3.47216,6002,6002
"35","E02003583 E02003585","E02003583","E02003585","Isle of Wight 003","Isle of Wight 005",173,14,2,133,15,0,0,4,0,5,0,8.09249,18.63,4.63,1.94,129.12,-3.88,20.09,6.09,1.92,127.98,-5.02,30.56,16.56,1.76,119.53,-13.47,56.9,42.9,1.43,97.42,-35.58,-0.00973,18055,-0.00241,4469,-0.00914,16960,-0.00182,3374,-0.0143,26524,-0.00697,12938,-0.01873,34752,-0.01141,21166,-5009,-1211,-5364,-1566,-8003,-4205,-14903,-11105,4.95539,0.00611,0.00611,0.00123,1,3.33715,3.33715,2948,2948
"36","E02003583 E02003586","E02003583","E02003586","Isle of Wight 003","Isle of Wight 006",129,3,2,108,5,0,0,10,0,1,0,2.32558,4.92,1.92,1.97,106.36,-1.64,3.85,0.85,1.99,107.26,-0.74,10.33,7.33,1.87,101.75,-6.25,26.35,23.35,1.62,88.02,-19.98,-0.00424,7871,-0.00165,3057,-0.00302,5600,-0.00042,786,-0.00757,14035,-0.00497,9221,-0.01289,23917,-0.0103,19103,-2183,-842,-1721,-380,-4547,-3206,-11594,-10253,8.23291,0.01007,0.01007,0.00122,1,3.47705,3.47705,5384,5384
"37","E02003583 E02003587","E02003583","E02003587","Isle of Wight 003","Isle of Wight 007",163,2,3,123,10,0,0,20,0,5,0,1.22699,3.88,1.88,2.96,121.57,-1.43,2.66,0.66,2.98,122.52,-0.48,9.33,7.33,2.88,117.34,-5.66,27.26,25.26,2.54,103.64,-19.36,-0.00376,6970,-0.00183,3387,-0.0023,4261,-0.00037,678,-0.00758,14061,-0.00565,10478,-0.01457,27024,-0.01263,23441,-1679,-832,-1126,-279,-4139,-3292,-12102,-11255,9.45796,0.0118,0.0118,0.00125,1,3.57476,3.57476,6446,6446
"38","E02003583 E02003588","E02003583","E02003588","Isle of Wight 003","Isle of Wight 008",545,29,9,400,35,0,0,49,0,23,0,5.3211,49.91,20.91,8.63,383.79999,-16.2,51.13,22.13,8.64,382.60999,-17.39,124.92,95.92,7.35,325.45001,-74.55,194.12,165.12,6.14,271.82999,-128.17,-0.02838,52661,-0.0119,22079,-0.02374,44036,-0.00725,13454,-0.06081,112819,-0.04433,82237,-0.06442,119522,-0.04794,88940,-13182,-5558,-13591,-5967,-33207,-25583,-51605,-43981,5.41235,0.00672,0.00672,0.00124,1,1.93337,1.93337,2900,2900
"39","E02003583 E02003589","E02003583","E02003589","Isle of Wight 003","Isle of Wight 009",448,21,11,289,31,0,0,78,0,17,1,4.6875,33.92,12.92,10.66,280.26001,-8.74,41.38,20.38,10.57,275.04999,-13.95,74.38,53.38,9.75,252.67,-36.33,133.39,112.39,8.21,212.75999,-76.24,-0.02301,42681,-0.00881,16340,-0.02224,41257,-0.00804,14916,-0.04383,81323,-0.02964,54982,-0.05321,98729,-0.03902,72388,-9390,-3612,-11546,-5768,-20806,-15028,-37314,-31536,5.6676,0.00816,0.00816,0.00144,1,2.03332,2.03332,3572,3572
"40","E02003583 E02003590","E02003583","E02003590","Isle of Wight 003","Isle of Wight 010",110,1,1,100,4,0,0,2,0,2,0,0.90909,1.66,0.66,0.99,99.4,-0.6,1.35,0.35,0.99,99.67,-0.33,1.86,0.86,1,99.23,-0.77,7.68,6.68,0.95,93.89,-6.11,-0.00208,3859,-0.00083,1537,-0.0015,2789,-0.00025,467,-0.00218,4048,-0.00093,1726,-0.00704,13067,-0.00579,10745,-1620,-632,-1333,-345,-1792,-804,-7383,-6395,14.52209,0.02051,0.02051,0.00141,1,2.72984,2.72984,9820,9820
"41","E02003583 E02003591","E02003583","E02003591","Isle of Wight 003","Isle of Wight 011",275,18,7,212,8,0,0,23,0,6,1,6.54545,26.09,8.09,6.78,205.31,-6.69,28.03,10.03,6.69,203.82001,-8.18,45.5,27.5,6.15,189.57001,-22.43,80.64,62.64,5.21,160.53999,-51.46,-0.01863,34559,-0.00575,10666,-0.01696,31454,-0.00408,7561,-0.02864,53142,-0.01577,29249,-0.0354,65672,-0.02252,41779,-9404,-2879,-10048,-3523,-16184,-9659,-28688,-22163,6.57369,0.00846,0.00846,0.00129,1,1.89081,1.89081,3702,3702
"42","E02003583 E02003592","E02003583","E02003592","Isle of Wight 003","Isle of Wight 012",93,1,8,70,6,0,0,4,0,4,0,1.07527,1.65,0.65,7.94,69.5,-0.5,1.46,0.46,7.96,69.65,-0.35,1.37,0.37,7.97,69.72,-0.28,5.68,4.68,7.59,66.44,-3.56,-0.00198,3666,-0.00078,1447,-0.00151,2810,-0.00032,591,-0.00157,2920,-0.00038,701,-0.00596,11064,-0.00477,8845,-1717,-677,-1522,-482,-1424,-384,-5899,-4859,18.84002,0.0268,0.0268,0.00142,1,1.90291,1.90291,12064,12064
"43","E02003583 E02003593","E02003583","E02003593","Isle of Wight 003","Isle of Wight 013",106,5,1,92,3,0,0,2,0,3,0,4.71698,6.05,1.05,0.99,91.05,-0.95,7.76,2.76,0.98,89.48,-2.52,5.36,0.36,1,91.66,-0.34,13.08,8.08,0.93,84.62,-7.38,-0.00761,14108,-0.00132,2441,-0.00829,15372,-0.002,3705,-0.00665,12346,-0.00037,679,-0.01156,21439,-0.00527,9772,-4085,-710,-5257,-1882,-3631,-256,-8885,-5510,10.76421,0.01467,0.01467,0.00136,1,2.51568,2.51568,7318,7318
"44","E02003583 E02003594","E02003583","E02003594","Isle of Wight 003","Isle of Wight 014",108,1,2,86,10,0,0,4,0,5,0,0.92593,1.96,0.96,1.98,85.23,-0.77,1.31,0.31,2,85.76,-0.24,3.22,2.22,1.95,84.21,-1.79,10.91,9.91,1.81,78.03,-7.97,-0.00246,4563,-0.0012,2232,-0.00148,2739,-0.00022,408,-0.00362,6722,-0.00237,4391,-0.00866,16068,-0.0074,13737,-1356,-665,-902,-211,-2230,-1539,-7559,-6868,13.61772,0.01733,0.01733,0.00127,1,2.17542,2.17542,8086,8086
"45","E02003583 E02003595","E02003583","E02003595","Isle of Wight 003","Isle of Wight 015",118,3,3,94,5,0,0,4,0,9,0,2.54237,4.15,1.15,2.97,93.06,-0.94,3,0,3,94,0,4.1,1.1,2.94,93.09,-0.91,12.34,9.34,2.72,86.36,-7.64,-0.0052,9645,-0.00143,2647,-0.00377,6998,0,0,-0.00492,9124,-0.00115,2126,-0.01068,19807,-0.0069,12809,-2913,-806,-2107,0,-2890,-783,-8695,-6588,13.94645,0.01693,0.01693,0.00121,1,2.22668,2.22668,7796,7796
"46","E02003583 E02003596","E02003583","E02003596","Isle of Wight 003","Isle of Wight 016",103,1,5,84,3,0,0,7,0,3,0,0.97087,1.86,0.86,4.96,83.29,-0.71,1.2,0.2,5,83.82,-0.18,2.52,1.52,4.89,82.82,-1.18,9.06,8.06,4.57,77.43,-6.57,-0.00231,4284,-0.00105,1955,-0.0014,2601,-0.00015,272,-0.00282,5238,-0.00157,2909,-0.00773,14342,-0.00648,12013,-1533,-675,-1032,-174,-1982,-1124,-7121,-6263,15.04136,0.01874,0.01874,0.00125,1,2.20953,2.20953,8742,8742
"47","E02003583 E02003597","E02003583","E02003597","Isle of Wight 003","Isle of Wight 017",67,1,2,60,1,0,0,1,0,2,0,1.49254,1.62,0.62,1.98,59.44,-0.56,1.31,0.31,1.99,59.72,-0.28,1.97,0.97,1.97,59.11,-0.89,6.55,5.55,1.84,54.94,-5.06,-0.00201,3726,-0.00077,1428,-0.00146,2709,-0.00022,411,-0.00226,4199,-0.00103,1901,-0.00553,10256,-0.00429,7958,-1312,-506,-1056,-250,-1606,-800,-5356,-4550,15.15787,0,0,0,0.72799,2.92882,2.03542,8994,17754
"48","E02003583 E02003598","E02003583","E02003598","Isle of Wight 003","Isle of Wight 018",73,0,5,59,2,0,0,5,0,1,1,0,0.46,0.46,4.97,58.63,-0.37,0,0,5,59,0,1.12,1.12,4.92,58.1,-0.9,5.02,5.02,4.66,54.94,-4.06,-0.00056,1033,-0.00056,1033,0,0,0,0,-0.00115,2138,-0.00115,2138,-0.00429,7963,-0.00429,7963,-403,-403,0,0,-980,-980,-4405,-4405,17.8573,0.02155,0.02155,0.00121,1,2.59897,2.59897,10806,10806
"49","E02003584 E02003585","E02003584","E02003585","Isle of Wight 004","Isle of Wight 005",256,8,24,166,18,0,0,34,0,6,0,3.125,14.18,6.18,23.4,161.87,-4.13,19.19,11.19,22.96,158.71001,-7.29,44.28,36.28,20.44,141.48,-24.52,86.31,78.31,16.38,113.39,-52.61,-0.00514,9533,-0.00222,4112,-0.00525,9743,-0.00233,4322,-0.01334,24754,-0.01042,19333,-0.01533,28447,-0.01241,23026,-2377,-1066,-3195,-1884,-7649,-6338,-14914,-13603,4.62881,0.00509,0.00509,0.0011,1,3.49912,3.49912,2860,2860
"50","E02003584 E02003586","E02003584","E02003586","Isle of Wight 004","Isle of Wight 006",619,21,293,234,46,5,0,7,3,6,4,3.39257,48.75,27.75,279.39001,223.16,-10.84,50.45,29.45,278.19,223.03,-10.97,208.88,187.88,201.11,160.24001,-73.76,269.76999,248.77,171.25,136.45,-97.55,-0.00042,770,-0.00028,515,-0.00024,451,-0.00011,196,-0.00116,2143,-0.00102,1888,0.00776,-14404,0.0079,-14659,-1725,-1000,-1738,-1013,-7539,-6814,-9736,-9011,1.25678,0.00182,0.00182,0.00145,1,1.86711,1.86711,1056,1056
"51","E02003584 E02003587","E02003584","E02003587","Isle of Wight 004","Isle of Wight 007",711,17,358,259,30,4,0,22,5,14,2,2.391,36.17,19.17,348.10999,251.84,-7.16,30.14,13.14,351.37,254.05,-4.95,171.72,154.72,278.12,201.28,-57.72,260.48001,243.48,232.34,168.14999,-90.85,-7e-05,124,-3e-05,50,-7e-05,121,-3e-05,47,1e-04,-188,0.00014,-262,0.0055,-10198,0.00554,-10272,-734,-388,-615,-269,-3487,-3141,-5290,-4944,0.78818,0.0011,0.0011,0.0014,1,3.98551,3.98551,624,624
"52","E02003584 E02003588","E02003584","E02003588","Isle of Wight 004","Isle of Wight 008",350,6,11,255,17,0,0,50,1,7,3,1.71429,11.02,5.02,10.84,251.28,-3.72,12.68,6.68,10.69,250.17,-4.83,25.97,19.97,10.37,240.17999,-14.82,67.27,61.27,9.05,209.57001,-45.43,-0.00992,18412,-0.00453,8400,-0.00882,16353,-0.00342,6341,-0.01961,36376,-0.01421,26364,-0.03349,62132,-0.02809,52120,-4446,-2031,-5050,-2635,-10500,-8085,-27200,-24785,9.30778,0.01073,0.01073,0.00115,1,3.05571,3.05571,5754,5754
"53","E02003584 E02003589","E02003584","E02003589","Isle of Wight 004","Isle of Wight 009",267,1,13,179,13,1,0,57,0,1,2,0.37453,4.13,3.13,12.85,176.89,-2.11,2.37,1.37,12.95,178.03,-0.97,14.82,13.82,12.31,169.73,-9.27,42.71,41.71,10.95,150.96001,-28.04,-0.00417,7737,-0.00315,5849,-0.00182,3379,-8e-04,1491,-0.01198,22219,-0.01096,20331,-0.02222,41221,-0.0212,39333,-1731,-1298,-1028,-595,-6141,-5708,-17709,-17276,10.54508,0.01217,0.01217,0.00115,1,2.98998,2.98998,6426,6426
"54","E02003584 E02003590","E02003584","E02003590","Isle of Wight 004","Isle of Wight 010",387,16,30,242,39,2,0,44,1,12,1,4.13437,22.69,6.69,29.45,237.64,-4.36,30.27,14.27,28.94,232.56,-9.44,38.94,22.94,28.39,226.7,-15.3,91.79,75.79,24.08,192.28,-49.72,-0.01553,28808,-0.00464,8614,-0.01663,30859,-0.00575,10665,-0.02396,44451,-0.01307,24257,-0.03662,67944,-0.02574,47750,-6467,-1952,-8748,-4233,-11377,-6862,-26817,-22302,5.81289,0.00882,0.00882,0.00152,1,2.81147,2.81147,4316,4316
"55","E02003584 E02003591","E02003584","E02003591","Isle of Wight 004","Isle of Wight 011",180,0,4,141,11,1,0,18,0,4,1,0,2.14,2.14,3.95,139.33,-1.67,0,0,4,141,0,9.87,9.87,3.78,133.27,-7.73,28.21,28.21,3.37,118.9,-22.1,-0.00226,4197,-0.00226,4197,0,0,0,0,-0.00825,15306,-0.00825,15306,-0.01531,28403,-0.01531,28403,-1060,-1060,0,0,-4893,-4893,-13990,-13990,10.76472,0.01247,0.01247,0.00116,1,2.87043,2.87043,6556,6556
"56","E02003584 E02003593","E02003584","E02003593","Isle of Wight 004","Isle of Wight 013",46,0,2,41,1,0,0,0,0,1,1,0,0.26,0.26,1.99,40.77,-0.23,0,0,2,41,0,0.77,0.77,1.97,40.31,-0.69,3.49,3.49,1.85,37.89,-3.11,-0.00032,594,-0.00032,594,0,0,0,0,-0.00081,1507,-0.00081,1507,-0.00281,5216,-0.00281,5216,-219,-219,0,0,-653,-653,-2949,-2949,16.90872,0,0,0,0.7964,3.96825,3.55079,11146,13144
"57","E02003584 E02003594","E02003584","E02003594","Isle of Wight 004","Isle of Wight 014",240,4,15,160,13,20,1,23,0,3,1,1.66667,8.75,4.75,14.7,156.78999,-3.21,7.45,3.45,14.8,157.78,-2.22,26.93,22.93,13.51,144.27,-15.73,58.9,54.9,11.48,122.62,-37.38,-0.0064,11867,-0.00345,6405,-0.0044,8154,-0.00145,2692,-0.01642,30468,-0.01348,25006,-0.02264,42012,-0.0197,36550,-2624,-1475,-2169,-1020,-8368,-7219,-18304,-17155,7.72277,0.01257,0.01257,0.00163,1,2.41088,2.41088,5916,5916
"58","E02003584 E02003595","E02003584","E02003595","Isle of Wight 004","Isle of Wight 015",146,4,6,111,5,12,1,4,0,3,0,2.73973,5.99,1.99,5.92,109.45,-1.55,7.37,3.37,5.84,108.41,-2.59,9.5,5.5,5.8,106.61,-4.39,25.23,21.23,5.13,94.33,-16.67,-0.0059,10951,-0.00197,3650,-0.00585,10849,-0.00191,3548,-0.00826,15316,-0.00432,8015,-0.01461,27100,-0.01067,19799,-2761,-935,-3385,-1559,-4475,-2649,-11883,-10057,9.5387,0.01493,0.01493,0.00157,1,2.96658,2.96658,7448,7448
"59","E02003584 E02003596","E02003584","E02003596","Isle of Wight 004","Isle of Wight 016",140,2,7,83,1,28,1,16,0,2,0,1.42857,3.71,1.71,6.91,81.97,-1.03,4.42,2.42,6.9,81.36,-1.64,7.87,5.87,6.69,79.62,-3.38,22.11,20.11,5.97,71.04,-11.96,-0.00387,7185,-0.00178,3304,-0.00355,6579,-0.00145,2698,-0.00689,12780,-0.0048,8899,-0.01263,23436,-0.01054,19555,-1516,-655,-1903,-1042,-3013,-2152,-8470,-7609,10.56497,0.01551,0.01551,0.00147,1,2.55253,2.55253,7750,7750
"60","E02003584 E02003597","E02003584","E02003597","Isle of Wight 004","Isle of Wight 017",56,0,4,41,4,0,0,6,0,1,0,0,0.36,0.36,3.97,40.73,-0.27,0,0,4,41,0,1.01,1.01,3.93,40.26,-0.74,4.26,4.26,3.7,37.88,-3.12,-0.00044,815,-0.00044,815,0,0,0,0,-0.00104,1926,-0.00104,1926,-0.00352,6535,-0.00352,6535,-264,-264,0,0,-734,-734,-3104,-3104,15.37716,0.01953,0.01953,0.00127,1,2.83212,2.83212,9920,9920
"61","E02003584 E02003598","E02003584","E02003598","Isle of Wight 004","Isle of Wight 018",77,0,4,63,2,4,0,3,0,1,0,0,0.41,0.41,3.98,62.66,-0.34,0,0,4,63,0,1.24,1.24,3.94,61.98,-1.02,5.77,5.77,3.7,58.28,-4.72,-5e-04,931,-5e-04,931,0,0,0,0,-0.00129,2401,-0.00129,2401,-0.00456,8464,-0.00456,8464,-315,-315,0,0,-952,-952,-4430,-4430,15.03481,0.01955,0.01955,0.0013,1,3.20221,3.20221,10458,10458
"62","E02003585 E02003586","E02003585","E02003586","Isle of Wight 005","Isle of Wight 006",159,2,27,110,10,0,0,6,0,4,0,1.25786,6,4,26.31,107.19,-2.81,2.35,0.35,26.96,109.74,-0.26,30.02,28.02,22.1,90.44,-19.56,56.5,54.5,17.56,71.87,-38.13,-0.00156,2891,-0.00099,1836,-0.00063,1160,-6e-05,105,-0.00619,11489,-0.00562,10434,-0.00684,12687,-0.00627,11632,-927,-605,-377,-55,-4548,-4226,-8563,-8241,3.55401,0.00425,0.00425,0.0012,1,3.76559,3.76559,2612,2612
"63","E02003585 E02003587","E02003585","E02003587","Isle of Wight 005","Isle of Wight 007",170,2,16,122,10,0,0,13,0,5,2,1.17647,5.48,3.48,15.67,119.47,-2.53,3.97,1.97,15.79,120.59,-1.41,24.71,22.71,13.85,105.49,-16.51,52.89,50.89,11.16,85.04,-36.96,-0.0022,4082,-0.0014,2603,-0.00124,2307,-0.00045,828,-0.00818,15173,-0.00738,13694,-0.01008,18703,-0.00928,17224,-1126,-717,-809,-400,-5102,-4693,-10920,-10511,4.82858,0.00599,0.00599,0.00124,1,3.87442,3.87442,3674,3674
"64","E02003585 E02003588","E02003585","E02003588","Isle of Wight 005","Isle of Wight 008",489,9,6,406,39,1,0,19,1,7,1,1.84049,24.12,15.12,5.81,393.20999,-12.79,11.07,2.07,5.97,404.25,-1.75,98.7,89.7,4.89,330.14001,-75.86,170.34,161.34,3.99,269.54999,-136.45,-0.01213,22510,-0.00761,14118,-0.00512,9500,-6e-04,1108,-0.04119,76415,-0.03666,68023,-0.04608,85487,-0.04155,77095,-6166,-3862,-2833,-529,-25216,-22912,-43518,-41214,4.94972,0.00594,0.00594,0.0012,1,2.75955,2.75955,3070,3070
"65","E02003585 E02003589","E02003585","E02003589","Isle of Wight 005","Isle of Wight 009",301,14,4,228,14,0,0,33,0,8,0,4.65116,21.42,7.42,3.9,222.11,-5.89,25.23,11.23,3.86,219.24001,-8.76,45.96,31.96,3.55,202.53,-25.47,89.59,75.59,2.94,167.88,-60.12,-0.01333,24737,-0.00462,8563,-0.01274,23638,-0.00402,7464,-0.02486,46117,-0.01614,29943,-0.03281,60866,-0.02409,44692,-6303,-2194,-7373,-3264,-13596,-9487,-26506,-22397,6.10423,0.00738,0.00738,0.00121,1,2.70893,2.70893,3742,3742
"66","E02003585 E02003590","E02003585","E02003590","Isle of Wight 005","Isle of Wight 010",158,4,4,121,17,0,0,6,0,5,1,2.53165,5.53,1.53,3.96,119.8,-1.2,8.07,4.07,3.87,117.81,-3.19,6.03,2.03,3.94,119.41,-1.59,19.24,15.24,3.59,109.03,-11.97,-0.0069,12799,-0.00191,3537,-0.0079,14653,-0.00291,5391,-0.007,12977,-0.002,3715,-0.01479,27442,-0.0098,18180,-3263,-901,-4753,-2391,-3553,-1191,-11342,-8980,9.66147,0.0147,0.0147,0.00152,1,2.51752,2.51752,7048,7048
"67","E02003585 E02003591","E02003585","E02003591","Isle of Wight 005","Isle of Wight 011",147,4,3,118,4,0,0,14,0,4,0,2.72109,7.72,3.72,2.92,114.93,-3.07,7.7,3.7,2.92,114.87,-3.13,22.49,18.49,2.61,102.81,-15.19,43.21,39.21,2.18,85.71,-32.29,-0.00499,9249,-0.0024,4457,-0.00396,7339,-0.00137,2547,-0.01227,22756,-0.00968,17964,-0.01547,28701,-0.01289,23909,-2516,-1197,-2539,-1220,-7235,-5916,-13900,-12581,6.49539,0.00768,0.00768,0.00118,1,2.52571,2.52571,3872,3872
"68","E02003585 E02003593","E02003585","E02003593","Isle of Wight 005","Isle of Wight 013",35,2,2,31,0,0,0,0,0,0,0,5.71429,2.32,0.32,1.98,30.7,-0.3,2,0,2,31,0,2,0,2,31,0,4.44,2.44,1.86,28.7,-2.3,-0.00266,4932,-0.00037,680,-0.00229,4252,0,0,-0.00229,4252,0,0,-0.00371,6879,-0.00142,2627,-1530,-211,-1319,0,-1319,0,-2939,-1620,12.47866,0.01389,0.01389,0.00111,1,2.90199,2.90199,7488,7488
"69","E02003585 E02003594","E02003585","E02003594","Isle of Wight 005","Isle of Wight 014",79,0,3,64,3,2,0,4,0,2,1,0,0.83,0.83,2.97,63.33,-0.67,0,0,3,64,0,3.98,3.98,2.85,60.77,-3.23,12.22,12.22,2.54,54.1,-9.9,-0.00084,1551,-0.00084,1551,0,0,0,0,-0.00316,5869,-0.00316,5869,-0.00625,11587,-0.00625,11587,-410,-410,0,0,-1969,-1969,-6039,-6039,8.88375,0.01301,0.01301,0.00146,1,2.71246,2.71246,6586,6586
"70","E02003585 E02003595","E02003585","E02003595","Isle of Wight 005","Isle of Wight 015",53,0,2,43,2,0,0,3,0,3,0,0,0.61,0.61,1.98,42.5,-0.5,0,0,2,43,0,2.53,2.53,1.9,40.95,-2.05,7.31,7.31,1.72,37.07,-5.93,-0.00072,1340,-0.00072,1340,0,0,0,0,-0.00236,4368,-0.00236,4368,-0.0044,8158,-0.0044,8158,-353,-353,0,0,-1460,-1460,-4225,-4225,9.63031,0.01401,0.01401,0.00145,1,2.53409,2.53409,6914,6914
"71","E02003585 E02003596","E02003585","E02003596","Isle of Wight 005","Isle of Wight 016",47,0,4,37,2,1,0,2,0,1,0,0,0.4,0.4,3.97,36.68,-0.32,0,0,4,37,0,1.57,1.57,3.87,35.76,-1.24,5.39,5.39,3.54,32.75,-4.25,-0.00048,892,-0.00048,892,0,0,0,0,-0.00151,2793,-0.00151,2793,-0.00327,6073,-0.00327,6073,-239,-239,0,0,-936,-936,-3214,-3214,10.75654,0.01489,0.01489,0.00138,1,2.60595,2.60595,7538,7538
"72","E02003585 E02003597","E02003585","E02003597","Isle of Wight 005","Isle of Wight 017",26,0,0,22,2,0,0,1,0,1,0,0,0.24,0.24,0,21.8,-0.2,0,0,0,22,0,0.9,0.9,0,21.24,-0.76,2.95,2.95,0,19.5,-2.5,-3e-04,565,-3e-04,565,0,0,0,0,-0.00095,1763,-0.00095,1763,-0.00205,3802,-0.00205,3802,-159,-159,0,0,-597,-597,-1965,-1965,12.99617,1e-05,0,0,0.57197,3.2648,2.52175,8420,14094
"73","E02003585 E02003598","E02003585","E02003598","Isle of Wight 005","Isle of Wight 018",32,1,7,22,0,0,0,2,0,0,0,3.125,1.21,0.21,6.95,21.85,-0.15,1,0,7,22,0,1.2,0.2,7,21.82,-0.18,2.62,1.62,6.73,20.76,-1.24,-0.00121,2250,-0.00023,421,-0.00099,1829,0,0,-0.0012,2231,-0.00022,402,-0.00213,3958,-0.00115,2129,-718,-139,-579,0,-747,-168,-1734,-1155,14.31559,0.01862,0.01862,0.0013,1,2.88859,2.88859,9924,9924
"74","E02003586 E02003587","E02003586","E02003587","Isle of Wight 006","Isle of Wight 007",348,14,107,172,35,1,0,7,8,4,0,4.02299,24.14,10.14,103.76,166.77,-5.23,22.84,8.84,104.31,167.28,-4.72,84.77,70.77,84.19,135.72,-36.28,135.46001,121.46,67.97,109.58,-62.42,-0.00166,3073,-0.00067,1245,-0.00135,2499,-0.00036,671,-0.00467,8664,-0.00369,6836,-0.00247,4577,-0.00148,2749,-1264,-522,-1213,-471,-4370,-3628,-6984,-6242,1.27457,0.00237,0.00237,0.00186,1,3.45992,3.45992,1184,1184
"75","E02003586 E02003588","E02003586","E02003588","Isle of Wight 006","Isle of Wight 008",384,11,3,314,25,0,0,19,0,10,2,2.86458,16.92,5.92,2.95,309.01999,-4.98,22.83,11.83,2.82,304.22,-9.78,31.91,20.91,2.85,296.35999,-17.64,79.71,68.71,2.46,256.12,-57.88,-0.0146,27082,-0.00511,9483,-0.01532,28424,-0.00584,10825,-0.02378,44109,-0.01429,26510,-0.04012,74434,-0.03063,56835,-7264,-2548,-9718,-5002,-13740,-9024,-34324,-29608,8.08695,0.00992,0.00992,0.00123,1,3.20565,3.20565,5004,5004
"76","E02003586 E02003589","E02003586","E02003589","Isle of Wight 006","Isle of Wight 009",288,5,10,220,17,1,0,29,1,5,0,1.73611,8.63,3.63,9.87,217.17999,-2.82,9.77,4.77,9.83,216.28999,-3.71,17.94,12.94,9.52,209.96001,-10.04,49.84,44.84,8.4,185.16,-34.84,-0.00831,15407,-0.00348,6463,-0.00746,13833,-0.00264,4889,-0.01461,27112,-0.00979,18168,-0.0267,49535,-0.02188,40591,-3913,-1640,-4431,-2158,-8118,-5845,-22554,-20281,9.33404,0.01136,0.01136,0.00122,1,3.1162,3.1162,5676,5676
"77","E02003586 E02003590","E02003586","E02003590","Isle of Wight 006","Isle of Wight 010",250,8,22,186,14,1,0,7,0,10,2,3.2,11.9,3.9,21.65,183,-3,17.64,9.64,21.1,178.57001,-7.43,21.44,13.44,20.77,175.66,-10.34,53.26,45.26,17.88,151.21001,-34.79,-0.00916,17001,-0.003,5566,-0.01041,19320,-0.00425,7885,-0.01451,26926,-0.00835,15491,-0.02304,42754,-0.01688,31319,-4539,-1490,-6741,-3692,-8188,-5139,-20344,-17295,6.31923,0.01077,0.01077,0.0017,1,2.60006,2.60006,4972,4972
"78","E02003586 E02003591","E02003586","E02003591","Isle of Wight 006","Isle of Wight 011",150,1,2,131,5,0,0,9,0,2,0,0.66667,2.92,1.92,1.97,129.31,-1.69,1,0,2,131,0,9.25,8.25,1.88,123.77,-7.23,25.45,24.45,1.66,109.52,-21.48,-0.00295,5477,-0.00193,3586,-0.00102,1891,0,0,-0.00759,14074,-0.00657,12183,-0.0137,25424,-0.01268,23533,-1550,-1009,-541,0,-4875,-4334,-13409,-12868,9.52766,0.01166,0.01166,0.00122,1,2.98507,2.98507,5806,5806
"79","E02003586 E02003593","E02003586","E02003593","Isle of Wight 006","Isle of Wight 013",32,0,4,25,1,0,0,2,0,0,0,0,0.19,0.19,3.98,24.85,-0.15,0,0,4,25,0,0.59,0.59,3.93,24.54,-0.46,2.57,2.57,3.68,22.99,-2.01,-0.00022,406,-0.00022,406,0,0,0,0,-0.00058,1083,-0.00058,1083,-0.00184,3415,-0.00184,3415,-133,-133,0,0,-420,-420,-1833,-1833,15.68415,0.01786,0.01786,0.00114,1,3.118,3.118,9422,9422
"80","E02003586 E02003594","E02003586","E02003594","Isle of Wight 006","Isle of Wight 014",140,3,4,109,7,7,0,8,0,2,0,2.14286,5.88,2.88,3.92,106.71,-2.29,6.52,3.52,3.93,106.23,-2.77,16.18,13.18,3.59,98.49,-10.51,34.63,31.63,3.06,83.82,-25.18,-0.00451,8372,-0.0022,4082,-0.00387,7185,-0.00156,2895,-0.01047,19421,-0.00816,15131,-0.01457,27033,-0.01226,22743,-2155,-1061,-2379,-1285,-5964,-4870,-12765,-11671,7.20541,0.01171,0.01171,0.00163,1,2.33054,2.33054,5224,5224
"81","E02003586 E02003595","E02003586","E02003595","Isle of Wight 006","Isle of Wight 015",86,0,3,79,4,0,0,0,0,0,0,0,1.21,1.21,2.96,77.89,-1.11,0,0,3,79,0,5.75,5.75,2.8,73.71,-5.29,14.97,14.97,2.48,65.25,-13.75,-0.00122,2260,-0.00122,2260,0,0,0,0,-0.00456,8462,-0.00456,8462,-0.00765,14192,-0.00765,14192,-676,-676,0,0,-3211,-3211,-8354,-8354,8.78769,0.01408,0.01408,0.0016,1,2.93345,2.93345,6756,6756
"82","E02003586 E02003596","E02003586","E02003596","Isle of Wight 006","Isle of Wight 016",60,1,1,44,2,5,0,6,0,1,0,1.66667,1.75,0.75,0.99,43.44,-0.56,2.33,1.33,0.96,43.1,-0.9,3.43,2.43,0.97,42.12,-1.88,9.51,8.51,0.87,37.6,-6.4,-0.00188,3479,-0.00081,1503,-0.00188,3490,-0.00082,1514,-0.00314,5828,-0.00208,3852,-0.00578,10718,-0.00471,8742,-791,-358,-1010,-577,-1636,-1203,-4533,-4100,9.85745,0.01466,0.01466,0.00149,1,2.49659,2.49659,7058,7058
"83","E02003586 E02003597","E02003586","E02003597","Isle of Wight 006","Isle of Wight 017",24,0,0,20,3,0,0,1,0,0,0,0,0.15,0.15,0,19.87,-0.13,0,0,0,20,0,0.45,0.45,0,19.62,-0.38,1.9,1.9,0,18.42,-1.58,-0.00019,357,-0.00019,357,0,0,0,0,-0.00049,903,-0.00049,903,-0.00159,2957,-0.00159,2957,-120,-120,0,0,-356,-356,-1504,-1504,14.24208,0.01867,0.01867,0.00131,1,2.80099,2.80099,9228,9228
"84","E02003586 E02003598","E02003586","E02003598","Isle of Wight 006","Isle of Wight 018",43,0,1,38,0,0,0,2,0,2,0,0,0.24,0.24,0.99,37.78,-0.22,0,0,1,38,0,0.77,0.77,0.98,37.32,-0.68,3.41,3.41,0.92,34.99,-3.01,-0.00031,565,-0.00031,565,0,0,0,0,-0.00082,1513,-0.00082,1513,-0.00269,4986,-0.00269,4986,-196,-196,0,0,-617,-617,-2748,-2748,14.17881,0.0187,0.0187,0.00132,1,3.18802,3.18802,9766,9766
"85","E02003587 E02003588","E02003587","E02003588","Isle of Wight 007","Isle of Wight 008",429,10,13,342,25,0,0,28,1,8,2,2.331,15.41,5.41,12.83,337.59,-4.41,15.86,5.86,12.82,337.19,-4.81,27.15,17.15,12.46,328.07999,-13.92,75.47,65.47,10.96,288.63,-53.37,-0.01458,27053,-0.00511,9487,-0.01266,23479,-0.00319,5913,-0.02227,41309,-0.0128,23743,-0.04101,76081,-0.03154,58515,-7231,-2520,-7459,-2748,-12664,-7953,-35202,-30491,9.28446,0.01226,0.01226,0.00132,1,3.48989,3.48989,6314,6314
"86","E02003587 E02003589","E02003587","E02003589","Isle of Wight 007","Isle of Wight 009",301,2,14,216,15,1,0,42,0,11,0,0.66445,5.15,3.15,13.85,213.72,-2.28,4.62,2.62,13.87,214.10001,-1.9,14.44,12.44,13.42,207.00999,-8.99,44.31,42.31,12.02,185.44,-30.56,-0.00542,10056,-0.00332,6154,-0.00369,6845,-0.00159,2943,-0.01243,23067,-0.01033,19165,-0.02464,45718,-0.02254,41816,-2390,-1461,-2148,-1219,-6695,-5766,-20545,-19616,10.54231,0.01289,0.01289,0.00122,1,3.18027,3.18027,6974,6974
"87","E02003587 E02003590","E02003587","E02003590","Isle of Wight 007","Isle of Wight 010",396,16,49,255,38,0,0,30,1,6,1,4.0404,25.55,9.55,47.76,248.59,-6.41,29.29,13.29,47.16,246.25,-8.75,54.52,38.52,44.15,228.99001,-26.01,107.25,91.25,37.34,193.63,-61.37,-0.01617,30002,-0.00609,11295,-0.0149,27635,-0.00481,8928,-0.02996,55588,-0.01988,36881,-0.03701,68662,-0.02693,49955,-7437,-2810,-8466,-3839,-16039,-11412,-31553,-26926,5.18794,0.00857,0.00857,0.00165,1,2.26397,2.26397,4008,4008
"88","E02003587 E02003591","E02003587","E02003591","Isle of Wight 007","Isle of Wight 011",188,0,14,147,11,1,0,8,0,7,0,0,1.99,1.99,13.85,145.44,-1.56,0,0,14,147,0,8.89,8.89,13.34,140.05,-6.95,27.09,27.09,11.98,125.82,-21.18,-0.0021,3904,-0.0021,3904,0,0,0,0,-0.00741,13742,-0.00741,13742,-0.0143,26528,-0.0143,26528,-1024,-1024,0,0,-4580,-4580,-13957,-13957,10.69244,0.01319,0.01319,0.00123,1,3.06293,3.06293,7104,7104
"89","E02003587 E02003593","E02003587","E02003593","Isle of Wight 007","Isle of Wight 013",43,0,0,36,1,0,0,4,0,1,1,0,0.23,0.23,0,35.81,-0.19,0,0,0,36,0,0.66,0.66,0,35.45,-0.55,3.09,3.09,0,33.41,-2.59,-0.00029,538,-0.00029,538,0,0,0,0,-0.00071,1314,-0.00071,1314,-0.00266,4932,-0.00266,4932,-186,-186,0,0,-533,-533,-2521,-2521,16.86661,0.0194,0.0194,0.00115,1,3.16045,3.16045,10720,10720
"90","E02003587 E02003594","E02003587","E02003594","Isle of Wight 007","Isle of Wight 014",256,5,11,177,27,18,0,14,1,3,0,1.95312,10.58,5.58,10.76,173.06,-3.94,5.65,0.65,10.97,176.5,-0.5,33.7,28.7,9.73,156.94,-20.06,70.14,65.14,8.14,131.21001,-45.79,-0.00688,12768,-0.00362,6724,-0.0035,6493,-0.00024,449,-0.01837,34074,-0.01511,28030,-0.0244,45273,-0.02114,39229,-3093,-1588,-1706,-201,-9602,-8097,-19989,-18484,6.95289,0.01317,0.01317,0.00189,1,2.60421,2.60421,6278,6278
"91","E02003587 E02003595","E02003587","E02003595","Isle of Wight 007","Isle of Wight 015",131,2,0,100,9,12,0,3,0,5,0,1.52672,3.97,1.97,0,98.47,-1.53,3.43,1.43,0,98.8,-1.2,10.14,8.14,0,93.81,-6.19,25.56,23.56,0,81.85,-18.15,-0.00371,6873,-0.00184,3414,-0.00263,4879,-0.00077,1420,-0.00787,14595,-0.006,11136,-0.01326,24592,-0.01139,21133,-1762,-839,-1582,-659,-4311,-3388,-10868,-9945,8.81785,0.01554,0.01554,0.00176,1,3.10891,3.10891,7810,7810
"92","E02003587 E02003596","E02003587","E02003596","Isle of Wight 007","Isle of Wight 016",133,1,1,94,7,20,0,8,1,0,1,0.75188,2.81,1.81,0.99,92.71,-1.29,3.56,2.56,0.96,92.46,-1.54,8.92,7.92,0.95,88.26,-5.74,23.75,22.75,0.83,77.71,-16.29,-0.00275,5100,-0.00177,3292,-0.00241,4465,-0.00143,2657,-0.00713,13226,-0.00615,11418,-0.01252,23220,-0.01154,21412,-1095,-745,-1245,-895,-3684,-3334,-9811,-9461,9.82915,0.01612,0.01612,0.00164,1,2.70522,2.70522,8112,8112
"93","E02003587 E02003597","E02003587","E02003597","Isle of Wight 007","Isle of Wight 017",46,1,0,44,0,0,0,0,0,1,0,2.17391,1.3,0.3,0,43.7,-0.3,2,1,0,43.08,-0.92,1.59,0.59,0,43.41,-0.59,3.53,2.53,0,41.48,-2.52,-0.00165,3066,-0.00039,714,-0.002,3704,-0.00073,1352,-0.0019,3529,-0.00063,1177,-0.00348,6464,-0.00222,4112,-1210,-293,-1834,-917,-1500,-583,-3422,-2505,14.86871,0.02013,0.02013,0.00135,1,2.946,2.946,10282,10282
"94","E02003587 E02003598","E02003587","E02003598","Isle of Wight 007","Isle of Wight 018",49,0,0,39,0,1,0,9,0,0,0,0,0.27,0.27,0,38.79,-0.21,0,0,0,39,0,0.8,0.8,0,38.36,-0.64,3.7,3.7,0,36.05,-2.95,-0.00034,623,-0.00034,623,0,0,0,0,-0.00087,1611,-0.00087,1611,-0.00306,5677,-0.00306,5677,-197,-197,0,0,-598,-598,-2759,-2759,14.34233,0.02015,0.02015,0.00141,1,3.30488,3.30488,10820,10820
"95","E02003588 E02003589","E02003588","E02003589","Isle of Wight 008","Isle of Wight 009",1430,72,574,615,88,0,0,53,2,24,2,5.03497,110.94,38.94,557.56,597.34998,-17.65,121.89,49.89,553.89001,591.63,-23.37,332.45999,260.45999,463.32001,497.51001,-117.49,545.34003,473.34,373.45001,401.01999,-213.98,-0.00368,6828,-0.00121,2250,-0.00353,6547,-0.00106,1969,-0.00828,15367,-0.00582,10789,0.00476,-8838,0.00723,-13416,-4805,-1667,-5344,-2206,-14237,-11099,-23354,-20216,1.27495,0.00185,0.00185,0.00145,1,2.48514,2.48514,948,948
"96","E02003588 E02003590","E02003588","E02003590","Isle of Wight 008","Isle of Wight 010",276,3,3,234,14,1,0,16,0,5,0,1.08696,4.7,1.7,2.98,232.53999,-1.46,5.84,2.84,2.97,231.53999,-2.46,5.52,2.52,2.99,231.77,-2.23,23.26,20.26,2.79,216.57001,-17.43,-0.00591,10954,-0.00214,3974,-0.00582,10796,-0.00206,3816,-0.00648,12012,-0.00271,5032,-0.01951,36202,-0.01575,29222,-3520,-1297,-4406,-2183,-4204,-1981,-17725,-15502,13.27151,0.01922,0.01922,0.00145,1,2.72647,2.72647,9246,9246
"97","E02003588 E02003591","E02003588","E02003591","Isle of Wight 008","Isle of Wight 011",1052,71,210,654,65,1,0,22,4,24,1,6.74905,118.73,47.73,199.85001,622.09998,-31.9,118.65,47.65,200.75999,621.12,-32.88,349.14999,278.14999,149.41,469.76999,-184.23,462.60999,391.60999,125.29,393.94,-260.06,-0.01467,27213,-0.00567,10524,-0.01245,23091,-0.00345,6402,-0.03549,65849,-0.0265,49160,-0.02801,51958,-0.01901,35269,-9527,-3750,-9641,-3864,-27436,-21659,-36352,-30575,1.56255,0.00235,0.00235,0.00151,1,1.87075,1.87075,1116,1116
"98","E02003588 E02003592","E02003588","E02003592","Isle of Wight 008","Isle of Wight 012",377,1,12,333,14,0,0,13,0,4,0,0.26525,3.81,2.81,11.91,330.51001,-2.49,2.37,1.37,11.96,331.76999,-1.23,7.23,6.23,11.8,327.48999,-5.51,28.75,27.75,11.11,308.44,-24.56,-0.00473,8782,-0.00349,6474,-0.00222,4125,-0.00098,1817,-0.00783,14534,-0.00659,12226,-0.02476,45944,-0.02352,43636,-3541,-2602,-2225,-1286,-6694,-5755,-26613,-25674,17.20483,0.02054,0.02054,0.00119,1,1.89864,1.89864,9404,9404
"99","E02003588 E02003593","E02003588","E02003593","Isle of Wight 008","Isle of Wight 013",420,19,19,335,32,0,1,8,0,6,0,4.52381,27.15,8.15,18.61,328.19,-6.81,35.55,16.55,18.24,321.10999,-13.89,44.02,25.02,17.8,314.14999,-20.85,96.93,77.93,15.29,269.94,-65.06,-0.02192,40668,-0.00658,12202,-0.02303,42726,-0.00769,14260,-0.03169,58791,-0.01635,30325,-0.04689,86990,-0.03154,58524,-11316,-3389,-14835,-6908,-18299,-10372,-40296,-32369,7.60118,0.00856,0.00856,0.00113,1,2.9563,2.9563,4732,4732
"100","E02003588 E02003594","E02003588","E02003594","Isle of Wight 008","Isle of Wight 014",390,4,10,324,25,2,0,18,0,7,0,1.02564,8.98,4.98,9.87,319.82001,-4.18,7.98,3.98,9.87,320.70001,-3.3,24.27,20.27,9.49,306.95999,-17.04,66.86,62.86,8.39,271.20999,-52.79,-0.00882,16369,-0.0049,9092,-0.00616,11430,-0.00224,4153,-0.0197,36547,-0.01578,29270,-0.03559,66026,-0.03167,58749,-4440,-2470,-3923,-1953,-12051,-10081,-33207,-31237,10.34463,0.01205,0.01205,0.00117,1,2.58006,2.58006,6004,6004
"101","E02003588 E02003595","E02003588","E02003595","Isle of Wight 008","Isle of Wight 015",425,3,15,357,27,1,0,14,0,5,3,0.70588,9.13,6.13,14.78,351.81,-5.19,7.04,4.04,14.89,353.57001,-3.43,29.7,26.7,14.02,334.42001,-22.58,76.38,73.38,12.37,294.92001,-62.08,-0.00895,16596,-0.00599,11114,-0.00524,9729,-0.00229,4247,-0.02352,43635,-0.02057,38153,-0.03939,73078,-0.03643,67596,-4574,-3068,-3535,-2029,-14870,-13364,-38247,-36741,9.8492,0.01165,0.01165,0.00118,1,2.66838,2.66838,5714,5714
"102","E02003588 E02003596","E02003588","E02003596","Isle of Wight 008","Isle of Wight 016",312,2,5,250,20,1,0,25,0,7,2,0.64103,5.71,3.71,4.94,247.00999,-2.99,4.24,2.24,4.98,248.16,-1.84,15.94,13.94,4.76,238.78,-11.22,45.41,43.41,4.28,215.02,-34.98,-0.00658,12199,-0.00426,7907,-0.0038,7058,-0.00149,2766,-0.01496,27754,-0.01265,23462,-0.02798,51901,-0.02566,47609,-3163,-2043,-2376,-1256,-8784,-7664,-25026,-23906,10.82529,0.01346,0.01346,0.00124,1,2.58525,2.58525,6660,6660
"103","E02003588 E02003597","E02003588","E02003597","Isle of Wight 008","Isle of Wight 017",362,6,4,309,18,1,0,13,0,10,1,1.65746,12.54,6.54,3.93,303.32001,-5.68,11.61,5.61,3.95,304.13,-4.87,32.78,26.78,3.69,285.76001,-23.24,74.67,68.67,3.22,249.39999,-59.6,-0.01176,21825,-0.00613,11372,-0.00866,16069,-0.00303,5616,-0.02547,47250,-0.01983,36797,-0.0388,71977,-0.03316,61524,-6056,-3157,-5608,-2709,-15833,-12934,-36067,-33168,9.74833,0.01096,0.01096,0.00112,1,2.27169,2.27169,5450,5450
"104","E02003588 E02003598","E02003588","E02003598","Isle of Wight 008","Isle of Wight 018",296,2,8,243,7,0,0,25,0,9,2,0.67568,4.24,2.24,7.94,241.14999,-1.85,4.01,2.01,7.92,241.39,-1.61,8.58,6.58,7.83,237.53999,-5.46,29.84,27.84,7.27,219.94,-23.06,-0.00525,9745,-0.00279,5174,-0.00389,7213,-0.00142,2642,-0.00946,17543,-0.00699,12972,-0.02196,40745,-0.0195,36174,-2807,-1508,-2613,-1314,-5751,-4452,-20096,-18797,12.8328,0.01627,0.01627,0.00127,1,3.03608,3.03608,8724,8724
"105","E02003589 E02003590","E02003589","E02003590","Isle of Wight 009","Isle of Wight 010",205,2,3,174,8,0,0,12,0,5,1,0.97561,3.1,1.1,2.98,173.05,-0.95,2.74,0.74,2.97,173.45,-0.55,3.44,1.44,2.99,172.72,-1.28,14.82,12.82,2.83,162.92999,-11.07,-0.00388,7194,-0.00139,2569,-0.00302,5597,-0.00052,972,-0.00404,7498,-0.00155,2873,-0.01339,24834,-0.01089,20209,-2507,-920,-2120,-533,-2836,-1249,-12361,-10774,14.53734,0.02087,0.02087,0.00144,1,2.73119,2.73119,10288,10288
"106","E02003589 E02003591","E02003589","E02003591","Isle of Wight 009","Isle of Wight 011",1127,50,569,400,71,2,0,17,2,14,2,4.43656,95.87,45.87,544.76001,382.95999,-17.04,102.69,52.69,541.23999,380.37,-19.63,359.29001,309.29001,405.62,285.12,-114.88,476,426,343.95001,241.77,-158.23,0.00013,-236,6e-05,-107,1e-04,-176,3e-05,-47,0.00133,-2466,0.00126,-2337,0.01578,-29268,0.01571,-29139,-2904,-1391,-3115,-1602,-10893,-9380,-14432,-12919,0.95714,0.0016,0.0016,0.00167,1,1.99875,1.99875,858,858
"107","E02003589 E02003592","E02003589","E02003592","Isle of Wight 009","Isle of Wight 012",277,5,8,222,10,0,0,29,0,3,0,1.80505,7.14,2.14,7.94,220.25,-1.75,6.8,1.8,7.93,220.5,-1.5,6.18,1.18,8,221.11,-0.89,22.04,17.04,7.53,208.17,-13.83,-0.00884,16400,-0.00266,4931,-0.00746,13848,-0.00128,2379,-0.00746,13834,-0.00127,2365,-0.02113,39210,-0.01495,27741,-6006,-1774,-5759,-1527,-5136,-904,-18294,-14062,15.93351,0.01989,0.01989,0.00125,1,1.9107,1.9107,9204,9204
"108","E02003589 E02003593","E02003589","E02003593","Isle of Wight 009","Isle of Wight 013",406,19,64,274,30,0,0,11,0,7,1,4.6798,27.42,8.42,62.61,268.03,-5.97,38.44,19.44,60.84,260.01001,-13.99,53.24,34.24,58.3,249.91,-24.09,113.85,94.85,48.28,206.97,-67.03,-0.01362,25265,-0.00417,7740,-0.01501,27843,-0.00556,10318,-0.02301,42691,-0.01356,25166,-0.02936,54472,-0.01991,36947,-7312,-2226,-10307,-5221,-14075,-8989,-30101,-25015,6.38161,0.00734,0.00734,0.00115,1,3.06581,3.06581,4216,4216
"109","E02003589 E02003594","E02003589","E02003594","Isle of Wight 009","Isle of Wight 014",294,3,12,223,16,1,0,27,1,11,0,1.02041,5.95,2.95,11.88,220.74001,-2.26,5.38,2.38,11.91,221.17,-1.83,12.88,9.88,11.59,215.44,-7.56,40.43,37.43,10.45,194.33,-28.67,-0.00664,12317,-0.00329,6099,-0.00488,9048,-0.00153,2830,-0.01204,22343,-0.00869,16125,-0.02457,45576,-0.02121,39358,-3087,-1526,-2795,-1234,-6671,-5110,-20944,-19383,11.45603,0.0137,0.0137,0.0012,1,2.60489,2.60489,7046,7046
"110","E02003589 E02003595","E02003589","E02003595","Isle of Wight 009","Isle of Wight 015",297,10,16,222,22,0,0,15,0,12,0,3.367,13.3,3.3,15.82,219.44,-2.56,19.13,9.13,15.49,214.86,-7.14,14.38,4.38,15.76,218.64999,-3.35,42.56,32.56,14.19,196.86,-25.14,-0.01468,27230,-0.00365,6763,-0.01682,31213,-0.00579,10746,-0.01485,27545,-0.00382,7078,-0.02915,54086,-0.01812,33619,-6987,-1727,-10086,-4826,-7523,-2263,-22261,-17001,10.79176,0.01331,0.01331,0.00123,1,2.683,2.683,6756,6756
"111","E02003589 E02003596","E02003589","E02003596","Isle of Wight 009","Isle of Wight 016",241,2,7,179,10,1,0,33,0,9,0,0.82988,4.27,2.27,6.93,177.3,-1.7,4.28,2.28,6.92,177.28,-1.72,8.7,6.7,6.81,173.99001,-5.01,28.3,26.3,6.24,159.31,-19.69,-0.0053,9827,-0.00282,5228,-0.00411,7617,-0.00163,3018,-0.00927,17194,-0.00679,12595,-0.01975,36638,-0.01727,32039,-2458,-1303,-2473,-1318,-5003,-3848,-16273,-15118,11.71836,0.01511,0.01511,0.00129,1,2.6072,2.6072,7702,7702
"112","E02003589 E02003597","E02003589","E02003597","Isle of Wight 009","Isle of Wight 017",266,5,6,223,12,1,0,13,0,3,3,1.8797,9.41,4.41,5.9,219.23,-3.77,10.27,5.27,5.86,218.44,-4.56,20.97,15.97,5.65,209.39999,-13.6,49.88,44.88,4.99,184.69,-38.31,-0.00939,17416,-0.00441,8174,-0.008,14845,-0.00302,5603,-0.0176,32655,-0.01262,23413,-0.02798,51902,-0.02299,42660,-4843,-2255,-5317,-2729,-10731,-8143,-25534,-22946,9.77165,0.01177,0.01177,0.0012,1,2.14898,2.14898,5996,5996
"113","E02003589 E02003598","E02003589","E02003598","Isle of Wight 009","Isle of Wight 018",224,1,4,176,10,0,1,29,0,2,1,0.44643,2.58,1.58,3.97,174.75,-1.25,1.94,0.94,3.98,175.25999,-0.74,5.3,4.3,3.92,172.60001,-3.4,20.53,19.53,3.65,160.58,-15.42,-0.00323,5999,-0.00198,3679,-0.00193,3577,-0.00068,1257,-0.00584,10838,-0.00459,8518,-0.01593,29554,-0.01468,27234,-1758,-1082,-1313,-637,-3621,-2945,-14035,-13359,13.34186,0.01726,0.01726,0.00129,1,2.80385,2.80385,9238,9238
"114","E02003590 E02003591","E02003590","E02003591","Isle of Wight 010","Isle of Wight 011",119,3,3,102,5,0,0,5,0,1,0,2.52101,3.65,0.65,2.98,101.43,-0.57,5.96,2.96,2.9,99.46,-2.54,3,0,3,102,0,8.74,5.74,2.87,96.9,-5.1,-0.00453,8401,-0.00081,1497,-0.00584,10825,-0.00211,3921,-0.00372,6904,0,0,-0.00851,15782,-0.00479,8878,-3029,-547,-4930,-2448,-2482,0,-7398,-4916,14.42029,0.02146,0.02146,0.00149,1,2.46074,2.46074,10560,10560
"115","E02003590 E02003594","E02003590","E02003594","Isle of Wight 010","Isle of Wight 014",320,3,12,239,27,0,0,27,0,12,0,0.9375,9.95,6.95,11.73,233.75,-5.25,7.54,4.54,11.62,235.37,-3.63,40.02,37.02,10.72,211.21001,-27.79,83.27,80.27,9.06,178.58,-60.42,-0.00703,13044,-0.00499,9263,-0.00381,7069,-0.00177,3288,-0.0237,43962,-0.02166,40181,-0.03116,57820,-0.02913,54039,-3371,-2313,-2659,-1601,-13315,-12257,-27704,-26646,5.65776,0.00868,0.00868,0.00153,1,2.24758,2.24758,4230,4230
"116","E02003590 E02003595","E02003590","E02003595","Isle of Wight 010","Isle of Wight 015",177,0,4,144,12,1,0,10,0,6,0,0,2.6,2.6,3.94,141.88,-2.12,0,0,4,144,0,12.71,12.71,3.71,133.66,-10.34,32.36,32.36,3.27,117.67,-26.33,-0.00254,4714,-0.00254,4714,0,0,0,0,-0.0098,18187,-0.0098,18187,-0.01619,30030,-0.01619,30030,-1237,-1237,0,0,-6050,-6050,-15408,-15408,8.12326,0.01118,0.01118,0.00138,1,2.49597,2.49597,5798,5798
"117","E02003590 E02003596","E02003590","E02003596","Isle of Wight 010","Isle of Wight 016",162,0,2,123,14,2,0,16,0,4,1,0,2.15,2.15,1.97,121.37,-1.63,0,0,2,123,0,10.09,10.09,1.88,115.34,-7.66,27.12,27.12,1.67,102.41,-20.59,-0.00224,4157,-0.00224,4157,0,0,0,0,-0.00831,15411,-0.00831,15411,-0.01455,27001,-0.01455,27001,-1009,-1009,0,0,-4736,-4736,-12728,-12728,8.69108,0.01162,0.01162,0.00134,1,2.47806,2.47806,6064,6064
"118","E02003590 E02003597","E02003590","E02003597","Isle of Wight 010","Isle of Wight 017",52,1,1,40,5,0,0,4,0,1,0,1.92308,1.31,0.31,0.99,39.76,-0.24,2.33,1.33,1,38.89,-1.11,1.61,0.61,0.99,39.52,-0.48,3.92,2.92,0.94,37.73,-2.27,-0.00165,3067,-0.00039,715,-0.00224,4155,-0.00097,1803,-0.00192,3560,-0.00065,1208,-0.00396,7350,-0.00269,4998,-1208,-271,-2187,-1250,-1472,-535,-3496,-2559,15.84131,0.0064,0,4e-04,0.00039,3.22872,3.25544,12056,15186
"119","E02003590 E02003598","E02003590","E02003598","Isle of Wight 010","Isle of Wight 018",86,0,4,66,10,0,0,4,0,2,0,0,0.51,0.51,3.98,65.61,-0.39,0,0,4,66,0,1.31,1.31,3.94,64.99,-1.01,6,6,3.72,61.39,-4.61,-0.00062,1151,-0.00062,1151,0,0,0,0,-0.00137,2547,-0.00137,2547,-0.005,9280,-0.005,9280,-403,-403,0,0,-1046,-1046,-4792,-4792,13.42516,0.01851,0.01851,0.00138,1,3.55426,3.55426,10650,10650
"120","E02003591 E02003592","E02003591","E02003592","Isle of Wight 011","Isle of Wight 012",186,1,6,149,16,0,0,10,0,4,0,0.53763,2.16,1.16,5.96,148.06,-0.94,1.79,0.79,5.97,148.3,-0.7,3.71,2.71,5.91,146.89999,-2.1,15.55,14.55,5.53,137.36,-11.64,-0.00268,4971,-0.00144,2673,-0.0018,3339,-0.00056,1041,-0.0041,7613,-0.00287,5315,-0.01246,23108,-0.01122,20810,-1640,-841,-1429,-630,-2687,-1888,-11276,-10477,15.92645,0.01771,0.01771,0.00111,1,2.75551,2.75551,8752,8752
"121","E02003591 E02003593","E02003591","E02003593","Isle of Wight 011","Isle of Wight 013",270,8,47,183,20,0,0,7,0,5,0,2.96296,12.98,4.98,46.11,179.52,-3.48,14.57,6.57,45.57,178.67,-4.33,33.39,25.39,42.46,165.25999,-17.74,76.06,68.06,34.8,135.45,-47.55,-0.00549,10184,-0.00211,3914,-0.00486,9011,-0.00148,2741,-0.01198,22216,-0.0086,15946,-0.0149,27634,-0.01152,21364,-3059,-1175,-3346,-1462,-7882,-5998,-17960,-16076,6.18334,0.00665,0.00665,0.00108,1,3.32331,3.32331,3834,3834
"122","E02003591 E02003594","E02003591","E02003594","Isle of Wight 011","Isle of Wight 014",241,1,7,198,15,2,0,12,0,3,3,0.41494,4.34,3.34,6.9,195.25,-2.75,2.07,1.07,6.97,197.12,-0.88,13.65,12.65,6.63,187.57001,-10.43,35.62,34.62,5.99,169.44,-28.56,-0.00516,9574,-0.00397,7364,-0.00192,3566,-0.00073,1356,-0.01307,24254,-0.01188,22044,-0.02227,41320,-0.02108,39110,-2552,-1964,-1216,-628,-8034,-7446,-20976,-20388,11.00738,0.01444,0.01444,0.00131,1,1.79338,1.79338,6602,6602
"123","E02003591 E02003595","E02003591","E02003595","Isle of Wight 011","Isle of Wight 015",254,12,7,202,18,0,0,10,0,4,1,4.72441,15.39,3.39,6.9,199.17,-2.83,19.21,7.21,6.78,195.92999,-6.07,14.94,2.94,6.95,199.66,-2.34,39.92,27.92,6.22,178.8,-23.2,-0.01692,31399,-0.00373,6925,-0.01775,32937,-0.00456,8463,-0.01577,29264,-0.00258,4790,-0.02894,53692,-0.01575,29218,-8583,-1872,-10726,-4015,-8257,-1546,-22067,-15356,10.17165,0.01301,0.01301,0.00128,1,2.34363,2.34363,6134,6134
"124","E02003591 E02003596","E02003591","E02003596","Isle of Wight 011","Isle of Wight 016",174,2,4,139,12,1,0,8,0,8,0,1.14943,3.92,1.92,3.96,137.45,-1.55,3.83,1.83,3.95,137.53,-1.47,7.47,5.47,3.88,134.57001,-4.43,22.2,20.2,3.54,122.67,-16.33,-0.00488,9055,-0.00239,4434,-0.0038,7047,-0.00131,2426,-0.00795,14745,-0.00546,10124,-0.01558,28913,-0.01309,24292,-2374,-1165,-2312,-1103,-4545,-3336,-13512,-12303,11.05463,0.01482,0.01482,0.00134,1,2.30769,2.30769,7080,7080
"125","E02003591 E02003597","E02003591","E02003597","Isle of Wight 011","Isle of Wight 017",220,6,13,166,20,0,0,11,0,3,1,2.72727,9.92,3.92,12.76,162.96001,-3.04,8.7,2.7,12.82,163.81,-2.19,20.6,14.6,12.1,154.57001,-11.43,47.41,41.41,10.47,133.78999,-32.21,-0.00834,15472,-0.00329,6108,-0.00634,11770,-0.0013,2406,-0.01468,27238,-0.00963,17874,-0.02235,41463,-0.0173,32099,-3967,-1591,-3520,-1144,-8355,-5979,-19230,-16854,8.81548,0.01031,0.01031,0.00117,1,2.49369,2.49369,5214,5214
"126","E02003591 E02003598","E02003591","E02003598","Isle of Wight 011","Isle of Wight 018",188,1,3,159,13,0,0,10,0,2,0,0.53191,2.38,1.38,2.98,157.83,-1.17,1.79,0.79,2.98,158.32001,-0.68,5.14,4.14,2.94,155.48,-3.52,19.33,18.33,2.71,143.41,-15.59,-0.00298,5521,-0.00173,3200,-0.00182,3379,-0.00057,1058,-0.00561,10404,-0.00436,8083,-0.01383,25659,-0.01258,23338,-1597,-924,-1206,-533,-3453,-2780,-12993,-12320,12.47151,0.0158,0.0158,0.00127,1,3.08959,3.08959,8456,8456
"127","E02003592 E02003593","E02003592","E02003593","Isle of Wight 012","Isle of Wight 013",222,5,1,191,10,0,0,13,0,2,0,2.25225,8.44,3.44,0.98,187.97,-3.03,5,0,1,191,0,17.4,12.4,0.95,180.03999,-10.96,43.13,38.13,0.83,157.39999,-33.6,-0.00798,14800,-0.00325,6037,-0.00472,8763,0,0,-0.014,25971,-0.00928,17208,-0.02338,43368,-0.01865,34605,-4117,-1689,-2428,0,-8542,-6114,-21176,-18748,9.8653,0.01097,0.01097,0.00111,1,2.39745,2.39745,5702,5702
"128","E02003592 E02003597","E02003592","E02003597","Isle of Wight 012","Isle of Wight 017",45,0,1,38,2,0,0,3,0,1,0,0,0.27,0.27,0.99,37.77,-0.23,0,0,1,38,0,0.57,0.57,0.99,37.52,-0.48,2.81,2.81,0.94,35.63,-2.37,-0.00034,627,-0.00034,627,0,0,0,0,-6e-04,1118,-6e-04,1118,-0.00273,5069,-0.00273,5069,-270,-270,0,0,-566,-566,-2815,-2815,18.73439,0.02285,0.02285,0.00122,1,2.23603,2.23603,11328,11328
"129","E02003593 E02003594","E02003593","E02003594","Isle of Wight 013","Isle of Wight 014",39,0,1,36,0,0,0,2,0,0,0,0,0.26,0.26,0.99,35.76,-0.24,0,0,1,36,0,0.69,0.69,0.98,35.37,-0.63,2.89,2.89,0.93,33.33,-2.67,-0.00032,600,-0.00032,600,0,0,0,0,-0.00073,1351,-0.00073,1351,-0.00243,4502,-0.00243,4502,-246,-246,0,0,-650,-650,-2747,-2747,16.5231,0.02065,0.02065,0.00125,1,2.28571,2.28571,9538,9538
"130","E02003593 E02003595","E02003593","E02003595","Isle of Wight 013","Isle of Wight 015",44,1,2,39,1,0,0,0,0,1,0,2.27273,1.28,0.28,1.99,38.75,-0.25,1.67,0.67,1.93,38.4,-0.6,1.43,0.43,2,38.6,-0.4,3.38,2.38,1.94,36.83,-2.17,-0.00152,2821,-0.00034,634,-0.00163,3025,-0.00045,838,-0.00165,3056,-0.00047,869,-0.00319,5920,-0.00201,3733,-1120,-246,-1456,-582,-1262,-388,-2995,-2121,15.135,0.01922,0.01922,0.00127,1,2.69483,2.69483,9070,9070
"131","E02003593 E02003596","E02003593","E02003596","Isle of Wight 013","Isle of Wight 016",52,0,3,34,10,0,0,3,0,2,0,0,0.3,0.3,2.98,33.8,-0.2,0,0,3,34,0,0.76,0.76,2.96,33.51,-0.49,3.53,3.53,2.8,31.69,-2.31,-0.00037,686,-0.00037,686,0,0,0,0,-0.00079,1458,-0.00079,1458,-0.00299,5551,-0.00299,5551,-211,-211,0,0,-528,-528,-2463,-2463,15.77011,0.02103,0.02103,0.00133,1,2.63934,2.63934,10016,10016
"132","E02003593 E02003597","E02003593","E02003597","Isle of Wight 013","Isle of Wight 017",95,4,1,80,4,0,0,1,0,5,0,4.21053,4.66,0.66,0.99,79.42,-0.58,5.7,1.7,0.97,78.53,-1.47,4,0,1,80,0,9.07,5.07,0.95,75.53,-4.47,-0.00586,10866,-0.00083,1541,-0.00625,11592,-0.00122,2267,-0.00503,9325,0,0,-0.0087,16148,-0.00368,6823,-3382,-481,-4118,-1217,-2901,0,-6614,-3713,10.32263,0.01633,0.01633,0.00158,1,3.06185,3.06185,8096,8096
"133","E02003593 E02003598","E02003593","E02003598","Isle of Wight 013","Isle of Wight 018",44,1,1,40,1,0,0,1,0,0,0,2.27273,1.19,0.19,1,39.82,-0.18,1,0,1,40,0,1.27,0.27,1,39.75,-0.25,2.58,1.58,1,38.54,-1.46,-0.00145,2695,-0.00024,436,-0.00122,2259,0,0,-0.00151,2793,-0.00029,534,-0.00266,4935,-0.00144,2676,-1223,-191,-1032,0,-1302,-270,-2634,-1602,15.52496,0.02182,0.02182,0.00141,1,3.35029,3.35029,11338,11338
"134","E02003594 E02003595","E02003594","E02003595","Isle of Wight 014","Isle of Wight 015",525,18,93,353,24,12,0,19,0,6,0,3.42857,38.1,20.1,89.31,339,-14,44.25,26.25,88.18,334.73001,-18.27,149.28,131.28,68.91,261.60999,-91.39,219.52,201.52,56.02,212.7,-140.3,-0.00626,11608,-0.0033,6116,-0.00543,10081,-0.00247,4589,-0.02059,38203,-0.01763,32711,-0.01802,33437,-0.01506,27945,-3936,-2075,-4571,-2710,-15419,-13558,-22675,-20814,2.4655,0.00312,0.00312,0.00126,1,2.82323,2.82323,1812,1812
"135","E02003594 E02003596","E02003594","E02003596","Isle of Wight 014","Isle of Wight 016",519,8,82,309,33,40,4,33,1,7,2,1.54143,26.15,18.15,79.09,298.03,-10.97,21.52,13.52,79.88,300.81,-8.19,132.91,124.91,61.99,233.46001,-75.54,208.38,200.38,49.87,187.82001,-121.18,-0.00556,10318,-0.00388,7198,-0.00336,6237,-0.00168,3117,-0.02364,43854,-0.02196,40734,-0.02231,41385,-0.02063,38265,-2861,-1988,-2356,-1483,-14562,-13689,-22832,-21959,3.14124,0.00356,0.00356,0.00113,1,2.72395,2.72395,2078,2078
"136","E02003594 E02003597","E02003594","E02003597","Isle of Wight 014","Isle of Wight 017",78,0,2,64,5,0,0,2,0,4,1,0,0.93,0.93,1.98,63.24,-0.76,0,0,2,64,0,4.13,4.13,1.89,60.61,-3.39,11.75,11.75,1.7,54.36,-9.64,-0.00102,1899,-0.00102,1899,0,0,0,0,-0.00359,6662,-0.00359,6662,-0.00663,12305,-0.00663,12305,-502,-502,0,0,-2234,-2234,-6368,-6368,10.31183,0.01297,0.01297,0.00126,1,2.51369,2.51369,6780,6780
"137","E02003594 E02003598","E02003594","E02003598","Isle of Wight 014","Isle of Wight 018",138,5,0,106,8,0,0,15,0,4,0,3.62319,6.72,1.72,0,104.63,-1.37,6.84,1.84,0,104.51,-1.49,8.57,3.57,0,103.13,-2.87,24,19,0,90.84,-15.16,-0.00658,12203,-0.00168,3118,-0.00593,11009,-0.00104,1924,-0.00767,14220,-0.00277,5135,-0.01455,26989,-0.00965,17904,-3066,-786,-3140,-860,-3931,-1651,-11006,-8726,7.90852,0.01045,0.01045,0.00132,1,4.46804,4.46804,6664,6664
"138","E02003595 E02003596","E02003595","E02003596","Isle of Wight 015","Isle of Wight 016",590,15,198,305,47,4,1,8,2,6,4,2.54237,43.87,28.87,188.06,289.67999,-15.32,36.73,21.73,190.64999,293.28,-11.72,209.64999,194.64999,130.97,201.75,-103.25,263.89001,248.89,112.3,172.98,-132.02,-0.00258,4793,-0.0017,3155,-0.00164,3049,-0.00076,1411,-0.00993,18428,-0.00905,16790,-0.00235,4352,-0.00146,2714,-2352,-1548,-1989,-1185,-11246,-10442,-14156,-13352,1.12696,0.00244,0.00244,0.00217,1,1.92308,1.92308,1220,1220
"139","E02003595 E02003597","E02003595","E02003597","Isle of Wight 015","Isle of Wight 017",113,0,0,105,5,0,0,1,0,2,0,0,1.85,1.85,0,103.28,-1.72,0,0,0,105,0,9.62,9.62,0,96.06,-8.94,23.2,23.2,0,83.44,-21.56,-0.00168,3117,-0.00168,3117,0,0,0,0,-0.00692,12836,-0.00692,12836,-0.01094,20295,-0.01094,20295,-917,-917,0,0,-4776,-4776,-11518,-11518,7.96038,0.01049,0.01049,0.00132,1,2.36416,2.36416,5242,5242
"140","E02003595 E02003598","E02003595","E02003598","Isle of Wight 015","Isle of Wight 018",193,4,4,166,6,0,0,8,0,5,0,2.07254,7.2,3.2,3.93,163.19,-2.81,6.16,2.16,3.96,164.09,-1.91,18.68,14.68,3.68,153.13,-12.87,45.04,41.04,3.12,129.97,-36.03,-0.00539,9993,-0.00239,4432,-0.00393,7288,-0.00093,1727,-0.01189,22050,-0.00889,16489,-0.01864,34580,-0.01564,29019,-2849,-1262,-2444,-857,-7370,-5783,-17777,-16190,5.59158,0.00907,0.00907,0.00162,1,3.05402,3.05402,5098,5098
"141","E02003596 E02003597","E02003596","E02003597","Isle of Wight 016","Isle of Wight 017",92,0,3,72,2,2,1,9,0,3,0,0,1.28,1.28,2.96,71,-1,0,0,3,72,0,7.05,7.05,2.77,66.48,-5.52,18.68,18.68,2.39,57.38,-14.62,-0.00105,1952,-0.00105,1952,0,0,0,0,-0.00471,8738,-0.00471,8738,-0.0078,14479,-0.0078,14479,-499,-499,0,0,-2759,-2759,-7310,-7310,7.90337,0.00993,0.00993,0.00126,1,3.0932,3.0932,5400,5400
"142","E02003596 E02003598","E02003596","E02003598","Isle of Wight 016","Isle of Wight 018",188,0,11,138,13,0,0,22,0,4,0,0,2.29,2.29,10.87,136.32001,-1.68,0,0,11,138,0,14.49,14.49,10.15,127.37,-10.63,41.59,41.59,8.57,107.47,-30.53,-0.00148,2738,-0.00148,2738,0,0,0,0,-0.00756,14017,-0.00756,14017,-0.01321,24505,-0.01321,24505,-685,-685,0,0,-4334,-4334,-12444,-12444,4.77039,0.00706,0.00706,0.00148,1,5.3012,5.3012,4662,4662
"143","E02003597 E02003598","E02003597","E02003598","Isle of Wight 017","Isle of Wight 018",168,1,1,139,11,0,0,10,0,6,0,0.59524,2.86,1.86,0.99,137.45,-1.55,1,0,1,139,0,12.37,11.37,0.93,129.57001,-9.43,37.6,36.6,0.78,108.57,-30.43,-0.00181,3352,-0.00117,2172,-0.00064,1180,0,0,-0.00646,11992,-0.00583,10812,-0.01255,23285,-0.01192,22105,-902,-577,-325,0,-3850,-3525,-11703,-11378,5.52453,0.00791,0.00791,0.00143,1,3.60167,3.60167,4346,4346
