"","geo_code","geo_label","All","light_rail","train","bus","taxi","motorbike","Car","car_passenger","Bicycle","foot","other","govtarget_slc","govtarget_sic","govtarget_slw","govtarget_sld","govtarget_sid","gendereq_slc","gendereq_sic","gendereq_slw","gendereq_sld","gendereq_sid","dutch_slc","dutch_sic","dutch_slw","dutch_sld","dutch_sid","ebike_slc","ebike_sic","ebike_slw","ebike_sld","ebike_sid","govtarget_sldeath_heat","govtarget_slvalue_heat","govtarget_sideath_heat","govtarget_sivalue_heat","gendereq_sldeath_heat","gendereq_slvalue_heat","gendereq_sideath_heat","gendereq_sivalue_heat","dutch_sldeath_heat","dutch_slvalue_heat","dutch_sideath_heat","dutch_sivalue_heat","ebike_sldeath_heat","ebike_slvalue_heat","ebike_sideath_heat","ebike_sivalue_heat","govtarget_slco2","govtarget_sico2","gendereq_slco2","gendereq_sico2","dutch_slco2","dutch_sico2","ebike_slco2","ebike_sico2","avslope"
"39","E02002774","York 003",2858,1,34,303,10,35,1968,144,186,162,15,337.92599,151.92599,150.00101,1862.62903,-105.371,306.43301,120.433,155.558,1885.85303,-82.147,801.27698,615.27698,103.682,1548.13904,-419.86099,960.11499,774.11499,101.916,1428.00195,-539.99799,-0.10245,190040,-0.04569,84750,-0.09228,171189,-0.03552,65899,-0.23922,443801,-0.18247,338511,-0.22272,413192,-0.16597,307902,-75231,-34101,-67935,-26805,-166376,-125246,-223756,-182626,0.00321
"61","E02002782","York 011",2480,4,119,127,3,24,1674,128,212,171,18,318.88599,106.886,159.76199,1599.41602,-74.584,320.51599,108.516,164.709,1599.56201,-74.438,600.36902,388.36899,123.433,1397.70105,-276.29901,737.245,525.245,115.384,1298.18896,-375.811,-0.09079,168411,-0.02862,53067,-0.09569,177522,-0.03352,62178,-0.15838,293798,-0.0962,178454,-0.16143,299463,-0.09925,184119,-69751,-22801,-75225,-28275,-120855,-73905,-165889,-118939,0.00586
"115","E02005761","Harrogate 001",2071,3,17,20,6,15,1672,95,33,191,19,66.24,33.24,184.662,1647.92004,-24.08,56.843,23.843,187.078,1654.48804,-17.512,191.644,158.644,155.66,1562.01404,-109.986,333.47601,300.47601,136.584,1451.70203,-220.298,-0.01671,30978,-0.00863,16002,-0.01356,25155,-0.00549,10179,-0.03782,70150,-0.02975,55174,-0.06364,118045,-0.05556,103069,-20894,-10876,-18034,-8016,-46226,-36208,-110954,-100936,0.02198
"265","E02005784","Richmondshire 003",2974,3,33,35,13,21,2067,159,67,532,44,148.925,81.925,506.63199,2019.27002,-47.73,83.635,16.635,528.91498,2055.44995,-11.55,480.11499,413.11499,389.54999,1840.927,-226.073,702.12799,635.12799,341.90302,1691.18994,-375.81,-0.02482,46023,-0.01314,24359,-0.01549,28733,-0.00381,7069,-0.07071,131176,-0.05903,109512,-0.07908,146696,-0.0674,125032,-34357,-18626,-22172,-6441,-87743,-72012,-163309,-147578,0.0148
"304","E02005759","Hambleton 010",3392,2,42,147,5,24,2533,183,78,360,18,189.617,111.617,335.51501,2457.43506,-75.565,134.207,56.207,346.37399,2496.51611,-36.484,556.59601,478.59601,246.41901,2215.6731,-317.327,729.901,651.901,227.589,2083.06299,-449.93701,-0.04186,77643,-0.02423,44939,-0.03297,61153,-0.01534,28449,-0.09499,176216,-0.07736,143512,-0.11127,206424,-0.09364,173720,-51089,-29834,-38455,-17200,-122970,-101715,-207687,-186432,0.00335
"396","E02002789","York 018",3934,1,47,579,31,73,2035,260,486,400,22,691.83698,205.83701,369.194,1927.42395,-107.576,719.172,233.172,363.22501,1917.90198,-117.098,1192.81299,706.81299,278.45999,1669.81494,-365.185,1414.88599,928.88599,260.68301,1538.02002,-496.98001,-0.1472,273073,-0.04088,75820,-0.1491,276597,-0.04277,79344,-0.23493,435836,-0.1286,238583,-0.23139,429262,-0.12506,232009,-99446,-27952,-102257,-30763,-153055,-81561,-202072,-130578,0.0059
"418","E02005799","Scarborough 005",3622,2,42,180,20,45,2389,296,155,469,24,288.75601,133.756,444.77499,2302.93994,-86.06,283.884,128.884,444.50601,2306.875,-82.125,892.23798,737.23798,325.41101,1922.375,-466.625,1193.745,1038.745,290.19601,1713.09094,-675.909,-0.07247,134436,-0.02862,53089,-0.06514,120850,-0.02129,39503,-0.16535,306771,-0.12151,225424,-0.17303,321003,-0.12918,239656,-43986,-17292,-43381,-16687,-108251,-81557,-166469,-139775,0.01907
"472","E02002795","York 024",3458,5,56,311,7,40,2409,188,283,147,12,389.21899,106.219,138.002,2335.9729,-73.027,436.28699,153.287,135.384,2308.06201,-100.938,599.85199,316.85199,110.791,2193.68604,-215.314,848.797,565.797,99.507,2012.57996,-396.42001,-0.14025,260171,-0.03741,69376,-0.15601,289430,-0.05317,98635,-0.20587,381911,-0.10303,191116,-0.24244,449763,-0.13959,258968,-106933,-29180,-122520,-44767,-153199,-75446,-240080,-162327,0.00916
"522","E02005776","Harrogate 016",3271,6,81,38,7,28,2716,159,63,154,19,130.79601,67.796,146.618,2662.98999,-53.009,95.54,32.54,150.85001,2690.03101,-25.969,340.767,277.767,119.214,2503.50488,-212.495,521.72302,458.72299,109.111,2352.18408,-363.81601,-0.04412,81819,-0.02474,45872,-0.0311,57689,-0.01172,21742,-0.1049,194589,-0.08552,158642,-0.14177,262978,-0.12239,227031,-45808,-25827,-35119,-15138,-109164,-89183,-209591,-189610,NA
"671","E02005742","Craven 001",2976,2,30,35,4,21,2201,175,30,450,28,69.548,39.548,438.30899,2176.26099,-24.739,40.169,10.169,447.15799,2194.45508,-6.545,216.595,186.595,386.31699,2092.18701,-108.813,414.733,384.733,336.57901,1960.50598,-240.494,-0.02807,52063,-0.01495,27727,-0.01694,31424,-0.00382,7088,-0.05759,106839,-0.04447,82503,-0.08402,155869,-0.0709,131533,-24620,-13503,-15558,-4441,-54970,-43853,-139712,-128595,NA
"710","E02005808","Scarborough 014",3910,4,87,81,13,25,2608,264,79,723,26,186.487,107.487,686.03003,2549.34692,-58.653,131.873,52.873,703.03802,2580.40698,-27.593,635.474,556.474,518.633,2315.82104,-292.17899,918.62299,839.62299,458.37399,2129.91602,-478.08499,-0.04473,82971,-0.02831,52506,-0.02622,48636,-0.0098,18171,-0.11497,213285,-0.09854,182820,-0.13066,242402,-0.11424,211937,-33233,-20231,-22383,-9381,-102001,-88999,-191116,-178114,NA
"763","E02005804","Scarborough 010",3179,4,46,200,21,16,1385,223,77,1187,20,145.783,68.783,1155.83899,1358.06006,-26.94,121.213,44.213,1166.35596,1368.03601,-16.964,552.65503,475.655,947.07703,1214.31604,-170.68401,867.48401,790.48401,813.88599,1083.80103,-301.19901,-0.0209,38771,-0.0073,13527,-0.01675,31075,-0.00314,5831,-0.03795,70405,-0.02435,45161,-0.03704,68723,-0.02344,43479,-13158,-5262,-10794,-2898,-32714,-24818,-61783,-53887,0.03128
"776","E02005754","Hambleton 005",3220,2,67,51,3,8,2370,192,112,400,15,242.56,130.56,373.89001,2279.15698,-90.843,217.56,105.56,378.99301,2296.78296,-73.217,774.27301,662.27301,258.98801,1918.21997,-451.78,928.005,816.005,239.22099,1799.20898,-570.79102,-0.03777,70057,-0.01661,30801,-0.03771,69956,-0.01655,30700,-0.07857,145755,-0.05741,106499,-0.0865,160474,-0.06534,121218,-41566,-19409,-38868,-16711,-93456,-71299,-150283,-128126,0.0107
"790","E02002780","York 009",4007,3,97,282,24,30,1385,207,532,1431,16,794.68201,262.68201,1300.974,1296.91101,-88.088,675.03198,143.032,1359.76794,1337.29395,-47.706,1516.21301,984.21301,907.82098,1081.56494,-303.435,1623.12695,1091.12695,882.51202,1023.22101,-361.77899,-0.05286,98051,-0.01176,21809,-0.05023,93170,-0.00913,16928,-0.06529,121113,-0.02419,44871,-0.0411,76217,0,-25,-65184,-17112,-61535,-13463,-96983,-48911,-119439,-71367,0.00727
"799","E02005787","Richmondshire 006",3232,5,30,33,6,17,2456,206,32,420,27,73.759,41.759,410.43399,2427.66309,-28.338,60.193,28.193,417.358,2433.49097,-22.509,245.87199,213.87199,359.42499,2321.72095,-134.27901,492.66199,460.66199,309.41599,2148.33911,-307.66101,-0.02496,46304,-0.00985,18265,-0.02605,48329,-0.01094,20290,-0.04799,89030,-0.03288,60991,-0.07892,146407,-0.0638,118368,-32904,-14563,-36167,-17826,-63079,-44738,-163149,-144808,NA
"803","E02005771","Harrogate 011",3813,2,50,347,27,33,2536,267,81,459,11,164.341,83.341,447.83401,2481.41309,-54.587,169.944,88.944,444.66,2480.49902,-55.501,603.05603,522.05603,378.68201,2205.09399,-330.905,1013.76599,932.76599,319.57501,1940.96301,-595.03802,-0.0279,51709,-0.01459,27039,-0.02286,42403,-0.00956,17733,-0.08904,165164,-0.07574,140494,-0.11289,209406,-0.09959,184736,-24908,-13362,-22078,-10532,-79714,-68168,-152921,-141375,0.02855
"829","E02005782","Richmondshire 001",3016,5,50,37,3,11,2568,139,23,156,24,63.603,40.603,151.772,2535.12012,-32.88,38.905,15.905,153.78101,2555.69995,-12.3,209.52,186.52,130.91,2423.71289,-144.287,406.78299,383.78299,117.348,2256.71899,-311.28101,-0.02069,38350,-0.01373,25444,-0.01061,19674,-0.00365,6768,-0.06591,122250,-0.05895,109344,-0.11456,212520,-0.1076,199614,-28061,-18791,-16005,-6735,-71288,-62018,-180830,-171560,0.03208
"1212","E02005751","Hambleton 002",3252,5,46,23,4,8,2796,121,35,181,33,111.531,76.531,171.782,2734.18408,-61.816,64.659,29.659,177.93401,2771.73608,-24.264,400.423,365.423,128.27499,2510.91699,-285.082,592.64398,557.64398,118.692,2338.74097,-457.259,-0.03707,68731,-0.02293,42510,-0.02498,46333,-0.01084,20112,-0.09232,171249,-0.07819,145028,-0.13128,243514,-0.11714,217293,-42509,-26027,-27674,-11192,-107994,-91512,-223111,-206629,0.01298
"1217","E02005788","Ryedale 001",2318,1,18,36,3,14,1714,154,53,301,24,103.355,50.355,288.45001,1681.37598,-32.624,77.958,24.958,293.215,1699.25305,-14.747,285.31201,232.312,236.459,1569.95996,-144.03999,455.211,402.211,206.364,1448.48401,-265.51599,-0.03569,66213,-0.01645,30513,-0.02389,44326,-0.00465,8626,-0.06752,125272,-0.04828,89572,-0.07697,142798,-0.05773,107098,-29142,-13825,-20482,-5165,-67887,-52570,-130179,-114862,0.01658
"1300","E02005745","Craven 004",1978,1,77,27,4,6,1522,100,25,202,14,48.752,23.752,197.968,1504.60095,-17.399,52.718,27.718,197.123,1501.78101,-20.219,173.285,148.285,172.40601,1417.64197,-104.358,347.276,322.276,144.674,1288.07397,-233.92599,-0.01839,34092,-0.00779,14435,-0.01848,34276,-0.00788,14619,-0.0398,73813,-0.0292,54156,-0.06547,121427,-0.05487,101770,-13758,-5781,-15252,-7275,-32121,-24144,-78416,-70439,0.03574
"1438","E02005748","Craven 007",3232,4,218,64,4,24,2531,159,34,170,24,61.451,27.451,167.90601,2509.16089,-21.839,78.883,44.883,168.739,2493.86694,-37.133,174.142,140.142,153.45599,2423.78906,-107.211,436.784,402.784,134.01601,2214.34302,-316.65799,-0.03584,66450,-0.01515,28062,-0.04219,78264,-0.0215,39876,-0.07353,136389,-0.05284,98001,-0.14226,263887,-0.12156,225499,-24043,-10520,-30487,-16964,-52864,-39341,-150290,-136767,0.04503
"1466","E02002784","York 013",5185,10,336,402,11,17,1279,160,442,2490,38,644.34003,202.34,2374.18799,1229.92297,-49.077,508.54599,66.546,2451.43896,1262.73999,-16.26,1402.77905,960.77899,1856.35999,1088.72705,-190.27299,1662.53198,1220.53198,1700.99805,1026.39099,-252.60899,-0.04207,78032,-0.01019,18898,-0.03506,65038,-0.00318,5904,-0.05525,102476,-0.02337,43342,-0.03094,57389,0.00093,-1745,-38575,-10280,-31942,-3647,-59626,-31331,-77222,-48927,0.0132
"1496","E02005803","Scarborough 009",3714,4,41,174,19,42,1989,296,135,1000,14,228.07401,93.074,968.65198,1941.21802,-47.782,234.168,99.168,962.81201,1941.68103,-47.319,721.81598,586.81598,784.65802,1700.18701,-288.81299,1078.06799,943.06799,679.72699,1508.79895,-480.20099,-0.03585,66490,-0.01154,21403,-0.03187,59111,-0.00756,14024,-0.06666,123655,-0.04235,78568,-0.07533,139750,-0.05103,94663,-22875,-8071,-21609,-6805,-50978,-36174,-92975,-78171,0.03371
"1595","E02005783","Richmondshire 002",3522,6,29,130,11,15,2369,226,38,671,27,97.019,59.019,652.35101,2336.302,-32.698,73.976,35.976,661.46899,2347.57104,-21.429,409.371,371.371,535.48798,2181.573,-187.427,720.901,682.901,456.02499,1991.08105,-377.91901,-0.01457,27018,-0.00789,14623,-0.01043,19336,-0.00374,6941,-0.04288,79542,-0.0362,67147,-0.06667,123677,-0.05999,111282,-20927,-12201,-15260,-6534,-56054,-47328,-137034,-128308,0.02883
"1640","E02002781","York 010",4993,4,132,353,33,30,1758,232,585,1833,33,821.86603,236.866,1723.203,1670.30298,-87.697,741.789,156.789,1751.75195,1707.98901,-50.011,1534.97705,949.97699,1351.31299,1440.02698,-317.97299,1801.45605,1216.45605,1224.77502,1341.54199,-416.45801,-0.05317,98623,-0.01492,27673,-0.045,83463,-0.00675,12513,-0.07917,146862,-0.04092,75912,-0.0501,92921,-0.01185,21971,-63350,-18161,-55146,-9957,-101306,-56117,-132188,-86999,0.00941
"1885","E02002787","York 016",4378,10,117,360,27,63,2060,212,654,853,22,855.78302,201.783,795.987,1958.92395,-101.076,892.73401,238.73399,779.448,1946.59094,-113.409,1287.66602,633.66602,651.383,1754.08704,-305.91299,1533.22498,879.22498,596.841,1620.65002,-439.35001,-0.1139,211280,-0.02587,47974,-0.11533,213946,-0.0273,50640,-0.15839,293835,-0.07036,130529,-0.15519,287888,-0.06716,124582,-100340,-22841,-105141,-27642,-137028,-59529,-178630,-101131,0.00852
"2117","E02005817","Selby 009",3219,2,82,90,4,19,2669,197,20,124,12,86.565,66.565,117.246,2617.60693,-51.393,40.101,20.101,122.975,2652.35205,-16.648,322.439,302.439,84.221,2443.62695,-225.373,511.35901,491.35901,78.09,2286.19702,-382.80301,-0.038,70439,-0.02831,52464,-0.01941,35999,-0.00972,18024,-0.11188,207498,-0.10219,189523,-0.15942,295715,-0.14973,277740,-35738,-27341,-17407,-9010,-105912,-97515,-222432,-214035,0.00275
"2136","E02005749","Craven 008",4248,4,189,226,8,20,2962,260,66,496,17,176.582,110.582,477.87201,2887.47095,-74.528,133.77699,67.777,484.15201,2917.823,-44.177,672.80603,606.80603,377.634,2566.66992,-395.32901,1021.34998,955.34998,333.23499,2320.34009,-641.65997,-0.0693,128517,-0.04191,77714,-0.04962,92048,-0.02223,41245,-0.2001,371179,-0.17271,320376,-0.2246,416643,-0.19721,365840,-43467,-26599,-33713,-16845,-138325,-121457,-246644,-229776,NA
"2139","E02002790","York 019",5258,4,178,328,29,32,1730,162,818,1952,25,1026.54504,208.545,1845.06396,1659.56995,-70.43,979.70801,161.70799,1872.56494,1674.27002,-55.73,1488.30701,670.30701,1585.63904,1518.66895,-211.33099,1796.00098,978.00098,1429.401,1413.37097,-316.629,-0.08477,157238,-0.0126,23351,-0.08871,164573,-0.01654,30686,-0.10173,188715,-0.02956,54828,-0.0831,154154,-0.01093,20267,-90551,-15449,-93233,-18131,-114657,-39555,-142540,-67438,0.01059
"2221","E02005747","Craven 006",3101,3,123,124,21,11,1620,201,51,930,17,112.479,61.479,903.97699,1592.77405,-27.226,102.212,51.212,907.68298,1598.005,-21.995,463.04901,412.04901,739.039,1448.53699,-171.463,735.15997,684.15997,645.27197,1310.58704,-309.41299,-0.02298,42599,-0.01107,20497,-0.01917,35561,-0.00726,13459,-0.04938,91579,-0.03747,69477,-0.06566,121776,-0.05374,99674,-13955,-7255,-12298,-5598,-38668,-31968,-84296,-77596,0.0313
"2326","E02005756","Hambleton 007",3290,4,33,28,2,18,2121,143,194,725,22,297.35501,103.355,676.82703,2071.66699,-49.333,237.028,43.028,710.35303,2095.47607,-25.525,576.26202,382.26199,533.48999,1950.96594,-170.034,770.23199,576.23199,475.31,1829.04504,-291.95499,-0.0328,60845,-0.01114,20661,-0.03658,67860,-0.01492,27676,-0.03991,74024,-0.01824,33840,-0.04732,87777,-0.02566,47593,-58947,-20204,-55879,-17136,-92753,-54010,-165614,-126871,NA
"2427","E02005791","Ryedale 004",2638,2,19,59,6,23,2103,170,71,164,21,108.511,37.511,158.955,2074.73999,-28.26,92.918,21.918,161.492,2086.43604,-16.564,182.293,111.293,147.437,2020.50903,-82.491,336.69901,265.69901,131.492,1899.95496,-203.045,-0.05214,96722,-0.02139,39675,-0.0439,81437,-0.01315,24390,-0.07796,144635,-0.04721,87588,-0.12161,225616,-0.09086,168569,-43837,-17780,-40040,-13983,-68530,-42473,-154318,-128261,NA
"2431","E02005762","Harrogate 002",2888,4,32,73,8,14,1704,171,148,708,26,234.246,86.246,673.62903,1661.06006,-42.94,224.063,76.063,672.19299,1670.48596,-33.514,582.19501,434.19501,529.31403,1493.57397,-210.42599,783.04498,635.04498,467.897,1377.50403,-326.496,-0.01678,31121,-0.00853,15803,-0.01168,21659,-0.00342,6341,-0.03861,71626,-0.03036,56308,-0.04899,90882,-0.04073,75564,-24077,-11399,-19922,-7244,-55326,-42648,-106678,-94000,0.01663
"2437","E02005809","Selby 001",3449,2,21,204,5,23,2431,189,90,476,8,174.679,84.679,450.39899,2381.03906,-49.961,157.388,67.388,456.586,2390.60303,-40.397,481.423,391.423,339.91199,2213.98608,-217.01401,724.65601,634.65601,299.25699,2044.10999,-386.89001,-0.04064,75324,-0.02073,38398,-0.0361,66961,-0.01619,30035,-0.08372,155259,-0.06382,118333,-0.12549,232755,-0.10558,195829,-45665,-22513,-41665,-18513,-97910,-74758,-203425,-180273,NA
"2477","E02005760","Hambleton 011",2985,3,36,107,4,27,2292,138,108,251,19,197.61301,89.613,233.752,2230.3811,-61.619,144.158,36.158,246.28999,2264.29004,-27.71,446.457,338.457,184.97,2060.20093,-231.799,602.78003,494.78,172.668,1934.00403,-357.996,-0.04258,78970,-0.02372,43988,-0.03689,68435,-0.01803,33453,-0.09501,176246,-0.07615,141264,-0.11575,214733,-0.0969,179751,-49197,-26772,-40471,-18046,-110955,-88530,-194268,-171843,0.00982
"2503","E02005811","Selby 003",4107,2,82,229,8,39,3239,216,77,199,16,192.756,115.756,184.356,3153.81104,-85.189,95.099,18.099,198.748,3224.67212,-14.328,554.47101,477.47101,128.849,2895.4939,-343.50601,774.44501,697.44501,121.739,2717.85596,-521.14398,-0.06911,128173,-0.04303,79798,-0.03794,70377,-0.01186,22002,-0.17347,321814,-0.1474,273439,-0.21058,390648,-0.1845,342273,-62566,-39306,-33869,-10609,-160155,-136895,-282890,-259630,0.00284
"2538","E02005750","Hambleton 001",3050,4,42,49,1,13,2411,147,42,311,30,131.92599,89.926,292.32401,2347.62891,-63.371,79.801,37.801,302.87601,2384.25806,-26.742,485.465,443.465,206.845,2111.27588,-299.724,663.98199,621.98199,191.855,1962.23596,-448.76401,-0.03098,57437,-0.01984,36773,-0.01983,36782,-0.00869,16118,-0.07846,145536,-0.06732,124872,-0.10712,198707,-0.09598,178043,-34694,-22714,-21334,-9354,-94383,-82403,-188777,-176797,0.00762
"2667","E02005812","Selby 004",4415,7,240,80,9,23,3300,259,88,391,18,199.388,111.388,366.664,3227.26001,-72.74,156.914,68.914,375.75201,3255.09106,-44.909,592.64899,504.64899,263.892,2984.57104,-315.42899,841.98798,753.98798,241.005,2794.85498,-505.14499,-0.05149,95449,-0.02902,53775,-0.04208,78052,-0.01961,36378,-0.11346,210433,-0.09099,168759,-0.17683,327986,-0.15436,286312,-53880,-30383,-43921,-20424,-120972,-97475,-257666,-234169,0.00657
"2784","E02005778","Harrogate 018",2417,6,71,50,0,10,2000,95,27,136,22,61.229,34.229,132.312,1972.51697,-27.483,49.57,22.57,134.45799,1980.13098,-19.869,218.806,191.806,111.875,1849.70703,-150.293,385.14999,358.14999,99.634,1710.81299,-289.18701,-0.02382,44128,-0.00999,18492,-0.02296,42581,-0.00914,16945,-0.05579,103466,-0.04197,77830,-0.08572,158987,-0.0719,133351,-27748,-10577,-30307,-13136,-60282,-43111,-131866,-114695,0.02775
"2837","E02005777","Harrogate 017",3748,4,141,113,15,17,2510,224,110,602,12,236.19701,126.197,570.27399,2432.6521,-77.348,211.92599,101.926,573.92499,2448.08008,-61.92,828.62201,718.62201,413.22101,2077.0459,-432.95401,1093.802,983.802,369.01599,1894.39294,-615.60699,-0.02455,45485,-0.01399,25910,-0.01762,32679,-0.00707,13104,-0.07494,138979,-0.06438,119404,-0.08863,164395,-0.07808,144820,-27419,-15891,-21482,-9954,-84526,-72998,-150645,-139117,0.02166
"2966","E02002447","Wakefield 010",2756,1,66,140,37,20,1732,239,50,465,6,126.564,76.564,445.82999,1688.953,-43.046,78.848,28.848,456.53,1716.40503,-15.595,486.918,436.918,336.965,1501.48999,-230.50999,710.18103,660.18103,298.11899,1362.34497,-369.655,-0.03451,63963,-0.02385,44200,-0.01548,28703,-0.00482,8940,-0.11928,221255,-0.10863,201492,-0.14925,276856,-0.1386,257093,-21166,-14623,-10074,-3531,-69738,-63195,-134693,-128150,0.01735
"2987","E02005744","Craven 003",3030,4,112,40,4,14,2043,139,69,575,30,105.715,36.715,562.42798,2021.87903,-21.121,127.325,58.325,555.052,2009.43396,-33.566,215.39,146.39,519.45801,1963.30005,-79.7,439.65201,370.65201,447.5,1830.37305,-212.627,-0.03486,64668,-0.0122,22624,-0.03934,72988,-0.01668,30944,-0.05588,103676,-0.03322,61632,-0.07151,132659,-0.04884,90615,-30225,-10572,-38370,-18717,-51917,-32264,-123407,-103754,NA
"3054","E02002772","York 001",3248,5,43,250,9,53,2315,169,180,209,15,316.71201,136.71201,192.089,2220.71802,-94.282,316.49399,136.494,192.02299,2224.51196,-90.488,706.362,526.362,135.04201,1957.56799,-357.43201,912.32703,732.32703,130.24699,1799.698,-515.302,-0.11109,206081,-0.04722,87594,-0.10904,202282,-0.04517,83795,-0.23996,445169,-0.17609,326682,-0.24451,453606,-0.18064,335119,-86975,-37039,-86348,-36412,-178851,-128915,-260967,-211031,0.00303
"3188","E02005772","Harrogate 012",2623,4,74,100,7,17,2028,135,34,210,14,81.108,47.108,204.01601,1993.38196,-34.618,70.222,36.222,206.42599,2001.01099,-26.989,309.78601,275.78601,166.68401,1832.76697,-195.233,541.92499,507.92499,146.093,1654.42505,-373.57501,-0.0204,37809,-0.01248,23119,-0.01607,29803,-0.00815,15113,-0.06454,119688,-0.05661,104998,-0.0958,177688,-0.08788,162998,-20401,-12671,-16849,-9119,-62223,-54493,-138949,-131219,0.02849
"3206","E02005810","Selby 002",3916,4,187,83,5,44,3179,194,72,130,18,132.29201,60.292,123.247,3133.646,-45.354,114.915,42.915,127.215,3145.79102,-33.209,289.81799,217.81799,97.419,3021.53491,-157.465,477.547,405.547,89.983,2866.73706,-312.263,-0.05947,110281,-0.02562,47492,-0.05704,105810,-0.02319,43021,-0.10122,187737,-0.06737,124948,-0.16807,311760,-0.13422,248971,-64053,-27195,-64720,-27862,-105781,-68923,-232966,-196108,NA
"3233","E02005805","Scarborough 011",2851,2,22,236,13,28,1926,237,85,289,13,152.752,67.752,279.668,1880.53003,-45.47,156.283,71.283,277.53799,1880.68701,-45.313,453.952,368.952,236.228,1682.33606,-243.664,763.08698,678.08698,204.18401,1472.50806,-453.492,-0.0488,90515,-0.02477,45951,-0.04161,77188,-0.01759,32624,-0.13259,245979,-0.10857,201415,-0.15654,290412,-0.13251,245848,-26948,-13874,-24278,-11204,-80124,-67050,-146180,-133106,0.01461
"3259","E02005786","Richmondshire 005",2191,6,12,37,1,7,1645,111,35,317,20,53.436,18.436,312.37299,1632.64795,-12.352,58.259,23.259,310.68399,1629.78503,-15.215,103.046,68.046,297.875,1601.43701,-43.563,248.907,213.907,262.79199,1502.33105,-142.66901,-0.01532,28416,-0.0054,10024,-0.01491,27651,-0.00499,9259,-0.02999,55641,-0.02008,37249,-0.05188,96248,-0.04197,77856,-20271,-7181,-21425,-8335,-33326,-20236,-92576,-79486,NA
"3348","E02005813","Selby 005",5061,1,159,261,11,55,2902,433,284,938,17,495.41501,211.41499,864.521,2797.95093,-104.049,407.711,123.711,884.58002,2849.03711,-52.963,1214.11206,930.112,596.42401,2457.75806,-444.242,1386.19397,1102.19397,583.34399,2338.9209,-563.07898,-0.05349,99192,-0.02947,54643,-0.03184,59054,-0.00782,14505,-0.11472,212804,-0.09071,168255,-0.14426,267610,-0.12025,223061,-54248,-27821,-35153,-8726,-115355,-88928,-199880,-173453,0.00246
"3367","E02002793","York 022",4345,6,58,516,24,64,2588,250,482,335,22,706.56299,224.563,307.31,2453.01099,-134.989,676.771,194.771,311.884,2473.875,-114.125,1271.89001,789.89001,231.017,2115.57788,-472.422,1495.48096,1013.48102,219.89799,1962.94702,-625.05298,-0.15744,292052,-0.04836,89704,-0.15042,279038,-0.04134,76690,-0.27645,512854,-0.16737,310506,-0.26979,500512,-0.16072,298164,-118875,-36126,-116644,-33895,-196327,-113578,-258204,-175455,0.00911
"3408","E02005769","Harrogate 009",3098,7,132,253,4,19,1910,206,53,494,20,122.77,69.77,478.32401,1870.79102,-39.209,92.241,39.241,484.61899,1888.60999,-21.39,482.63901,429.63901,379.995,1683.55298,-226.446,777.16199,724.16199,331.85999,1504.36096,-405.63901,-0.02111,39119,-0.01378,25527,-0.012,22260,-0.00467,8668,-0.07406,137365,-0.06673,123773,-0.09748,180807,-0.09015,167215,-18577,-12216,-11047,-4686,-63228,-56867,-130596,-124235,0.02759
"3501","E02002783","York 012",4844,2,88,379,21,89,2703,297,717,534,14,948.896,231.896,495.215,2563.70801,-139.29201,967.04901,250.049,491.33899,2556.84302,-146.157,1422.26404,705.263,399.677,2273.77002,-429.23001,1713.349,996.349,366.858,2087.98511,-615.01501,-0.17415,323062,-0.04104,76117,-0.17031,315963,-0.03721,69018,-0.24847,460965,-0.11537,214020,-0.25722,477182,-0.12411,230237,-137985,-33354,-137157,-32526,-193242,-88611,-255028,-150397,0.00945
"3549","E02002792","York 021",3527,4,146,207,9,23,1619,110,589,808,12,739.58099,150.58099,752.71002,1545.05701,-73.943,707.76501,118.765,760.42102,1565.83997,-53.16,993.81403,404.814,657.724,1422.10803,-196.892,1197.698,608.698,588.57001,1317.55505,-301.44501,-0.07793,144554,-0.01487,27563,-0.07556,140163,-0.01249,23172,-0.10292,190925,-0.03986,73934,-0.09538,176932,-0.03232,59941,-93851,-17185,-92829,-16163,-118710,-42044,-149873,-73207,0.00922
"3560","E02005779","Harrogate 019",3284,10,161,158,10,13,1961,129,83,737,22,169.19299,86.193,705.55298,1915.42798,-45.571,132.383,49.383,718.19299,1935.13599,-25.864,602.33801,519.33801,530.55499,1699.05505,-261.94501,831.362,748.362,469.517,1564.61597,-396.384,-0.01701,31507,-0.0085,15719,-0.01298,24076,-0.00447,8288,-0.04203,77919,-0.03351,62131,-0.06072,112594,-0.0522,96806,-19995,-10166,-16826,-6997,-53386,-43557,-107947,-98118,0.02646
"3590","E02005807","Scarborough 013",2567,2,29,113,2,32,1955,188,53,170,23,104.776,51.776,164.814,1915.59595,-39.404,93.639,40.639,166.244,1923.59595,-31.404,334.29999,281.29999,138.774,1744.38696,-210.61301,585.966,532.966,120.952,1549.33496,-405.66501,-0.03997,74148,-0.02143,39761,-0.03196,59281,-0.01342,24894,-0.1075,199439,-0.08897,165052,-0.14463,268325,-0.1261,233938,-24156,-13235,-20377,-9456,-71152,-60231,-144091,-133170,NA
"3612","E02005806","Scarborough 012",2684,2,25,261,15,31,1624,205,100,410,11,191.868,91.868,391.815,1569.073,-54.927,183.798,83.798,392.83499,1574.828,-49.172,593.50299,493.50299,312.97601,1331.29395,-292.70599,847.651,747.651,273.841,1174.80701,-449.19299,-0.05246,97321,-0.02654,49228,-0.04564,84668,-0.01972,36575,-0.14362,266447,-0.1177,218354,-0.13704,254230,-0.11111,206137,-31236,-15278,-29786,-13828,-90614,-74656,-138525,-122567,0.01073
"3676","E02005767","Harrogate 007",2753,5,112,68,1,16,2205,146,34,152,14,85.044,51.044,146.71201,2165.4751,-39.525,62.747,28.747,150.66701,2180.62695,-24.373,321.13901,287.13901,115.525,1989.25098,-215.74899,534.84302,500.84299,101.14,1815.99194,-389.008,-0.02584,47891,-0.01445,26775,-0.01989,36880,-0.0085,15764,-0.07642,141747,-0.06504,120631,-0.10237,189878,-0.09098,168762,-26614,-14601,-22808,-10795,-75829,-63816,-151850,-139837,0.02449
"3688","E02005785","Richmondshire 004",8046,4,246,255,56,57,4059,527,252,2136,454,475.47198,223.472,2061.87598,3957.75903,-101.241,320.064,68.064,2118.04907,4023.52393,-35.476,1586.14294,1334.14294,1675.12903,3475.85889,-583.14099,2441.17407,2189.17407,1408.24402,3072.79395,-986.20599,-0.03666,68002,-0.01809,33540,-0.02696,50008,-0.00838,15546,-0.11504,213408,-0.09646,178946,-0.10072,186841,-0.08214,152379,-51906,-25947,-41469,-15510,-143432,-117473,-265728,-239769,0.02687
"3931","E02002773","York 002",2513,0,23,244,5,34,1700,136,189,173,9,325.83301,136.83299,159.341,1606.23901,-93.761,307.77301,118.773,167.03799,1617.22095,-82.779,724.15002,535.15002,112.299,1338.61499,-361.38501,853.229,664.229,110.316,1241.771,-458.23001,-0.09111,169015,-0.03776,70044,-0.09113,169045,-0.03777,70074,-0.19689,365264,-0.14354,266293,-0.18377,340914,-0.13041,241943,-68709,-28449,-69403,-29143,-139422,-99162,-184583,-144323,0.003
"4001","E02005766","Harrogate 006",2450,1,29,68,1,15,1960,132,19,212,13,40.392,21.392,208,1944.66296,-15.337,36.195,17.195,209.62399,1946.74402,-13.256,122.109,103.109,187.233,1890.82898,-69.171,284.95099,265.95099,162.68401,1769.06799,-190.93201,-0.01396,25868,-0.00668,12373,-0.0134,24851,-0.00612,11356,-0.02841,52697,-0.02114,39202,-0.06174,114522,-0.05446,101027,-15963,-7759,-17107,-8903,-34047,-25843,-104954,-96750,0.03208
"4006","E02002778","York 007",3790,3,159,201,11,33,1970,147,487,762,17,710.60999,223.61,690.55701,1852.98706,-117.013,626.07202,139.07201,715.21997,1900.04602,-69.954,1297.46802,810.46698,502.91901,1544.88196,-425.11801,1404.85999,917.85999,482.64401,1474.48999,-495.51001,-0.07533,139726,-0.02064,38269,-0.07174,133071,-0.01704,31614,-0.12309,228335,-0.0684,126878,-0.09868,183047,-0.04398,81590,-81796,-22799,-79635,-20638,-130577,-71580,-156323,-97326,0.0061
"4087","E02005770","Harrogate 010",4633,3,79,240,20,51,3026,327,192,670,25,355.79099,163.791,636.72803,2923.40088,-102.599,330.44199,138.442,637.11798,2942.26294,-83.737,1099.38,907.38,473.83401,2468.97998,-557.02002,1470.68604,1278.68604,417.51599,2217.67212,-808.328,-0.04428,82097,-0.01955,36234,-0.03666,67996,-0.01193,22133,-0.11672,216512,-0.092,170649,-0.12724,236015,-0.10251,190152,-45357,-19826,-42130,-16599,-118566,-93035,-190667,-165136,0.02049
"4096","E02005814","Selby 006",2780,3,79,102,7,13,1936,179,140,310,11,252.366,112.366,284.621,1862.06897,-73.931,173.245,33.245,303.03201,1914.63,-21.37,632.46503,492.465,192.396,1615.61499,-320.38501,724.22803,584.22803,188.036,1542.87195,-393.12799,-0.03414,63304,-0.01697,31449,-0.02472,45845,-0.00754,13990,-0.06909,128154,-0.05192,96299,-0.08719,161727,-0.07001,129872,-34594,-17413,-24924,-7743,-71886,-54705,-122892,-105711,0.00163
"4158","E02005764","Harrogate 004",4825,3,12,184,19,23,3025,428,111,998,22,259.07501,148.075,950.62097,2943.72095,-81.279,189.50301,78.503,967.74799,2985.12891,-39.871,964.14801,853.14801,702.50098,2574.96899,-450.03101,1329.698,1218.698,618.117,2349.33911,-675.66101,-0.0323,59903,-0.01984,36796,-0.0173,32079,-0.00484,8972,-0.09089,168608,-0.07843,145501,-0.11127,206425,-0.09881,183318,-36937,-22079,-23195,-8337,-106508,-91650,-203300,-188442,0.00842
"4159","E02005765","Harrogate 005",2707,2,16,40,3,12,2145,152,38,287,12,100.684,62.684,272.14401,2103.04297,-41.957,55.117,17.117,281.62,2134.95093,-10.049,330.875,292.875,207.619,1958.64502,-186.355,507.97601,469.97601,185.35699,1820.37,-324.63,-0.02605,48300,-0.01707,31643,-0.011,20404,-0.00202,3747,-0.07113,131951,-0.06215,115294,-0.09678,179538,-0.0878,162881,-28517,-19224,-12281,-2988,-81920,-72627,-166694,-157401,0.01235
"4166","E02002785","York 014",2880,3,43,227,19,26,1555,166,462,364,15,610.41199,148.412,337.453,1464.24304,-90.757,565.81702,103.817,347.229,1495.95105,-59.049,909.26801,447.26801,284.22501,1273.92297,-281.077,1066.13403,604.13397,263.63901,1175.47595,-379.52399,-0.10614,196891,-0.02419,44858,-0.09819,182142,-0.01623,30109,-0.15479,287157,-0.07284,135124,-0.14951,277354,-0.06756,125321,-93730,-20831,-86790,-13891,-130664,-57765,-160398,-87499,0.00813
"4173","E02005743","Craven 002",1684,5,52,27,0,9,1234,84,19,236,18,39.01,20.01,230.078,1221.93396,-12.066,30.575,11.575,233.69099,1225.828,-8.172,128.813,109.813,198.741,1172.745,-61.255,240.298,221.298,171.304,1099.95898,-134.041,-0.01507,27948,-0.0062,11491,-0.01454,26967,-0.00567,10510,-0.02881,53448,-0.01994,36991,-0.04212,78140,-0.03325,61683,-12876,-5587,-13093,-5804,-28958,-21669,-67994,-60705,NA
"4216","E02005755","Hambleton 006",2794,6,25,56,4,19,2092,170,48,356,18,124.307,76.307,335.86099,2043.09998,-48.9,68.313,20.313,352.13199,2077.51294,-14.487,418.952,370.952,244.569,1866.69299,-225.30701,603.26703,555.26703,218.89799,1728.34094,-363.659,-0.03374,62581,-0.01783,33069,-0.02421,44911,-0.0083,15399,-0.07643,141795,-0.06052,112283,-0.09144,169632,-0.07553,140120,-37392,-19717,-25626,-7951,-93362,-75687,-170749,-153074,0.00813
"4340","E02005781","Harrogate 021",2167,9,124,52,6,10,1758,103,12,78,15,43.344,31.344,76.301,1733.39795,-24.602,20.065,8.065,77.843,1751.76294,-6.237,199.166,187.166,64.985,1614.39795,-143.60201,378.39301,366.39301,56.731,1471.31604,-286.68399,-0.01414,26171,-0.00993,18350,-0.00676,12537,-0.00254,4716,-0.05144,95374,-0.04722,87553,-0.08436,156459,-0.08015,148638,-15066,-9992,-8458,-3384,-49681,-44607,-117620,-112546,NA
"4661","E02002775","York 004",2310,0,24,261,12,28,1280,150,293,250,12,435.711,142.711,229.73199,1195.69104,-84.309,405.547,112.547,237.806,1214.44897,-65.551,810.68597,517.68597,167.304,976.65302,-303.34698,907.70697,614.70697,160.84399,912.01099,-367.98901,-0.08267,153352,-0.02652,49178,-0.07688,142619,-0.02073,38445,-0.15121,280506,-0.09505,176332,-0.13896,257791,-0.08281,153617,-60430,-19420,-56313,-15303,-104675,-63665,-128741,-87731,0.00445
"4683","E02005774","Harrogate 014",4505,8,148,387,20,40,2648,278,154,805,17,309.72501,155.72501,766.77899,2564.21094,-83.789,267.362,113.362,775.52899,2589.23389,-58.766,1057.59705,903.59698,571.31598,2170.14404,-477.85599,1427.52698,1273.52698,502.45599,1949.23206,-698.76801,-0.03711,68795,-0.01774,32872,-0.02955,54798,-0.01018,18875,-0.10427,193412,-0.08491,157489,-0.11271,209067,-0.09335,173144,-36275,-16924,-30946,-11595,-99613,-80262,-165210,-145859,0.01894
"4695","E02006870","Ryedale 008",5640,2,103,125,15,63,3333,398,405,1168,28,580.93201,175.93201,1102.99304,3240.12598,-92.874,608.60901,203.60899,1088.78101,3230.12988,-102.87,1065.16797,660.16803,899.63098,3001.83203,-331.168,1480.823,1075.823,786.18903,2752.84106,-580.15997,-0.12323,228617,-0.03124,57952,-0.11828,219436,-0.02629,48771,-0.14577,270427,-0.05378,99762,-0.1621,300724,-0.07011,130059,-111012,-31756,-110690,-31434,-167407,-88151,-283008,-203752,NA
"4734","E02005780","Harrogate 020",4147,9,166,146,10,18,2912,185,113,570,18,207.22099,94.221,550.69299,2848.30591,-63.694,232.74899,119.749,541.46002,2834.21606,-77.784,668.32202,555.32202,445.22699,2546.073,-365.927,1011.20697,898.20697,384.95401,2308.54712,-603.453,-0.02663,49328,-0.01347,24938,-0.02317,42972,-0.01002,18582,-0.07363,136543,-0.06048,112153,-0.10302,191064,-0.08987,166674,-29143,-14763,-28077,-13697,-79940,-65560,-161567,-147187,0.03462
"4834","E02005789","Ryedale 002",3878,7,28,80,5,31,2638,241,139,689,20,243.32899,104.329,654.74298,2577.36401,-60.636,236.33099,97.331,652.69702,2585.18091,-52.819,577.97498,438.97501,533.06299,2394.10498,-243.895,854.26599,715.26599,463.26199,2215.21606,-422.784,-0.05894,109332,-0.02661,49355,-0.04731,87763,-0.01498,27786,-0.09913,183909,-0.0668,123932,-0.0979,181629,-0.06557,121652,-59217,-26384,-51338,-18505,-119881,-87048,-221057,-188224,NA
"5025","E02005815","Selby 007",3803,2,121,123,4,25,2968,198,126,223,13,276.06799,150.06799,204.44501,2857.27393,-110.726,181.785,55.785,218.282,2926.698,-41.302,780.12299,654.12299,133.407,2494.2771,-473.72299,921.92999,795.92999,129.67999,2372.34399,-595.65601,-0.05483,101676,-0.0313,58038,-0.03455,64090,-0.01103,20452,-0.13183,244545,-0.10831,200907,-0.15309,283990,-0.12957,240352,-52971,-31208,-33415,-11652,-127297,-105534,-211110,-189347,0.00281
"5240","E02005746","Craven 005",2916,2,126,58,10,15,1685,193,40,776,11,95.309,55.309,755.84003,1656.41895,-28.581,69.462,29.462,764.31299,1671.30005,-13.7,417.392,377.392,620.73401,1504.55701,-180.44299,661.26202,621.26202,537.28497,1374.40002,-310.60001,-0.02273,42135,-0.0106,19642,-0.01934,35870,-0.00721,13377,-0.04734,87796,-0.03522,65303,-0.06829,126654,-0.05616,104161,-14301,-7544,-11575,-4818,-38777,-32020,-88394,-81637,0.02687
"5304","E02002788","York 017",4806,8,321,232,14,35,1854,206,701,1420,15,901.88,200.88,1334.90503,1769.89197,-84.108,861.62903,160.629,1349.474,1788.49304,-65.507,1339.40002,638.40002,1116.31799,1609.34998,-244.64999,1600.32397,899.32501,1006.46399,1498.88403,-355.116,-0.09068,168200,-0.01724,31961,-0.08813,163496,-0.01469,27257,-0.1104,204799,-0.03696,68560,-0.09735,180586,-0.02391,44347,-93093,-18709,-90723,-16339,-119420,-45036,-152597,-78213,0.00806
"5442","E02005797","Scarborough 003",2629,2,40,81,25,16,1324,203,35,851,52,65.836,30.836,836.45203,1311.479,-12.521,66.282,31.282,836.75403,1310.87695,-13.123,256.87399,221.87399,739.71399,1238.87695,-85.123,514.271,479.271,622.18201,1131.74902,-192.25101,-0.01778,32975,-0.00344,6387,-0.01905,35344,-0.00472,8756,-0.02098,38930,-0.00665,12342,-0.01177,21833,0.00256,-4755,-13311,-3132,-14677,-4498,-24610,-14431,-50456,-40277,0.03918
"5450","E02005800","Scarborough 006",3053,1,51,188,16,24,1221,248,73,1204,27,149.59399,76.594,1168.06897,1193.08496,-27.915,104.578,31.578,1188.56799,1209.98706,-11.013,600.242,527.242,931.05402,1046.15698,-174.843,873.35498,800.35498,813.591,941.50702,-279.49301,-0.01881,34887,-0.00736,13656,-0.01308,24258,-0.00163,3027,-0.03731,69217,-0.02587,47986,-0.03274,60743,-0.0213,39512,-11379,-5129,-7987,-1737,-31737,-25487,-58049,-51799,0.02611
"5460","E02005801","Scarborough 007",1915,1,19,139,17,28,989,147,71,491,13,129.306,58.306,471.97601,960.45898,-28.541,121.27,50.27,474.54401,964.83801,-24.162,428.241,357.241,367.48999,819.51801,-169.48199,600.13702,529.13702,322.349,728.84497,-260.155,-0.02186,40536,-0.00721,13369,-0.01888,35016,-0.00423,7849,-0.04309,79933,-0.02844,52766,-0.04357,80833,-0.02893,53666,-13177,-4769,-11922,-3514,-31323,-22915,-53563,-45155,0.02519
"5489","E02002794","York 023",2436,7,66,280,4,26,1223,115,286,418,11,387.89899,101.899,394.60101,1170.15198,-52.848,378.965,92.965,398.78799,1170.29004,-52.71,644.52802,358.52802,334.436,1038.20605,-184.79401,765.435,479.435,316.19299,967.50201,-255.498,-0.05817,107892,-0.01554,28806,-0.06343,117657,-0.02079,38571,-0.09584,177786,-0.05321,98700,-0.09315,172778,-0.05051,93692,-47903,-12434,-54933,-19464,-74239,-38770,-97439,-61970,0.00927
"5531","E02002786","York 015",4271,7,82,328,35,37,1636,253,651,1224,18,857.38,206.38,1146.745,1547.18604,-88.814,782.35699,131.35699,1174.08899,1581.50598,-54.494,1328.83606,677.836,957.78302,1355.33606,-280.664,1581.49097,930.49103,866.711,1246.729,-389.271,-0.08499,157656,-0.01896,35160,-0.07778,144285,-0.01175,21789,-0.1158,214816,-0.04977,92320,-0.09602,178122,-0.02999,55626,-85444,-19175,-79535,-13266,-117303,-51034,-147808,-81539,0.01207
"5576","E02005773","Harrogate 013",4171,4,144,250,20,40,2111,251,142,1195,14,289.56799,147.56799,1137.21802,2044.41199,-66.588,224.272,82.272,1162.828,2074.4729,-36.527,1017.16803,875.16803,825.01001,1736.55298,-374.44699,1301.26001,1159.26001,744.12,1585.51794,-525.48199,-0.02622,48594,-0.01069,19789,-0.02183,40481,-0.0063,11676,-0.05769,106989,-0.04216,78184,-0.06183,114670,-0.0463,85865,-28295,-12453,-23952,-8110,-71761,-55919,-121897,-106055,0.01778
"5586","E02005757","Hambleton 008",3844,3,65,51,9,30,2780,242,94,544,26,260.74399,166.744,503.10501,2674.81592,-105.184,119.599,25.599,538.08099,2763.26709,-16.733,909.81799,815.81799,335.23801,2274.55591,-505.444,1057.83606,963.836,313.366,2164.646,-615.354,-0.03939,73069,-0.02024,37537,-0.0252,46741,-0.00604,11209,-0.09049,167869,-0.07133,132337,-0.08736,162063,-0.0682,126531,-46079,-23805,-29222,-6948,-115735,-93461,-174555,-152281,0.00049
"5598","E02005752","Hambleton 003",2825,3,50,54,5,5,2275,178,61,177,17,129.793,68.793,168.724,2222.93188,-52.068,91.821,30.821,173.276,2252.0459,-22.954,358.646,297.646,138.181,2053.12598,-221.87399,526.96301,465.96301,124.067,1919.23901,-355.76099,-0.03755,69633,-0.02116,39225,-0.0263,48784,-0.00991,18376,-0.09321,172916,-0.07682,142508,-0.10991,203877,-0.09351,173469,-39844,-23152,-25962,-9270,-100366,-83674,-180338,-163646,0.00921
"5601","E02005775","Harrogate 015",4624,17,233,305,15,16,2326,194,108,1380,30,221.08701,113.087,1335.73706,2274.30591,-51.694,163.981,55.981,1361.224,2297.71289,-28.287,824.62097,716.62097,1061.01404,2027.28296,-298.71701,1208.68103,1100.68103,925.23102,1843.33899,-482.66101,-0.02043,37856,-0.01098,20336,-0.01284,23810,-0.00339,6290,-0.05361,99413,-0.04416,81893,-0.07122,132086,-0.06177,114566,-21866,-11812,-14807,-4753,-61613,-51559,-126109,-116055,0.02485
"5695","E02005796","Scarborough 002",2485,1,44,72,3,11,1941,148,27,202,36,55.623,28.623,197.14101,1920.30005,-20.7,44.026,17.026,199.354,1928.47803,-12.522,174.028,147.028,172.16299,1839.15405,-101.846,328.92599,301.92599,152.15401,1721.823,-219.177,-0.02846,52777,-0.01318,24433,-0.02314,42919,-0.00786,14575,-0.05754,106749,-0.04227,78405,-0.09445,175215,-0.07917,146871,-19254,-9188,-16667,-6601,-43910,-33844,-107571,-97505,NA
"5794","E02005795","Scarborough 001",2674,6,32,86,24,16,1288,179,38,936,69,73.442,35.442,916.95398,1274.98706,-13.013,67.201,29.201,921.29901,1276.55103,-11.449,288.871,250.871,793.49902,1201.63501,-86.365,548.79401,510.79401,662.97101,1098.68994,-189.31,-0.01535,28473,-0.00235,4356,-0.01695,31438,-0.00395,7321,-0.01093,20265,0.00207,-3852,0.00495,-9179,0.01794,-33296,-10780,-3336,-11278,-3834,-22447,-15003,-51180,-43736,0.04325
"5901","E02002779","York 008",4195,5,81,256,12,36,2179,238,754,620,14,1000.82501,246.825,564.77301,2034.10303,-144.897,965.17798,211.17799,575.57703,2054.38501,-124.616,1489.72705,735.72699,466.45599,1730.37,-448.63,1667.67102,913.67102,435.24399,1615.61499,-563.38501,-0.1323,245425,-0.0295,54716,-0.1323,245424,-0.0295,54715,-0.1944,360642,-0.0916,169933,-0.17806,330335,-0.07526,139626,-131258,-28053,-134561,-31356,-181523,-78318,-215648,-112443,0.0074
"5944","E02005794","Ryedale 007",3754,8,61,83,9,18,3060,223,53,209,30,109.706,56.706,202.95,3015.93701,-44.063,83.977,30.977,207.155,3034.63306,-25.367,290.147,237.147,176.311,2883.34497,-176.655,527.237,474.237,158.69099,2691.698,-368.302,-0.06065,112500,-0.02891,53628,-0.05284,98017,-0.0211,39145,-0.10522,195192,-0.07348,136320,-0.17688,328147,-0.14515,269275,-54210,-25151,-51134,-22075,-97887,-68828,-225185,-196126,0.02422
"5972","E02005790","Ryedale 003",2307,4,25,28,2,23,1686,118,49,337,35,87.425,38.425,326.73801,1661.49805,-24.502,79.151,30.151,328.272,1667.41296,-18.587,219.75999,170.75999,287.04999,1581.39795,-104.602,384.92499,335.92499,248.34801,1470.92603,-215.07401,-0.03079,57125,-0.01336,24780,-0.02626,48706,-0.00882,16361,-0.05674,105263,-0.0393,72918,-0.06667,123680,-0.04923,91335,-27319,-11598,-24613,-8892,-55367,-39646,-114932,-99211,NA
"6022","E02002776","York 005",3100,1,37,214,13,45,1759,189,454,381,7,624.77197,170.772,352.07599,1650.36206,-108.638,612.46997,158.47,349.07101,1667.547,-91.453,1035.30701,581.30701,281.789,1381.17505,-377.82501,1180.03198,726.03198,266.95999,1282.62695,-476.37299,-0.09466,175585,-0.02716,50363,-0.09044,167776,-0.02294,42554,-0.16143,299472,-0.09393,174250,-0.15057,279324,-0.08307,154102,-78110,-22737,-75624,-20251,-128261,-72888,-159761,-104388,0.00557
"6076","E02002777","York 006",4292,2,73,274,10,42,2598,231,582,461,19,834.59601,252.59599,420.27499,2435.54297,-162.457,790.487,208.487,422.323,2470.10791,-127.892,1471.38904,889.38898,319.81699,2011.026,-586.974,1608.17004,1026.17004,312.69199,1905.10095,-692.89899,-0.12204,226383,-0.03793,70345,-0.11094,205797,-0.02683,49759,-0.21929,406820,-0.13518,250782,-0.20375,377985,-0.11964,221947,-103730,-32480,-95677,-24427,-177413,-106163,-217989,-146739,0.00581
"6134","E02005753","Hambleton 004",6041,3,99,74,34,20,3299,351,280,1854,27,564.84497,284.845,1725.20898,3167.78101,-131.21899,490.22699,210.22701,1748.36499,3210.45605,-88.544,1732.96899,1452.96899,1185.11206,2641.66699,-657.33301,2058.72705,1778.72705,1074.68298,2459.75195,-839.24799,-0.03084,57192,-0.01495,27730,-0.02414,44783,-0.00826,15321,-0.05686,105483,-0.04098,76021,-0.03865,71696,-0.02277,42234,-57478,-28251,-47770,-18543,-138799,-109572,-219357,-190130,0.00926
"6142","E02005818","Selby 010",3614,3,58,71,6,30,3049,194,60,131,12,150.772,90.772,123.523,2975.51709,-73.483,88.832,28.832,128.507,3025.77588,-23.224,458.58499,398.58499,94.377,2730.8269,-318.173,640.76501,580.76501,89.411,2572.54907,-476.45099,-0.04915,91122,-0.03153,58441,-0.02705,50183,-0.00944,17502,-0.13475,249952,-0.11713,217271,-0.16533,306688,-0.14771,274007,-48832,-30559,-28261,-9988,-130574,-112301,-231842,-213569,NA
"6209","E02005816","Selby 008",3901,2,75,80,4,34,3241,215,80,151,19,176.40601,96.406,141.588,3163.94897,-77.051,106.029,26.029,148.686,3220.39697,-20.602,461.95099,381.95099,112.004,2936.29004,-304.70999,628.021,548.021,105.606,2793.62695,-447.37299,-0.06326,117347,-0.03674,68146,-0.03887,72114,-0.01235,22913,-0.15263,283165,-0.12611,233964,-0.17237,319782,-0.14585,270581,-57766,-34583,-35008,-11825,-145530,-122347,-237488,-214305,NA
"6261","E02005758","Hambleton 009",3495,2,47,41,10,21,2473,228,151,495,27,300.17099,149.17101,457.33301,2377.31201,-95.688,204.472,53.472,480.70099,2439.52197,-33.478,820.047,669.047,319.14301,2050.53101,-422.46899,961.948,810.948,301.405,1942.07202,-530.92798,-0.03999,74172,-0.01866,34613,-0.02921,54179,-0.00788,14620,-0.08206,152228,-0.06073,112669,-0.08935,165759,-0.06803,126200,-46686,-22145,-32628,-8087,-103446,-78905,-163638,-139097,NA
"6353","E02005802","Scarborough 008",3827,2,36,193,25,28,1560,296,117,1551,19,224.498,107.498,1498.72595,1519.93604,-40.064,192.735,75.735,1516.10303,1529.93103,-30.069,841.995,724.995,1165.70703,1311.61499,-248.38499,1173.46997,1056.46997,1022.09302,1178.95898,-381.04099,-0.03308,61368,-0.00922,17101,-0.02945,54622,-0.00558,10355,-0.05009,92927,-0.02623,48660,-0.04398,81585,-0.02012,37318,-21614,-6923,-19869,-5178,-44713,-30022,-77147,-62456,0.02646
"6391","E02005768","Harrogate 008",2772,6,58,131,5,14,2103,143,67,226,19,118.635,51.635,220.164,2063.71191,-39.288,116.646,49.646,218.745,2065.93311,-37.067,366.491,299.491,192.646,1877.73706,-225.263,643.789,576.789,165.90199,1665.66699,-437.33301,-0.02068,38324,-0.01144,21186,-0.01649,30580,-0.00725,13442,-0.07112,131907,-0.06188,114769,-0.09282,172164,-0.08358,155026,-20455,-11134,-18255,-8934,-68165,-58844,-134141,-124820,0.02883
"6478","E02005763","Harrogate 003",2675,5,29,57,3,18,2028,131,108,268,28,171.43201,63.432,254.44099,1984.07397,-43.926,146.31,38.31,258.52899,2002.34802,-25.652,376.53799,268.53799,210.847,1842.95496,-185.045,549.13702,441.13699,187.37199,1711.67896,-316.32101,-0.02808,52070,-0.01397,25899,-0.02104,39025,-0.00693,12854,-0.06416,119017,-0.05005,92846,-0.08725,161850,-0.07314,135679,-34323,-16387,-27984,-10048,-73566,-55630,-143036,-125100,0.01528
"6547","E02005798","Scarborough 004",3031,2,42,101,11,26,2312,184,38,270,45,59.857,21.857,266.108,2296.55591,-15.444,69.629,31.629,267.552,2287.04395,-24.956,133.054,95.054,246.075,2250.88208,-61.118,323.62399,285.62399,216.60201,2113.02808,-198.972,-0.04148,76951,-0.01215,22525,-0.05282,97991,-0.02348,43565,-0.05486,101778,-0.02553,47352,-0.11528,213868,-0.08594,159442,-32308,-9164,-44619,-21475,-44649,-21505,-127941,-104797,NA
"6744","E02002791","York 020",2653,1,50,166,6,35,2002,130,118,130,15,212.71899,94.719,121.699,1930.93896,-71.061,170.505,52.505,127.106,1963.35596,-38.644,507.746,389.746,91.798,1711.30603,-290.694,679.06299,561.06299,85.337,1576.82996,-425.17001,-0.07432,137861,-0.03298,61177,-0.061,113163,-0.01967,36479,-0.17355,321957,-0.13221,245273,-0.18089,335586,-0.13955,258902,-59675,-26998,-48570,-15893,-133821,-101144,-200982,-168305,0.00666
