"","geo_code","geo_label","All","light_rail","train","bus","taxi","motorbike","Car","car_passenger","Bicycle","foot","other","govtarget_slc","govtarget_sic","govtarget_slw","govtarget_siw","govtarget_sld","govtarget_sid","gendereq_slc","gendereq_sic","gendereq_slw","gendereq_siw","gendereq_sld","gendereq_sid","dutch_slc","dutch_sic","dutch_slw","dutch_siw","dutch_sld","dutch_sid","ebike_slc","ebike_sic","ebike_slw","ebike_siw","ebike_sld","ebike_sid","base_sldeath_webtag","base_slvalue_webtag","govtarget_sldeath_webtag","govtarget_slvalue_webtag","govtarget_sideath_webtag","govtarget_sivalue_webtag","gendereq_sldeath_webtag","gendereq_slvalue_webtag","gendereq_sideath_webtag","gendereq_sivalue_webtag","dutch_sldeath_webtag","dutch_slvalue_webtag","dutch_sideath_webtag","dutch_sivalue_webtag","ebike_sldeath_webtag","ebike_slvalue_webtag","ebike_sideath_webtag","ebike_sivalue_webtag","base_sldeath_heat","base_slvalue_heat","govtarget_sldeath_heat","govtarget_slvalue_heat","govtarget_sideath_heat","govtarget_sivalue_heat","gendereq_sldeath_heat","gendereq_slvalue_heat","gendereq_sideath_heat","gendereq_sivalue_heat","dutch_sldeath_heat","dutch_slvalue_heat","dutch_sideath_heat","dutch_sivalue_heat","ebike_sldeath_heat","ebike_slvalue_heat","ebike_sideath_heat","ebike_sivalue_heat","base_slco2","govtarget_slco2","govtarget_sico2","gendereq_slco2","gendereq_sico2","dutch_slco2","dutch_sico2","ebike_slco2","ebike_sico2","avslope"
"38","E02005875","Gedling 011",3254,6,18,564,10,26,2177,197,46,198,12,109.807,63.807,193.558,-4.442,2135.28003,-41.72,77.014,31.014,195.08099,-2.919,2158.85107,-18.149,437.83801,391.83801,164.07001,-33.93,1926.63403,-250.366,801.32599,755.32599,138.73199,-59.268,1692.35999,-484.64001,-0.02718,50416,-0.06268,116214,-0.0355,65798,-0.03887,72105,-0.01169,21689,-0.21064,390729,-0.18346,340313,-0.27405,508387,-0.24687,457971,-0.01716,31832,-0.03933,72888,-0.02216,41056,-0.02471,45829,-0.00755,13997,-0.13545,251225,-0.11829,219393,-0.17947,332895,-0.16231,301063,-9639,-23221,-13582,-15226,-5587,-78398,-68759,-156386,-146747,0.02786
"55","E02002881","Nottingham 014",2110,15,9,517,14,27,1063,140,73,233,19,144.257,71.257,222.72501,-10.275,1028.77295,-34.227,124.238,51.238,225.092,-7.908,1040.68298,-22.317,452.95099,379.95099,170.735,-62.265,884.82202,-178.17799,652.36499,579.36499,150.905,-82.095,783.36298,-279.63699,-0.03871,71806,-0.07774,144147,-0.03902,72341,-0.05545,102844,-0.01673,31038,-0.25917,480757,-0.22045,408951,-0.2627,487326,-0.22399,415520,-0.02518,46711,-0.05077,94113,-0.02559,47402,-0.03615,67034,-0.01096,20323,-0.17145,318004,-0.14626,271293,-0.17928,332542,-0.1541,285831,-11975,-22582,-10607,-18620,-6645,-62893,-50918,-101375,-89400,0.0173
"71","E02005820","Ashfield 002",2616,7,15,121,9,23,1935,164,65,270,7,154.72,89.72,255.381,-14.619,1872.91699,-62.083,136.795,71.795,252.68201,-17.318,1889.26196,-45.738,571.39801,506.39801,182.05099,-87.949,1590.15503,-344.845,773.56299,708.56299,163.7,-106.3,1437.29297,-497.707,-0.02659,49324,-0.06609,122545,-0.0395,73221,-0.04434,82248,-0.01775,32924,-0.21642,401449,-0.18983,352125,-0.23512,436150,-0.20853,386826,-0.01631,30242,-0.04085,75725,-0.02455,45483,-0.02667,49465,-0.01036,19223,-0.1391,258011,-0.1228,227769,-0.15569,288785,-0.13938,258543,-10950,-26247,-15297,-20008,-9058,-85857,-74907,-144528,-133578,0.01589
"98","E02002873","Nottingham 006",3733,32,19,1014,31,33,1846,246,78,415,19,171.797,93.797,401.41,-13.59,1803.36597,-42.634,146.243,68.243,404.96201,-10.038,1816.26294,-29.737,629.10901,551.10901,321.57401,-93.426,1606.07996,-239.92,1026.29004,948.28998,273.90799,-141.092,1422.46997,-423.53,-0.04025,74669,-0.08959,166141,-0.04934,91472,-0.06236,115682,-0.02211,41013,-0.32706,606717,-0.28681,532048,-0.37917,703404,-0.33892,628735,-0.02539,47093,-0.05685,105386,-0.03146,58293,-0.03975,73721,-0.01436,26628,-0.21345,395938,-0.18806,348845,-0.25363,470487,-0.22824,423394,-11213,-24608,-13395,-19399,-8186,-76619,-65406,-142760,-131547,0.02326
"134","E02005920","Rushcliffe 015",3032,6,25,120,3,17,2476,141,54,180,10,120.749,66.749,172.20599,-7.794,2423.99609,-52.004,86.877,32.877,176.162,-3.838,2450.55908,-25.441,359.70401,305.70401,138.138,-41.862,2242.9519,-233.048,594.27197,540.27197,120.507,-59.493,2052.06494,-423.935,-0.03246,60208,-0.07646,141757,-0.044,81549,-0.05374,99692,-0.02128,39484,-0.18314,339689,-0.15068,279481,-0.23693,439482,-0.20447,379274,-0.01992,36947,-0.04613,85495,-0.02621,48548,-0.03309,61371,-0.01317,24424,-0.11575,214670,-0.09584,177723,-0.15539,288221,-0.13547,251274,-19307,-44286,-24979,-32539,-13232,-113304,-93997,-226284,-206977,NA
"142","E02005909","Rushcliffe 004",3969,10,79,517,2,10,2494,146,307,387,17,494.58801,187.588,355.63199,-31.368,2385.24194,-108.758,470.42999,163.42999,364.73801,-22.262,2396.60303,-97.397,1080.12402,773.12402,243.661,-143.339,2056.34204,-437.65799,1293.41895,986.41901,235.2,-151.8,1899.38696,-594.61298,-0.10125,187835,-0.1585,293980,-0.05725,106145,-0.1514,280858,-0.05015,93023,-0.29535,547877,-0.1941,360042,-0.30001,556532,-0.19876,368697,-0.06363,118036,-0.09946,184441,-0.03583,66405,-0.09549,177124,-0.03186,59088,-0.18909,350731,-0.12546,232695,-0.19417,360156,-0.13054,242120,-49354,-77529,-28175,-75239,-25885,-150246,-100892,-220794,-171440,0.00803
"157","E02005919","Rushcliffe 014",2493,3,21,183,3,20,1848,133,77,183,22,125.154,48.154,175.44299,-7.557,1814.65295,-33.347,112.798,35.798,180.144,-2.856,1821.21106,-26.789,276.26001,199.25999,143.774,-39.226,1716.20996,-131.78999,471.604,394.604,124.77,-58.23,1571.72595,-276.27399,-0.0409,75874,-0.07045,130633,-0.02955,54759,-0.07096,131631,-0.03006,55757,-0.12583,233370,-0.08492,157496,-0.18195,337491,-0.14105,261617,-0.02609,48395,-0.04443,82339,-0.01834,33944,-0.0446,82732,-0.01851,34337,-0.08095,150105,-0.05486,101710,-0.12122,224816,-0.09512,176421,-22353,-38163,-15810,-39598,-17245,-72901,-50548,-156571,-134218,0.01924
"220","E02005865","Gedling 001",3190,44,57,136,5,16,2585,153,32,145,17,87.112,55.112,140.159,-4.841,2541.43896,-43.56,54.442,22.442,143.649,-1.351,2567.26001,-17.74,310.22,278.22,113.003,-31.997,2368.54907,-216.451,575.328,543.328,98.392,-46.608,2152.67896,-432.32101,-0.02653,49219,-0.07141,132401,-0.04487,83182,-0.04113,76297,-0.0146,27078,-0.20881,387331,-0.18228,338112,-0.29949,555554,-0.27295,506335,-0.01599,29652,-0.0433,80245,-0.02731,50593,-0.02462,45652,-0.00863,16000,-0.13283,246351,-0.11684,216699,-0.19803,367316,-0.18204,337664,-11666,-31827,-20161,-20301,-8635,-96752,-85086,-212485,-200819,0.02345
"232","E02005889","Mansfield 010",4440,2,27,263,44,44,2904,380,85,672,19,224.28999,139.28999,641.08502,-30.915,2820.74805,-83.252,164.48801,79.488,652.63898,-19.361,2857.80103,-46.199,910.586,825.586,475.10501,-196.895,2422.6521,-481.34799,1295.53296,1210.53296,414.659,-257.341,2170.71899,-733.28101,-0.03696,68562,-0.09095,168668,-0.05399,100106,-0.05257,97511,-0.01561,28949,-0.27119,503072,-0.23423,434510,-0.28787,534014,-0.25091,465452,-0.0229,42473,-0.05678,105271,-0.03388,62798,-0.03278,60797,-0.00988,18324,-0.17758,329397,-0.15469,286924,-0.19726,365914,-0.17437,323441,-13157,-34193,-21036,-22573,-9416,-118382,-105225,-208144,-194987,0.02593
"239","E02005850","Broxtowe 001",3079,30,13,188,10,30,2306,196,52,241,13,103.29,51.29,235.091,-5.909,2269.00708,-36.993,110.097,58.097,232.866,-8.134,2266.0061,-39.994,334.32101,282.32101,198.808,-42.192,2112.65405,-193.34599,619.237,567.237,171.291,-69.709,1902.19202,-403.80801,-0.03902,72387,-0.0694,128673,-0.03038,56286,-0.06327,117360,-0.02425,44973,-0.16361,303451,-0.12458,231064,-0.23872,442813,-0.1997,370426,-0.02303,42713,-0.0419,77647,-0.01887,34934,-0.03812,70689,-0.01509,27976,-0.10368,192272,-0.08065,149559,-0.15773,292549,-0.1347,249836,-20576,-35785,-15209,-37045,-16469,-80975,-60399,-176722,-156146,0.03031
"259","E02002904","Nottingham 037",2556,4,7,528,13,28,1418,182,102,267,7,201.13901,99.139,252.28799,-14.712,1366.56104,-51.439,187.80701,85.807,239.343,-27.657,1381.83606,-36.164,573.71301,471.71301,186.35201,-80.648,1180.51501,-237.485,771.29303,669.29303,169.194,-97.806,1066.77295,-351.22699,-0.06315,117143,-0.12416,230280,-0.06101,113137,-0.08221,152502,-0.01906,35359,-0.36438,675966,-0.30123,558823,-0.35419,657072,-0.29105,539929,-0.04047,75066,-0.08049,149249,-0.04002,74183,-0.05324,98757,-0.01277,23691,-0.24124,447505,-0.20077,372439,-0.2409,446876,-0.20043,371810,-19305,-37431,-18126,-28304,-8999,-95993,-76688,-146658,-127353,0.01102
"260","E02005901","Newark and Sherwood 009",4066,5,133,67,12,33,2487,241,313,757,18,507.86099,194.86099,697.75098,-59.249,2373.29199,-113.708,395.039,82.039,727.07501,-29.925,2443.28296,-43.716,1165.22302,852.22198,485.439,-271.561,2000.43201,-486.56799,1262.68701,949.68701,476.20099,-280.79901,1925.93604,-561.06403,-0.06841,126920,-0.10851,201283,-0.04009,74363,-0.07698,142822,-0.00857,15902,-0.17066,316592,-0.10224,189672,-0.17392,322653,-0.10551,195733,-0.04376,81179,-0.06743,125066,-0.02367,43887,-0.04922,91310,-0.00546,10131,-0.11061,205181,-0.06685,124002,-0.12199,226303,-0.07823,145124,-33704,-53676,-19972,-39722,-6018,-95057,-61353,-143458,-109754,0.00177
"293","E02002885","Nottingham 018",2700,304,47,553,38,8,856,198,90,582,24,171.63699,81.637,562.68201,-19.318,830.08398,-25.916,123.039,33.039,575.367,-6.633,845.409,-10.591,566.10901,476.10901,455.48099,-126.519,714.21802,-141.782,812.56201,722.56201,398.065,-183.935,639.41803,-216.582,-0.02544,47187,-0.05101,94580,-0.02558,47393,-0.03164,58688,-0.0062,11501,-0.16948,314373,-0.14404,267186,-0.1525,282875,-0.12706,235688,-0.01715,31816,-0.0341,63185,-0.01694,31369,-0.02135,39586,-0.00419,7770,-0.1149,213101,-0.09775,181285,-0.10957,203215,-0.09241,171399,-6046,-12403,-6357,-8208,-2162,-37078,-31032,-58601,-52555,0.0173
"319","E02005912","Rushcliffe 007",4021,9,52,444,17,20,2877,183,169,232,18,338.189,169.189,219.90601,-12.094,2759.43799,-117.562,296.62299,127.623,221.203,-10.797,2793.75391,-83.246,985.67902,816.67902,163.62601,-68.374,2315.35498,-561.64502,1236.43103,1067.43103,151.75101,-80.249,2129.19702,-747.80298,-0.06554,121579,-0.13152,243930,-0.06598,122351,-0.10732,199077,-0.04178,77498,-0.33454,620591,-0.269,499012,-0.32884,610009,-0.2633,488430,-0.04121,76447,-0.08271,153363,-0.04149,76916,-0.06799,126114,-0.02678,49667,-0.21487,398557,-0.17365,322110,-0.21488,398586,-0.17367,322139,-31452,-63423,-31971,-52191,-20739,-167301,-135849,-246540,-215088,0.01361
"353","E02005837","Bassetlaw 003",2808,2,37,54,2,20,2352,144,29,146,22,89.061,60.061,138.851,-7.149,2305.23706,-46.763,42.57,13.57,144.51401,-1.486,2341.03711,-10.963,293.79199,264.79199,109.097,-36.903,2151.56006,-200.44,456.35001,427.35001,101.389,-44.611,2012.81897,-339.181,-0.02303,42717,-0.08718,161694,-0.06415,118977,-0.03682,68309,-0.0138,25592,-0.2154,399595,-0.19238,356878,-0.27725,514334,-0.25422,471617,-0.01558,28903,-0.05301,98290,-0.03742,69387,-0.02448,45417,-0.0089,16514,-0.13584,251980,-0.12026,223077,-0.18568,344443,-0.1701,315540,-8738,-32044,-23306,-14417,-5679,-93260,-84522,-189188,-180450,0.0072
"405","E02005842","Bassetlaw 008",3704,3,53,51,8,28,2541,235,132,640,13,265.492,133.492,597.302,-42.698,2462.01294,-78.987,176.862,44.862,624.40399,-15.596,2516.04712,-24.953,767.43799,635.43799,411.60699,-228.39301,2186.94897,-354.05099,978.34003,846.34003,380.853,-259.147,2030.19104,-510.80899,-0.07572,140485,-0.13713,254399,-0.06141,113914,-0.09698,179927,-0.02126,39442,-0.23643,438631,-0.16071,298146,-0.27476,509726,-0.19903,369241,-0.04555,84500,-0.08398,155774,-0.03843,71274,-0.0576,106862,-0.01206,22362,-0.15293,283701,-0.10738,199201,-0.18532,343793,-0.13977,259293,-29500,-54558,-25058,-38692,-9192,-118247,-88747,-207271,-177771,0.01152
"431","E02005873","Gedling 009",4512,18,26,598,13,27,3166,208,114,328,14,221.60699,107.607,317.48001,-10.52,3092.42993,-73.57,223.00301,109.003,316.556,-11.444,3098.00708,-67.993,718.03497,604.03497,255.927,-72.073,2761.03198,-404.96701,1175.63501,1061.63501,220.96001,-107.04,2447.3479,-718.65198,-0.0687,127441,-0.12364,229294,-0.05494,101853,-0.10739,199199,-0.03869,71758,-0.31893,591624,-0.25023,464183,-0.39675,736016,-0.32805,608575,-0.04223,78326,-0.07636,141568,-0.03413,63242,-0.06694,124170,-0.02472,45844,-0.20313,376780,-0.1609,298454,-0.25717,477049,-0.21495,398723,-27438,-49980,-22542,-47294,-19856,-129626,-102188,-240923,-213485,0.02783
"483","E02005848","Bassetlaw 014",2861,4,37,53,4,19,2128,251,81,275,9,164.218,83.218,261.97,-13.03,2070.4519,-57.548,125.222,44.222,268.414,-6.586,2096.60791,-31.392,531.75,450.75,196.27299,-78.727,1825.61401,-302.38599,703.02802,622.02802,179.405,-95.595,1695.15198,-432.84799,-0.04508,83625,-0.08716,161662,-0.04209,78037,-0.07361,136558,-0.02853,52933,-0.1744,323520,-0.12933,239895,-0.21104,391483,-0.16596,307858,-0.02818,52270,-0.05321,98669,-0.02504,46399,-0.0452,83853,-0.01703,31583,-0.11106,205997,-0.08288,153727,-0.14045,260510,-0.11227,208240,-15839,-30881,-15042,-27227,-11388,-72159,-56320,-134450,-118611,0.0251
"697","E02005890","Mansfield 011",3219,4,25,136,10,21,2527,224,51,214,7,137.25999,86.26,206.259,-7.741,2461.573,-65.427,110.524,59.524,210.202,-3.798,2479.95996,-47.04,558.698,507.698,160.32201,-53.678,2152.54395,-374.45599,841.44202,790.44202,140.007,-73.993,1930.81299,-596.18701,-0.03765,69843,-0.08999,166871,-0.05234,97028,-0.06773,125642,-0.03008,55799,-0.25659,475971,-0.21894,406128,-0.30638,568355,-0.26873,498512,-0.02307,42789,-0.05482,101627,-0.03175,58838,-0.0407,75490,-0.01763,32701,-0.16339,303067,-0.14032,260278,-0.20009,371151,-0.17702,328362,-13878,-33511,-19633,-30363,-16485,-105010,-91132,-192679,-178801,0.01998
"796","E02005852","Broxtowe 003",3529,60,16,241,3,42,2600,207,66,286,8,133.17999,67.18,278.56699,-7.433,2551.50488,-48.495,125.212,59.212,278.172,-7.828,2560.83911,-39.161,429.15201,363.15201,233.674,-52.326,2345.39697,-254.603,769.78601,703.78601,201.181,-84.819,2095.8269,-504.173,-0.03208,59510,-0.07047,130649,-0.03839,71139,-0.05304,98381,-0.02096,38871,-0.2013,373393,-0.16922,313883,-0.28221,523493,-0.25013,463983,-0.02072,38424,-0.0449,83212,-0.02418,44788,-0.03439,63780,-0.01367,25356,-0.13057,242155,-0.10986,203731,-0.18776,348260,-0.16704,309836,-14580,-33201,-18621,-26950,-12370,-95938,-81358,-205240,-190660,0.02492
"806","E02005866","Gedling 002",3920,1,22,389,9,40,2842,186,50,358,23,112.127,62.127,348.69101,-9.309,2799.83105,-42.169,96.752,46.752,345.142,-12.858,2814.80396,-27.196,361.591,311.591,296.76001,-61.24,2644.14697,-197.853,717.30103,667.30103,251.478,-106.522,2397.76489,-444.23499,-0.02609,48402,-0.07467,138472,-0.04858,90070,-0.04257,78975,-0.01648,30573,-0.21874,405757,-0.19265,357355,-0.32587,604508,-0.29977,556106,-0.01646,30540,-0.04685,86832,-0.03038,56292,-0.02698,50036,-0.01051,19496,-0.142,263382,-0.12554,232842,-0.21902,406268,-0.20255,375728,-12386,-33556,-21170,-22827,-10441,-98750,-86364,-230547,-218161,0.02506
"820","E02005856","Broxtowe 007",3000,8,29,340,12,14,2194,125,130,141,7,223.619,93.619,135.868,-5.132,2127.16504,-66.835,230.94901,100.95,133.94099,-7.059,2126.15308,-67.847,566.13898,436.13901,112.145,-28.855,1881.91394,-312.086,829.83698,699.83698,98.627,-42.373,1686.89001,-507.10999,-0.05897,109394,-0.10774,199793,-0.04877,90399,-0.09347,173385,-0.0345,63991,-0.2731,506594,-0.21413,397200,-0.30274,561597,-0.24377,452203,-0.03841,71246,-0.06905,127999,-0.03064,56753,-0.06081,112786,-0.0224,41540,-0.17566,325813,-0.13725,254567,-0.19675,364945,-0.15834,293699,-25824,-47589,-21765,-45366,-19542,-117365,-91541,-193732,-167908,0.01652
"846","E02002901","Nottingham 034",2600,12,25,383,15,19,1663,146,159,171,7,287.19199,128.192,159.99699,-11.003,1583.48303,-79.517,241.45799,82.458,164.58299,-6.417,1609.91101,-53.089,723.23602,564.23602,119.626,-51.374,1310.20996,-352.79001,884.37402,725.37402,110.251,-60.749,1199.96204,-463.03799,-0.07217,133879,-0.13322,247079,-0.06105,113200,-0.10133,187961,-0.02916,54082,-0.36988,686156,-0.29771,552277,-0.35197,652926,-0.2798,519047,-0.0459,85147,-0.08493,157484,-0.03903,72337,-0.06444,119525,-0.01854,34378,-0.23946,444181,-0.19356,359034,-0.23218,430672,-0.18627,345525,-24025,-44332,-20307,-39037,-15012,-108643,-84618,-153766,-129741,0.00915
"858","E02005828","Ashfield 010",3133,26,15,157,8,24,2355,210,50,271,17,125.062,75.062,260.099,-10.901,2302.13306,-52.868,96.532,46.532,262.28799,-8.712,2324.98706,-30.013,472.698,422.698,200.095,-70.905,2065.46997,-289.53,733.85498,683.85498,179.073,-91.927,1865.42395,-489.57599,-0.02515,46653,-0.07147,132517,-0.04632,85864,-0.04358,80832,-0.01843,34179,-0.24078,446624,-0.21563,399971,-0.30217,560540,-0.27702,513887,-0.01509,27994,-0.0439,81354,-0.02881,53360,-0.02635,48865,-0.01125,20871,-0.15464,286818,-0.13955,258824,-0.19951,370076,-0.18442,342082,-8684,-26011,-17327,-16016,-7332,-92082,-83398,-179286,-170602,0.02443
"933","E02005874","Gedling 010",3953,10,32,591,14,29,2698,229,112,217,21,191.70799,79.708,212.30701,-4.693,2644.83105,-53.169,225.2,113.2,209.30099,-7.699,2624.48999,-73.51,551.52197,439.522,184.302,-32.698,2412.14893,-285.85101,995.32898,883.32898,155.767,-61.233,2115.19189,-582.80798,-0.05713,105973,-0.10049,186347,-0.04336,80374,-0.09255,171673,-0.03542,65700,-0.26465,490913,-0.20752,384940,-0.35467,657923,-0.29754,551950,-0.03624,67223,-0.06313,117028,-0.02688,49805,-0.05907,109548,-0.02282,42325,-0.16893,313327,-0.13269,246104,-0.23003,426689,-0.19379,359466,-21862,-38685,-16823,-39663,-17801,-100122,-78260,-199198,-177336,0.02663
"990","E02005870","Gedling 006",2891,7,6,563,15,29,1597,145,59,452,18,149.332,90.332,430.97699,-21.023,1553.31494,-43.685,106.315,47.315,438.556,-13.444,1577.104,-19.896,590.21802,531.21802,315.20401,-136.79601,1349.43799,-247.562,850.763,791.763,283.67001,-168.33,1205.70203,-391.298,-0.02123,39382,-0.05436,100777,-0.03313,61395,-0.02952,54749,-0.00829,15367,-0.18912,350811,-0.16789,311429,-0.2061,382310,-0.18486,342928,-0.01388,25743,-0.03539,65583,-0.02151,39840,-0.01939,35962,-0.00551,10219,-0.12526,232332,-0.11138,206589,-0.14098,261498,-0.1271,235755,-7711,-19966,-12255,-11374,-3663,-69886,-62175,-124525,-116814,0.02482
"1072","E02005860","Broxtowe 011",3571,10,128,504,10,19,1686,145,329,723,17,492.38699,163.38699,680.315,-42.685,1614.099,-71.9,449.45599,120.456,695.77899,-27.221,1629.75305,-56.247,988.25,659.25,526.68903,-196.311,1403.828,-282.173,1184.11597,855.11603,500.466,-222.534,1293.20996,-392.79001,-0.10095,187267,-0.14982,277864,-0.04887,90597,-0.13472,249916,-0.03377,62649,-0.27225,505022,-0.1713,317755,-0.26111,484366,-0.16017,297099,-0.06546,121431,-0.09696,179795,-0.0315,58364,-0.08666,160743,-0.0212,39312,-0.17888,331799,-0.11342,210368,-0.17681,327939,-0.11135,206508,-44864,-64929,-20065,-64436,-19572,-112924,-68060,-162435,-117571,0.00647
"1128","E02005902","Newark and Sherwood 010",3204,2,55,69,9,24,2038,248,349,397,13,538.71698,189.717,359.23801,-37.762,1913.82495,-124.175,425.534,76.534,380.96201,-16.038,1990.27502,-47.725,1028.92395,679.92401,260.08801,-136.912,1592.74902,-445.25101,1124.828,775.828,251.58,-145.42,1518.11206,-519.888,-0.10951,203158,-0.16159,299769,-0.05208,96611,-0.1331,246924,-0.02359,43766,-0.24641,457134,-0.1369,253976,-0.23524,436411,-0.12573,233253,-0.06529,121125,-0.09696,179864,-0.03167,58739,-0.07842,145477,-0.01313,24352,-0.15386,285423,-0.08857,164298,-0.15251,282928,-0.08722,161803,-49806,-73887,-24081,-62183,-12377,-120050,-70244,-159334,-109528,0.00192
"1148","E02005885","Mansfield 006",3235,3,21,249,29,24,2304,266,59,266,14,159.87,100.87,253.41901,-12.581,2238.38208,-65.618,120.484,61.484,256.401,-9.599,2265.80103,-38.199,642.35699,583.35699,187.556,-78.444,1931.72498,-372.27499,909.45398,850.45398,166.81599,-99.184,1739.43604,-564.56403,-0.03253,60339,-0.08259,153158,-0.05006,92819,-0.04843,89833,-0.0159,29494,-0.25626,475367,-0.22374,415028,-0.2878,533879,-0.25527,473540,-0.01901,35262,-0.0499,92495,-0.03089,57233,-0.02889,53585,-0.00988,18323,-0.16352,303309,-0.14451,268047,-0.18781,348364,-0.1688,313102,-11914,-29524,-17610,-20629,-8715,-98521,-86607,-173092,-161178,0.01954
"1151","E02005830","Ashfield 012",2635,19,9,118,4,39,2113,172,28,124,9,70.642,42.642,120.597,-3.403,2080.2771,-32.723,49.17,21.17,120.454,-3.546,2098.16309,-14.837,258.655,230.655,100.186,-23.814,1941.60596,-171.394,498.02499,470.02499,87.133,-36.867,1751.23499,-361.76501,-0.02364,43855,-0.06123,113514,-0.03759,69659,-0.03485,64642,-0.01121,20787,-0.18944,351386,-0.1658,307531,-0.27912,517778,-0.25548,473923,-0.01516,28127,-0.03816,70719,-0.02299,42592,-0.02242,41588,-0.00726,13461,-0.12146,225251,-0.10629,197124,-0.18532,343733,-0.17015,315606,-9003,-22868,-13865,-14034,-5031,-71454,-62451,-165139,-156136,0.02788
"1163","E02002902","Nottingham 035",3315,8,16,777,21,32,1702,256,131,359,13,264.36301,133.36301,343.095,-15.905,1637.81995,-64.18,251.159,120.159,337.04401,-21.956,1645.71899,-56.281,782.57001,651.57001,264.59698,-94.403,1396.91602,-305.08401,1032.18604,901.18597,242.582,-116.418,1262.64697,-439.353,-0.0769,142652,-0.15466,286871,-0.07777,144219,-0.11946,221607,-0.04257,78955,-0.47095,873693,-0.39406,731041,-0.44823,831548,-0.37134,688896,-0.04839,89760,-0.09879,183211,-0.05041,93451,-0.07494,139000,-0.02655,49240,-0.30751,570458,-0.25912,480698,-0.29941,555408,-0.25102,465648,-21407,-42109,-20702,-38928,-17521,-110602,-89195,-166040,-144633,0.01102
"1260","E02005844","Bassetlaw 010",3348,1,59,75,7,28,2385,207,149,426,11,266.94601,117.946,398.082,-27.918,2309.43408,-75.566,212.493,63.493,413.858,-12.142,2343.44995,-41.55,676.12903,527.12903,287.884,-138.116,2059.36401,-325.63599,879.76898,730.76898,263.67801,-162.32201,1904.59802,-480.40201,-0.06299,116866,-0.12435,230672,-0.06136,113806,-0.08976,166523,-0.02677,49657,-0.23619,438166,-0.17319,321300,-0.27884,517296,-0.21584,400430,-0.04206,78037,-0.07973,147897,-0.03767,69860,-0.06003,111368,-0.01797,33331,-0.15475,287077,-0.11269,209040,-0.18851,349708,-0.14644,271671,-25169,-48488,-23319,-36468,-11299,-107759,-82590,-191464,-166295,0.01375
"1347","E02005879","Gedling 015",3649,3,35,619,14,30,2158,207,141,421,21,270.026,129.026,404.48401,-16.515,2086.52905,-71.471,253.67101,112.671,402.40399,-18.596,2094.03101,-63.97,786.38,645.38,317.63,-103.37,1813.65601,-344.34399,1080.74805,939.74799,284.21701,-136.783,1634.25696,-523.74298,-0.0719,133378,-0.14011,259875,-0.06821,126497,-0.11225,208236,-0.04035,74858,-0.3636,674510,-0.2917,541132,-0.36943,685330,-0.29753,551952,-0.04362,80906,-0.08668,160729,-0.04306,79823,-0.06922,128385,-0.0256,47479,-0.23267,431588,-0.18905,350682,-0.24064,446387,-0.19702,365481,-26500,-50123,-23623,-46449,-19949,-126182,-99682,-198671,-172171,0.00634
"1363","E02005916","Rushcliffe 011",3306,4,30,345,2,20,2369,168,124,238,6,233.375,109.375,226.33501,-11.665,2294.28198,-74.718,199.5,75.5,232.017,-5.983,2315.53101,-53.469,652.48297,528.48297,168.172,-69.828,2016.93896,-352.061,894.052,770.052,153.644,-84.356,1838.45605,-530.54401,-0.05662,105027,-0.11035,204637,-0.05373,99610,-0.09207,170788,-0.03545,65761,-0.26894,498880,-0.21232,393853,-0.28488,528451,-0.22826,423424,-0.03548,65821,-0.0693,128489,-0.03382,62668,-0.05838,108285,-0.0229,42464,-0.17223,319462,-0.13675,253641,-0.18455,342314,-0.14906,276493,-27184,-52976,-25792,-45561,-18377,-135554,-108370,-216349,-189165,0.01191
"1502","E02002899","Nottingham 032",2029,16,30,366,15,13,820,110,131,516,12,204.412,73.412,490.65302,-25.347,794.03003,-25.97,189.862,58.862,491.12799,-24.872,800.56,-19.44,481.22,350.22,387.29099,-128.709,699.25403,-120.746,620.75299,489.75299,353.427,-162.573,638.255,-181.745,-0.03896,72273,-0.06169,114404,-0.02273,42131,-0.04725,87654,-0.00829,15381,-0.14571,270286,-0.10675,198013,-0.12254,227300,-0.08358,155027,-0.02668,49492,-0.04221,78235,-0.01552,28743,-0.03269,60623,-0.006,11131,-0.10181,188829,-0.07513,139337,-0.09356,173513,-0.06688,124021,-13736,-20893,-7157,-18443,-4707,-43577,-29841,-66369,-52633,0.0096
"1503","E02002869","Nottingham 002",2552,243,19,447,16,24,1190,161,73,367,12,149.41901,76.419,354.74799,-12.252,1156.98499,-33.015,126.894,53.894,359.578,-7.422,1166.37097,-23.629,495.245,422.245,282.38699,-84.613,1014.91199,-175.088,729.53601,656.53601,249.15199,-117.848,908.27399,-281.72601,-0.04681,86835,-0.08956,166084,-0.04275,79249,-0.06642,123200,-0.01961,36365,-0.27864,516879,-0.23182,430044,-0.29153,540809,-0.24472,453974,-0.02996,55566,-0.05814,107786,-0.02818,52220,-0.04285,79476,-0.01289,23910,-0.18488,342930,-0.15492,287364,-0.20094,372722,-0.17098,317156,-13026,-23647,-10621,-19981,-6955,-62058,-49032,-102848,-89822,0.01702
"1507","E02006835","Gedling 016",2721,45,15,418,14,27,1878,141,40,135,8,97.446,57.446,131.015,-3.985,1839.56006,-38.44,80.956,40.956,131.105,-3.895,1851.11499,-26.885,367.129,327.129,107.15,-27.85,1665.54504,-212.455,637.58801,597.58801,93.561,-41.439,1482.07996,-395.92001,-0.02835,52577,-0.06448,119547,-0.03613,66970,-0.04389,81411,-0.01555,28834,-0.20614,382380,-0.1778,329803,-0.26677,494862,-0.23842,442285,-0.0174,32267,-0.0401,74312,-0.0227,42045,-0.02739,50788,-0.00999,18521,-0.13189,244618,-0.11449,212351,-0.17375,322275,-0.15635,290008,-12330,-26250,-13920,-20854,-8524,-78943,-66613,-154968,-142638,0.02425
"1563","E02005825","Ashfield 007",3279,19,43,169,21,33,2310,234,84,349,17,184.12801,100.128,333.07001,-15.93,2242.68799,-67.312,150.444,66.444,335.45999,-13.541,2267.5271,-42.473,629.39899,545.39899,250.793,-98.207,1951.93604,-358.064,894.66699,810.66699,222.923,-126.077,1759.87903,-550.12097,-0.05224,96910,-0.10548,195618,-0.05324,98708,-0.07921,146935,-0.02697,50025,-0.28963,537279,-0.23739,440369,-0.32284,598882,-0.27059,501972,-0.03141,58262,-0.06461,119797,-0.03321,61535,-0.04809,89204,-0.01668,30942,-0.186,345001,-0.15459,286739,-0.21386,396694,-0.18245,338432,-19196,-39022,-19826,-31200,-12004,-110514,-91318,-189001,-169805,0.01862
"1581","E02002883","Nottingham 016",3283,15,21,837,29,22,1763,202,79,311,4,164.83099,85.831,302.13,-8.87,1720.07898,-42.921,141.862,62.862,302.73401,-8.266,1732.78601,-30.214,584.01703,505.017,252.27299,-58.727,1519.29102,-243.709,932.07397,853.07397,214.052,-96.948,1333.01794,-429.98199,-0.04467,82867,-0.08443,156557,-0.03975,73690,-0.06272,116332,-0.01804,33465,-0.27917,517860,-0.23449,434993,-0.31383,582173,-0.26915,499306,-0.02795,51831,-0.05324,98701,-0.0253,46870,-0.03957,73387,-0.01163,21556,-0.181,335727,-0.15305,283896,-0.20793,385687,-0.17998,333856,-13148,-25030,-11882,-20959,-7811,-71731,-58583,-127772,-114624,0.02647
"1607","E02006906","Broxtowe 016",5814,106,24,433,15,48,4481,289,111,289,18,238.48199,127.482,278.90302,-10.097,4385.604,-95.396,202.59801,91.598,283.30301,-5.697,4410.27393,-70.726,760.90601,649.90601,224.015,-64.985,4007.21802,-473.78201,1307.37097,1196.37097,195.987,-93.013,3587.96509,-893.03497,-0.07084,131402,-0.14757,273670,-0.07673,142268,-0.11103,205944,-0.04019,74542,-0.41765,774765,-0.34681,643363,-0.54259,1006565,-0.47175,875163,-0.0457,84772,-0.09465,175486,-0.04894,90714,-0.07194,133432,-0.02624,48660,-0.27189,504332,-0.22618,419560,-0.36058,668876,-0.31488,584104,-34814,-72400,-37586,-61926,-27112,-197701,-162887,-392047,-357233,NA
"1641","E02005839","Bassetlaw 005",2566,4,25,43,4,17,1832,141,119,368,13,222.44,103.44,339.246,-28.754,1767.20605,-64.794,172.299,53.299,349.76199,-18.238,1802.099,-29.901,573.29999,454.29999,234.81,-133.19,1553.55005,-278.45001,708.672,589.672,221.461,-146.539,1445.68103,-386.319,-0.03572,66274,-0.0831,154140,-0.04737,87866,-0.0483,89597,-0.01257,23323,-0.17813,330449,-0.1424,264175,-0.19744,366277,-0.16171,300003,-0.02416,44823,-0.05433,100758,-0.03016,55935,-0.03227,59862,-0.00811,15039,-0.11959,221848,-0.09543,177025,-0.13838,256700,-0.11421,211877,-15631,-34890,-19259,-21807,-6176,-88244,-72613,-151630,-135999,0.00508
"1668","E02005857","Broxtowe 008",2743,9,14,375,1,31,1832,166,109,201,5,189.133,80.133,193.254,-7.746,1779.77905,-52.221,183.448,74.448,196.362,-4.638,1782.90601,-49.094,487.634,378.634,151.573,-49.427,1592.38794,-239.612,737.58698,628.58698,131.485,-69.515,1423.86597,-408.134,-0.06885,127723,-0.11275,209096,-0.0439,81373,-0.10036,186162,-0.03151,58439,-0.25271,468773,-0.18386,341050,-0.28603,530593,-0.21718,402870,-0.04204,77971,-0.07003,129827,-0.02799,51856,-0.06205,115087,-0.02001,37116,-0.16146,299469,-0.11942,221498,-0.1856,344261,-0.14357,266290,-31836,-50907,-19071,-50112,-18276,-109581,-77745,-180510,-148674,0.01617
"1733","E02005893","Newark and Sherwood 001",4184,2,8,143,14,34,2901,407,77,577,21,189.189,112.189,545.91199,-31.088,2836.09106,-64.909,117.975,40.975,564.80103,-12.199,2877.90503,-23.095,612.65698,535.65698,408.20801,-168.79201,2608.80103,-292.19901,887.30798,810.30798,366.5,-210.5,2419.98193,-481.01801,-0.05334,98954,-0.11111,206102,-0.05777,107148,-0.07002,129899,-0.01668,30945,-0.21376,396547,-0.16042,297593,-0.26816,497483,-0.21482,398529,-0.03283,60892,-0.06835,126755,-0.03552,65863,-0.04289,79552,-0.01006,18660,-0.14146,262403,-0.10863,201511,-0.19441,360643,-0.16158,299751,-23533,-50112,-26579,-33103,-9570,-114437,-90904,-232377,-208844,0.01085
"1748","E02005903","Newark and Sherwood 011",4367,7,62,143,5,49,3050,297,414,318,22,657.31097,243.311,292.58499,-25.415,2872.58203,-177.418,526.93298,112.933,309.72601,-8.274,2966.16211,-83.838,1339.03796,925.03802,211.625,-106.375,2382.46289,-667.53699,1480.28296,1066.28296,206.84801,-111.152,2266.30591,-783.69397,-0.17893,331957,-0.26933,499662,-0.0904,167705,-0.22471,416880,-0.04578,84923,-0.44336,822543,-0.26443,490586,-0.42734,792819,-0.24841,460862,-0.10584,196351,-0.16072,298155,-0.05488,101804,-0.13306,246846,-0.02722,50495,-0.27524,510632,-0.1694,314281,-0.26874,498580,-0.16291,302229,-73910,-110733,-36823,-95428,-21518,-188772,-114862,-243318,-169408,0.00225
"1851","E02005819","Ashfield 001",2418,4,23,132,15,25,1810,166,45,183,15,120.507,75.507,174.92599,-8.074,1756.37195,-53.628,80.455,35.455,178.161,-4.839,1786.78699,-23.213,472.138,427.138,132.42101,-50.579,1511.94299,-298.05701,669.70203,624.70203,118.606,-64.394,1360.52502,-449.47501,-0.02359,43750,-0.06217,115274,-0.03858,71524,-0.03533,65536,-0.01175,21786,-0.21221,393651,-0.18863,349901,-0.23627,438289,-0.21268,394539,-0.01522,28230,-0.03926,72769,-0.02404,44539,-0.02274,42165,-0.00751,13935,-0.13723,254533,-0.12201,226303,-0.15702,291258,-0.1418,263028,-8777,-23139,-14362,-13725,-4948,-79824,-71047,-138167,-129390,0.01886
"1893","E02005898","Newark and Sherwood 006",4623,15,18,253,10,47,3562,338,53,311,16,142.84599,89.846,299.98199,-11.018,3498.55298,-63.447,109.564,56.564,301.64401,-9.356,3524.39795,-37.602,529.888,476.888,237.98399,-73.016,3241.26392,-320.73599,913.16101,860.16101,210.34399,-100.656,2950.16797,-611.83197,-0.04607,85464,-0.11641,215903,-0.07034,130439,-0.07561,140259,-0.02954,54795,-0.30603,567700,-0.25996,482236,-0.4247,787871,-0.37863,702407,-0.02641,48992,-0.06823,126503,-0.04181,77511,-0.04402,81652,-0.01761,32660,-0.1922,356508,-0.16579,307516,-0.28135,521914,-0.25494,472922,-19346,-47510,-28164,-33904,-14558,-132340,-112994,-289679,-270333,NA
"1896","E02005915","Rushcliffe 010",2408,4,22,110,4,9,2005,108,48,89,9,91.851,43.851,85.38,-3.62,1969.74194,-35.258,74.333,26.333,88.594,-0.406,1981.427,-23.573,227.414,179.414,70.078,-18.922,1864.95203,-140.048,386.95599,338.95599,62.57,-26.43,1732.05505,-272.94501,-0.03255,60381,-0.06709,124419,-0.03455,64038,-0.06099,113138,-0.02844,52757,-0.13466,249780,-0.10211,189399,-0.18924,351030,-0.15669,290649,-0.0184,34125,-0.03851,71383,-0.02011,37258,-0.0343,63624,-0.0159,29499,-0.08282,153610,-0.06443,119485,-0.12175,225822,-0.10335,191697,-19132,-38055,-18923,-36778,-17646,-79304,-60172,-165791,-146659,0.01305
"1917","E02005843","Bassetlaw 009",3042,4,43,90,10,21,2292,253,87,231,11,174.513,87.513,220.39301,-10.607,2230.5979,-61.402,154.351,67.351,220.241,-10.759,2246.24902,-45.752,550.71997,463.72,169.797,-61.203,1971.43396,-320.56601,759.83002,672.83002,151.769,-79.231,1814.396,-477.604,-0.03986,73938,-0.09299,172452,-0.05313,98514,-0.05982,110980,-0.01997,37042,-0.22407,415658,-0.18422,341720,-0.26585,493161,-0.22599,419223,-0.02469,45805,-0.05538,102673,-0.03069,56868,-0.03721,69019,-0.01252,23214,-0.14042,260447,-0.11573,214642,-0.17354,321901,-0.14885,276096,-13648,-31662,-18014,-21722,-8074,-87708,-74060,-162845,-149197,0.01448
"1924","E02005835","Bassetlaw 001",4099,3,29,188,15,31,3061,321,82,352,17,196.40199,114.402,332.26999,-19.73,2984.26294,-76.736,137.75,55.75,341.785,-10.215,3025.09497,-35.905,631.76898,549.76898,243.35699,-108.643,2705.49902,-355.50101,875.552,793.552,225.187,-126.813,2517.2771,-543.72302,-0.07173,133066,-0.15455,286677,-0.08282,153611,-0.1136,210752,-0.04188,77686,-0.31098,576919,-0.23926,443853,-0.38957,722715,-0.31784,589649,-0.04055,75219,-0.09027,167425,-0.04972,92206,-0.06379,118327,-0.02324,43108,-0.19508,361884,-0.15454,286665,-0.25679,476373,-0.21625,401154,-24279,-52911,-28632,-39722,-15443,-125453,-101174,-240248,-215969,0.00998
"1992","E02002887","Nottingham 020",2033,14,10,436,16,15,1110,150,73,198,11,155.72301,82.723,188.414,-9.586,1067.60095,-42.399,140.40401,67.404,188.33099,-9.669,1074.922,-35.078,501.44299,428.44299,143.53101,-54.469,893.01599,-216.98399,669.92902,596.92902,128.416,-69.584,798.84698,-311.15302,-0.02974,55169,-0.07186,133249,-0.04212,78080,-0.05031,93314,-0.02057,38145,-0.26738,496004,-0.23764,440835,-0.25507,473178,-0.22533,418009,-0.02053,38067,-0.04786,88701,-0.02733,50634,-0.03459,64152,-0.01407,26085,-0.17618,326794,-0.15566,288727,-0.17121,317567,-0.15068,279500,-9405,-21320,-11915,-18953,-9548,-66132,-56727,-100192,-90787,0.01206
"2043","E02002895","Nottingham 028",3227,29,94,439,22,10,1263,97,135,1122,16,205.83299,70.833,1093.84399,-28.156,1237.604,-25.396,193.144,58.144,1101.34302,-20.657,1242.87598,-20.124,535.03003,400.03,936.55701,-185.44299,1132.43799,-130.562,854.69397,719.69397,796.74799,-325.25201,1023.82397,-239.17599,-0.03412,63294,-0.05107,94683,-0.01696,31389,-0.04365,80975,-0.00953,17681,-0.09538,176892,-0.06126,113598,-0.06912,128176,-0.035,64882,-0.02145,39793,-0.0323,59853,-0.01085,20060,-0.02751,51018,-0.00606,11225,-0.0657,121825,-0.04425,82032,-0.05848,108419,-0.03702,68626,-12413,-19614,-7201,-18366,-5953,-40970,-28557,-75549,-63136,0.02002
"2119","E02005864","Broxtowe 015",4058,3,82,301,10,38,2997,191,166,255,15,306.54999,140.55,242.47301,-12.527,2894.61694,-102.383,310.80499,144.80499,244.705,-10.295,2892.01611,-104.984,783.57703,617.57703,186.39,-68.61,2553.47607,-443.52399,1076.58899,910.58899,169.511,-85.489,2329.95093,-667.04901,-0.09525,176695,-0.17145,317987,-0.0762,141292,-0.16018,297150,-0.06493,120455,-0.38783,719465,-0.29259,542770,-0.42784,793690,-0.33259,616995,-0.06079,112774,-0.10915,202407,-0.04835,89633,-0.10234,189843,-0.04155,77069,-0.24983,463427,-0.18904,350653,-0.28034,520026,-0.21955,407252,-44366,-80619,-36253,-83982,-39616,-181530,-137164,-290894,-246528,0.00841
"2160","E02005859","Broxtowe 010",4149,5,21,505,5,61,2739,241,153,409,10,261.35501,108.355,395.28201,-13.718,2669.64209,-69.358,258.763,105.763,394.95499,-14.045,2675.72095,-63.279,678.91302,525.91302,320.41199,-88.588,2416.84912,-322.151,1061.89294,908.89301,278.241,-130.759,2165.83496,-573.16498,-0.08394,155719,-0.1406,260745,-0.05665,105026,-0.12092,224303,-0.03698,68584,-0.31438,583164,-0.23043,427445,-0.37115,688503,-0.28721,532784,-0.05224,96910,-0.08843,163954,-0.03618,67044,-0.0761,141149,-0.02385,44239,-0.20287,376286,-0.15062,279376,-0.24503,454503,-0.19278,357593,-38508,-63791,-25283,-58993,-20485,-138763,-100255,-243683,-205175,0.01632
"2166","E02002890","Nottingham 023",3559,52,64,891,22,13,889,206,69,1331,22,188.991,119.991,1276.64905,-54.351,864.87903,-24.121,105.675,36.675,1319.16895,-11.831,880.59497,-8.405,823.20398,754.20398,957.77197,-373.228,746.42603,-142.57401,1087.30005,1018.29999,855.87097,-475.129,683.50098,-205.49899,-0.02394,44400,-0.04521,83808,-0.02127,39408,-0.03096,57426,-0.00702,13026,-0.11821,219255,-0.09428,174855,-0.07293,135260,-0.049,90860,-0.01555,28848,-0.02988,55365,-0.01433,26517,-0.02014,37347,-0.00458,8499,-0.08519,157977,-0.06964,129129,-0.06642,123169,-0.05087,94321,-5557,-11092,-5535,-7599,-2042,-32016,-26459,-51791,-46234,0.01398
"2271","E02002877","Nottingham 010",3779,22,38,952,18,19,1933,176,196,411,14,296.62,100.62,397.72501,-13.275,1883.63403,-49.366,304.68701,108.687,396.70999,-14.29,1878.578,-54.422,698.25098,502.25101,332.38901,-78.611,1696.40002,-236.60001,1082.32104,886.32098,283.30399,-127.696,1508.005,-424.995,-0.10879,201820,-0.15667,290570,-0.04787,88750,-0.14963,277559,-0.04083,75739,-0.33834,627630,-0.22955,425810,-0.39051,724424,-0.28171,522604,-0.06619,122777,-0.09633,178630,-0.03014,55853,-0.09048,167838,-0.0243,45061,-0.21538,399514,-0.1492,276737,-0.2533,469880,-0.18712,347103,-33717,-48068,-14351,-53313,-19596,-91595,-57878,-151754,-118037,0.02386
"2284","E02002868","Nottingham 001",2450,52,16,480,15,20,1533,133,33,159,9,94.598,61.598,154.076,-4.924,1495.24805,-37.752,67.685,34.685,154.789,-4.211,1513.97205,-19.028,391.79099,358.79099,122.926,-36.074,1317.38696,-215.61301,634.36902,601.36902,108.508,-50.492,1169.00598,-363.99399,-0.02732,50685,-0.06828,126614,-0.04096,75929,-0.04039,74907,-0.01306,24222,-0.26455,490748,-0.23722,440063,-0.31721,588456,-0.28989,537771,-0.0165,30606,-0.04245,78684,-0.02595,48078,-0.0249,46176,-0.0084,15570,-0.17039,316055,-0.15389,285449,-0.20804,385916,-0.19154,355310,-8479,-21168,-12689,-13870,-5391,-70927,-62448,-129390,-120911,0.02122
"2365","E02002872","Nottingham 005",3393,188,30,641,27,26,1790,208,82,386,15,186.435,104.435,371.25299,-14.747,1738.31897,-51.681,150.81599,68.816,370.767,-15.233,1757.79797,-32.202,655.89203,573.89203,293.59201,-92.408,1513.922,-276.078,979.54602,897.54602,256.228,-129.772,1346.104,-443.896,-0.04374,81133,-0.10324,191459,-0.0595,110326,-0.0647,119997,-0.02096,38864,-0.37519,696004,-0.33144,614871,-0.39827,738827,-0.35453,657694,-0.02767,51315,-0.06622,122762,-0.03855,71447,-0.04129,76572,-0.01362,25257,-0.24594,456206,-0.21827,404891,-0.2682,497510,-0.24054,446195,-13364,-30112,-16748,-22550,-9186,-93163,-79799,-159073,-145709,0.01658
"2491","E02005821","Ashfield 003",2597,3,13,176,14,26,1889,176,42,245,13,113.562,71.562,235.123,-9.877,1840.56995,-48.43,81.244,39.244,240.02299,-4.977,1862.53894,-26.461,462.242,420.242,178.133,-66.867,1612.63794,-276.362,684.32703,642.32703,158.06799,-86.932,1450.98804,-438.01199,-0.0244,45270,-0.06259,116065,-0.03819,70795,-0.04194,77796,-0.01753,32526,-0.20496,380190,-0.18055,334920,-0.24272,450240,-0.21831,404970,-0.01583,29358,-0.03942,73059,-0.02359,43701,-0.02723,50499,-0.0114,21141,-0.13238,245534,-0.11655,216176,-0.16069,298056,-0.14486,268698,-9027,-22904,-13877,-16230,-7203,-75904,-66877,-140549,-131522,0.01751
"2516","E02005831","Ashfield 013",3968,308,78,196,15,46,2743,221,73,260,28,178.158,105.158,247.495,-12.505,2674.44897,-68.55,123.358,50.358,253.436,-6.564,2711.78296,-31.217,620.68103,547.68103,180.853,-79.147,2396.48291,-346.517,941.07703,868.07703,164.89999,-95.1,2173.07397,-569.92499,-0.0558,103519,-0.13081,242597,-0.075,139078,-0.08604,159596,-0.03023,56077,-0.3722,690460,-0.3164,586941,-0.46739,867067,-0.41159,763548,-0.03553,65897,-0.08322,154315,-0.0477,88418,-0.055,102014,-0.01947,36117,-0.2413,447596,-0.20577,381699,-0.30876,572751,-0.27323,506854,-18944,-43184,-24240,-29680,-10736,-123314,-104370,-234442,-215498,0.01861
"2574","E02005911","Rushcliffe 006",4062,7,53,402,3,8,3018,177,166,217,11,341.39099,175.39101,203.21899,-13.781,2892.8999,-125.1,273.51199,107.512,209.59399,-7.406,2936.625,-81.375,984.61902,818.61902,143.25999,-73.74,2445.33594,-572.664,1235.36597,1069.36597,134.492,-82.508,2247.36792,-770.63202,-0.07211,133762,-0.14488,268707,-0.07277,134945,-0.11738,217751,-0.04528,83989,-0.35895,665889,-0.28685,532127,-0.35766,663493,-0.28556,529731,-0.04591,85170,-0.09173,170112,-0.04582,84942,-0.07545,139954,-0.02953,54784,-0.23053,427619,-0.18461,342449,-0.23283,431890,-0.18691,346720,-37626,-74299,-36673,-63727,-26101,-187399,-149773,-278634,-241008,0.00929
"2644","E02005868","Gedling 004",2767,9,8,443,14,17,1809,145,39,270,13,111.069,72.069,259.884,-10.116,1764.85095,-44.149,112.91,73.91,263.70001,-6.3,1762.651,-46.349,457.48801,418.48801,198.63699,-71.363,1562.51001,-246.49001,724.14203,685.14203,172.61099,-97.389,1392.69604,-416.30399,-0.02675,49616,-0.06343,117613,-0.03669,67997,-0.05715,106006,-0.0304,56390,-0.2042,378788,-0.17745,329172,-0.24688,457970,-0.22014,408354,-0.01724,31972,-0.04056,75171,-0.02332,43199,-0.03697,68567,-0.01973,36595,-0.13255,245849,-0.11531,213877,-0.16289,302142,-0.14566,270170,-10791,-24953,-14162,-26031,-15240,-79044,-68253,-148411,-137620,0.02449
"2735","E02005851","Broxtowe 002",2277,17,7,207,5,31,1424,153,48,373,12,91.625,43.625,363.32501,-9.675,1399.02295,-24.977,95.648,47.648,364.43799,-8.562,1395.02698,-28.973,301.97601,253.976,301.03601,-71.964,1291.28503,-132.715,512.586,464.586,260.59799,-112.402,1163.75806,-260.242,-0.02591,48060,-0.04511,83622,-0.01921,35562,-0.04763,88349,-0.02172,40289,-0.10383,192576,-0.07793,144516,-0.13852,256911,-0.11261,208851,-0.01713,31768,-0.02954,54728,-0.01241,22960,-0.03172,58836,-0.01459,27068,-0.06953,128924,-0.0524,97156,-0.09809,181898,-0.08096,150130,-12501,-21791,-9290,-26885,-14384,-50416,-37915,-106355,-93854,0.02566
"2738","E02005846","Bassetlaw 012",2401,0,33,111,22,18,1285,295,147,481,9,235.575,88.575,457.01599,-23.984,1241.41296,-43.587,221.967,74.967,458.61499,-22.385,1249.052,-35.948,620.00598,473.00601,340.16199,-140.838,1061.38306,-223.617,747.97198,600.97198,312.55899,-168.44099,986.396,-298.604,-0.04916,91207,-0.0712,132044,-0.02203,40837,-0.0666,123542,-0.01743,32335,-0.11201,207770,-0.06285,116563,-0.11783,218565,-0.06867,127358,-0.03182,59037,-0.04551,84377,-0.01368,25340,-0.04313,80011,-0.01131,20974,-0.0739,137057,-0.04208,78020,-0.08139,150946,-0.04956,91909,-16338,-24179,-7841,-23201,-6863,-45231,-28893,-73580,-57242,0.0169
"2795","E02005905","Newark and Sherwood 013",2436,4,51,73,0,16,2001,80,48,146,17,101.214,53.214,139.105,-6.895,1959.39294,-41.607,81.918,33.918,143.116,-2.884,1973.354,-27.646,276.341,228.341,109.627,-36.373,1827.28601,-173.714,437.52701,389.52701,102.11,-43.89,1689.78503,-311.215,-0.04858,90120,-0.09587,177805,-0.04729,87685,-0.08029,148947,-0.03171,58827,-0.19276,357565,-0.14418,267445,-0.25595,474795,-0.20737,384675,-0.02919,54142,-0.05784,107237,-0.02865,53095,-0.0485,89966,-0.01931,35824,-0.12126,224903,-0.09207,170761,-0.16695,309672,-0.13776,255530,-20910,-41234,-20324,-36810,-15900,-90484,-69574,-178408,-157498,0.0089
"2805","E02002876","Nottingham 009",3414,340,19,540,19,19,1892,184,100,277,24,217.778,117.778,265.48499,-11.515,1828.92505,-63.075,159.582,59.582,271.52701,-5.473,1860.30603,-31.694,741.60602,641.60602,205.502,-71.498,1555.146,-336.854,1050.80396,950.80402,180.616,-96.384,1388.43298,-503.56699,-0.05503,102079,-0.1145,212331,-0.05947,110252,-0.07495,139016,-0.01992,36937,-0.39373,730402,-0.3387,628323,-0.40962,759886,-0.35459,657807,-0.03512,65135,-0.0732,135714,-0.03809,70579,-0.04809,89189,-0.01297,24054,-0.25598,474835,-0.22086,409700,-0.27143,503503,-0.23632,438368,-16472,-33643,-17171,-24654,-8182,-98169,-81697,-156496,-140024,0.01622
"2821","E02005882","Mansfield 003",3588,4,39,188,12,21,2865,239,35,174,11,125.356,90.356,168.061,-5.939,2795.09595,-69.904,67.792,32.792,168.015,-5.985,2842.396,-22.604,566.94501,531.94501,133.117,-40.883,2459.99097,-405.009,883.65399,848.65399,116.834,-57.166,2207.6189,-657.38098,-0.02118,39283,-0.08325,154381,-0.06207,115098,-0.02946,54650,-0.00828,15367,-0.30586,567408,-0.28469,528125,-0.36544,677933,-0.34426,638650,-0.0125,23190,-0.05047,93564,-0.03796,70374,-0.01761,32666,-0.00511,9476,-0.19423,360294,-0.18173,337104,-0.23651,438721,-0.22401,415531,-8227,-30567,-22340,-13100,-4873,-120826,-112599,-221540,-213313,0.02297
"2850","E02005913","Rushcliffe 008",2688,5,32,278,5,9,1942,134,93,182,8,191.491,98.491,172.72501,-9.275,1874.69604,-67.304,157.381,64.381,177.91,-4.09,1895.328,-46.672,594.03497,501.035,124.135,-57.865,1610.35205,-331.64801,788.49298,695.49298,112.299,-69.701,1465.47095,-476.52899,-0.04328,80288,-0.08327,154421,-0.03999,74133,-0.06979,129461,-0.02651,49173,-0.20904,387759,-0.16575,307471,-0.21319,395470,-0.16991,315182,-0.02694,49965,-0.05218,96720,-0.02524,46755,-0.04428,82119,-0.01734,32154,-0.13374,248058,-0.1068,198093,-0.13816,256255,-0.11122,206290,-22337,-42360,-20023,-37180,-14843,-109049,-86712,-167049,-144712,0.01216
"2905","E02005847","Bassetlaw 013",2931,0,32,64,11,24,2042,285,89,369,15,193.883,104.883,351.117,-17.883,1974.08606,-67.914,138.504,49.504,360.491,-8.51,2010.52905,-31.471,682.81299,593.81299,256.40701,-112.593,1667.93103,-374.069,850.71899,761.71899,238.289,-130.711,1543.70801,-498.29199,-0.035,64932,-0.07633,141558,-0.04133,76626,-0.04942,91676,-0.01442,26744,-0.18542,343962,-0.15042,279030,-0.20402,378460,-0.16902,313528,-0.02157,40014,-0.04639,86012,-0.02482,45998,-0.03077,57085,-0.0092,17071,-0.11826,219361,-0.09669,179347,-0.13507,250534,-0.1135,210520,-12191,-26647,-14456,-17701,-5510,-74901,-62710,-127007,-114816,0.01638
"2988","E02005895","Newark and Sherwood 003",3191,5,63,54,1,16,2696,149,54,148,5,102.328,48.328,141.88699,-6.113,2657.92993,-38.07,72.427,18.427,146.94099,-1.059,2680.27002,-15.73,235.868,181.868,117.659,-30.341,2559.99805,-136.002,416.64001,362.64001,104.545,-43.455,2408.1189,-287.88101,-0.05265,97670,-0.10226,189684,-0.04961,92014,-0.07741,143610,-0.02476,45940,-0.17356,321983,-0.12092,224313,-0.26109,484372,-0.20844,386702,-0.03161,58647,-0.06007,111423,-0.02846,52776,-0.04538,84184,-0.01377,25537,-0.10848,201237,-0.07687,142590,-0.17253,320069,-0.14092,261422,-23308,-45523,-22215,-35767,-12459,-85795,-62487,-193258,-169950,0.00761
"3028","E02005832","Ashfield 014",4049,368,94,280,28,40,2317,246,103,542,31,213.55099,110.551,519.349,-22.651,2259.11499,-57.886,198.08501,95.085,518.93799,-23.062,2269.18896,-47.811,690.20898,587.20898,391.18201,-150.81799,2028.07703,-288.923,1025.21497,922.21503,356.63901,-185.36099,1834.27002,-482.73001,-0.06411,118926,-0.13245,245636,-0.06834,126710,-0.10943,202995,-0.04532,84069,-0.34785,645290,-0.28375,526364,-0.42457,787627,-0.36046,668701,-0.04163,77223,-0.08583,159146,-0.0442,81923,-0.07101,131709,-0.02938,54486,-0.22894,424663,-0.18731,347440,-0.28797,534183,-0.24634,456960,-20104,-40069,-19965,-35853,-15749,-104727,-84623,-197032,-176928,0.01911
"3047","E02005838","Bassetlaw 004",3305,3,23,209,4,36,2502,265,44,200,19,140.605,96.605,189.591,-10.409,2433.0769,-68.923,72.343,28.343,197.121,-2.879,2480.67993,-21.32,546.88202,502.88199,139.298,-60.702,2149.50098,-352.49899,789.56702,745.56702,126.987,-73.013,1964.59094,-537.409,-0.0359,66601,-0.11364,210784,-0.07774,144183,-0.05759,106826,-0.02168,40225,-0.32564,604106,-0.28974,537505,-0.36153,670682,-0.32563,604081,-0.02183,40491,-0.06941,128716,-0.04758,88225,-0.03516,65225,-0.01333,24734,-0.20848,386733,-0.18665,346242,-0.23879,442976,-0.21696,402485,-12001,-37094,-25093,-19989,-7988,-122518,-110517,-215928,-203927,0.01232
"3110","E02005871","Gedling 007",3339,9,19,499,7,20,2357,159,46,214,9,120.909,74.909,208.83299,-5.167,2305.49902,-51.501,102.29,56.29,207.511,-6.489,2317.69995,-39.299,476.11099,430.11099,177.715,-36.285,2066.49194,-290.508,827.01099,781.01099,150.3,-63.7,1825.203,-531.797,-0.02391,44346,-0.07142,132424,-0.04751,88078,-0.04752,88139,-0.02361,43793,-0.26099,484149,-0.23708,439803,-0.31828,590433,-0.29437,546087,-0.01461,27105,-0.04419,81902,-0.02957,54797,-0.02807,52068,-0.01346,24963,-0.16694,309653,-0.15233,282548,-0.20761,385108,-0.193,358003,-10119,-28417,-18298,-23984,-13865,-100271,-90152,-192278,-182159,0.02116
"3167","E02002892","Nottingham 025",2104,10,8,474,17,27,1201,131,61,167,8,135.44501,74.445,159.51199,-7.488,1160.81201,-40.188,115.576,54.576,160.021,-6.979,1175.17505,-25.825,447.492,386.492,122.551,-44.449,994.41602,-206.584,634.09302,573.09302,109.034,-57.966,888.67499,-312.32501,-0.03369,62497,-0.07866,145863,-0.04497,83366,-0.05249,97360,-0.0188,34863,-0.2843,527379,-0.2506,464882,-0.28274,524490,-0.24904,461993,-0.02178,40400,-0.05097,94485,-0.02919,54085,-0.03421,63442,-0.01243,23042,-0.18702,346899,-0.16524,306499,-0.19126,354770,-0.16948,314370,-9866,-22794,-12928,-16841,-6975,-71547,-61681,-113546,-103680,0.01417
"3183","E02005836","Bassetlaw 002",3643,5,39,61,3,26,3123,170,61,132,23,135.895,74.895,124.636,-7.364,3061.38599,-61.614,90.372,29.372,130.783,-1.217,3098.80908,-24.191,368.633,307.633,95.717,-36.283,2874.62695,-248.373,557.58398,496.58401,88.728,-43.272,2710.427,-412.573,-0.07037,130552,-0.14918,276737,-0.07881,146185,-0.12143,225283,-0.05106,94731,-0.25677,476361,-0.1864,345809,-0.36161,670860,-0.29124,540308,-0.03693,68508,-0.07932,147131,-0.04239,78623,-0.06396,118649,-0.02703,50141,-0.15191,281805,-0.11498,213297,-0.22755,422146,-0.19062,353638,-25400,-54143,-28743,-44416,-19016,-108128,-82728,-227796,-202396,0.01462
"3242","E02005907","Rushcliffe 002",4087,4,49,428,9,24,2940,187,78,355,13,178.571,100.571,334.06,-20.94,2876.39307,-63.607,115.087,37.087,354.5,-0.5,2912.84302,-27.157,535.87402,457.87399,235.968,-119.032,2664.24707,-275.75299,787.32397,709.32397,215.74699,-139.25301,2485.63599,-454.36401,-0.03821,70888,-0.09509,176352,-0.05688,105464,-0.07509,139301,-0.03688,68413,-0.2096,388809,-0.17139,317921,-0.28099,521257,-0.24277,450369,-0.02306,42776,-0.05644,104642,-0.03338,61866,-0.04427,82117,-0.02121,39341,-0.13105,243071,-0.10799,200295,-0.18463,342472,-0.16157,299696,-18240,-46744,-28504,-36474,-18234,-115790,-97550,-233409,-215169,0.01384
"3299","E02006904","Nottingham 039",3460,51,157,672,18,17,987,93,149,1300,16,287.21701,138.217,1238.35205,-61.648,953.18597,-33.814,215.28101,66.281,1278.09399,-21.906,968.23499,-18.765,907.672,758.672,909.83301,-390.16699,825.80298,-161.19701,1112.81604,963.81598,834.36102,-465.63901,762.09601,-224.90401,-0.04307,79899,-0.072,133500,-0.02893,53601,-0.05715,106011,-0.01408,26112,-0.15476,287061,-0.11169,207162,-0.1184,219605,-0.07533,139706,-0.02794,51818,-0.04687,86881,-0.01894,35063,-0.03694,68518,-0.00901,16700,-0.10706,198547,-0.07912,146729,-0.0918,170244,-0.06386,118426,-12582,-21131,-8549,-18193,-5611,-45953,-33371,-72474,-59892,NA
"3397","E02005853","Broxtowe 004",4071,94,19,299,6,37,3048,220,66,267,15,166.942,100.942,256.44199,-10.558,2975.96094,-72.039,121.775,55.775,264.54099,-2.459,3006.55493,-41.445,608.62,542.62,195.578,-71.422,2671.77588,-376.224,978.19897,912.19897,170.95599,-96.044,2397.89502,-650.10498,-0.03902,72371,-0.09647,178880,-0.05746,106509,-0.06712,124508,-0.02811,52137,-0.31185,578490,-0.27284,506119,-0.37905,703154,-0.34003,630783,-0.02492,46215,-0.06133,113683,-0.03641,67468,-0.04307,79877,-0.01815,33662,-0.20158,373890,-0.17666,327675,-0.24952,462852,-0.22461,416637,-18599,-45891,-27292,-35955,-17356,-143538,-124939,-268314,-249715,0.01848
"3439","E02005869","Gedling 005",2323,7,10,444,11,23,1303,149,37,328,11,92.898,55.898,317.98099,-10.019,1273.948,-29.052,70.431,33.431,321.272,-6.727,1285.43005,-17.57,371.672,334.672,254.632,-73.368,1141.42004,-161.58,597.01898,560.01898,224.355,-103.645,1019.46698,-283.53299,-0.02339,43384,-0.05053,93690,-0.02715,50306,-0.03452,64027,-0.01113,20643,-0.15574,288870,-0.13235,245486,-0.18462,342463,-0.16123,299079,-0.01497,27754,-0.03241,60060,-0.01745,32306,-0.02246,41652,-0.0075,13898,-0.10188,188951,-0.08692,161197,-0.12485,231558,-0.10988,203804,-9806,-19535,-9729,-15586,-5780,-56013,-46207,-105145,-95339,0.02803
"3451","E02005894","Newark and Sherwood 002",4171,4,20,205,16,35,3253,286,47,287,18,137.116,90.116,273.45099,-13.549,3190.1521,-62.848,73.814,26.814,284.09698,-2.903,3234.11304,-18.887,489.20499,442.20499,207.002,-79.998,2957.71411,-295.28601,784.54401,737.54401,185.539,-101.461,2727.91309,-525.08698,-0.03525,65388,-0.1071,198654,-0.07186,133266,-0.05529,102565,-0.02004,37177,-0.28779,533880,-0.25254,468492,-0.37495,695588,-0.3397,630200,-0.02086,38697,-0.0641,118865,-0.04324,80168,-0.03236,60025,-0.0115,21328,-0.18465,342539,-0.16379,303842,-0.25112,465842,-0.23026,427145,-14403,-43876,-29473,-23558,-9155,-129901,-115498,-269704,-255301,0.01452
"3493","E02005918","Rushcliffe 013",2107,3,10,198,4,22,1443,118,44,261,4,92.028,48.028,251.271,-9.729,1413.49695,-29.503,73.717,29.717,251.09399,-9.906,1427.77795,-15.222,290.858,246.858,197.145,-63.855,1302.578,-140.422,466.23099,422.23099,171.026,-89.974,1186.90698,-256.09299,-0.02387,44273,-0.05054,93696,-0.02667,49423,-0.03487,64675,-0.011,20402,-0.11984,222274,-0.09597,178001,-0.14716,272971,-0.12329,228698,-0.01469,27257,-0.0316,58578,-0.01691,31321,-0.02164,40130,-0.00694,12873,-0.07801,144676,-0.06332,117419,-0.09885,183324,-0.08415,156067,-12881,-26219,-13338,-18967,-6086,-65351,-52470,-124671,-111790,0.01228
"3497","E02005887","Mansfield 008",3921,6,49,331,29,23,2094,532,94,742,21,209.80099,115.801,712.95099,-29.049,2036.06702,-57.933,163.867,69.867,723.66498,-18.335,2059.70288,-34.297,767.23499,673.23499,548.284,-193.716,1774.03503,-319.966,1085.67896,991.67902,487.36401,-254.636,1600.54797,-493.452,-0.04255,78935,-0.09283,172166,-0.05028,93231,-0.06125,113624,-0.0187,34689,-0.24883,461600,-0.20628,382665,-0.26202,486076,-0.21947,407141,-0.02518,46700,-0.05689,105476,-0.03171,58776,-0.03627,67274,-0.01109,20574,-0.16185,300214,-0.13667,253514,-0.18056,334932,-0.15538,288232,-15301,-31741,-16440,-24937,-9636,-92916,-77615,-161423,-146122,0.02093
"3539","E02005877","Gedling 013",3528,11,25,681,25,41,2187,219,84,237,18,164.84599,80.846,230.85201,-6.148,2138.73901,-48.261,157.283,73.283,229.48199,-7.518,2144.00293,-42.997,563.56799,479.56799,194.383,-42.617,1908.38306,-278.617,954.27698,870.27698,163.855,-73.145,1672.83801,-514.16199,-0.04656,86367,-0.085,157623,-0.03844,71256,-0.07004,129923,-0.02348,43556,-0.24516,454767,-0.1986,368400,-0.29791,552627,-0.25135,466260,-0.02746,50930,-0.05151,95472,-0.02405,44542,-0.04211,78089,-0.01465,27159,-0.15526,287979,-0.1278,237049,-0.19131,354853,-0.16385,303923,-16319,-30199,-13880,-27739,-11420,-86221,-69902,-158837,-142518,0.01971
"3552","E02005914","Rushcliffe 009",3333,3,23,381,6,31,2300,231,45,299,14,133.657,88.657,283.51801,-15.482,2247.02588,-52.974,101.041,56.041,288.604,-10.396,2267.93994,-32.06,474.70099,429.70099,205.576,-93.424,2056.052,-243.948,728.75598,683.75598,182.44299,-116.557,1885.61499,-414.38501,-0.0307,56950,-0.08492,157480,-0.05421,100530,-0.06063,112474,-0.02993,55524,-0.23116,428800,-0.20046,371850,-0.264,489734,-0.2333,432784,-0.01813,33633,-0.05243,97202,-0.0343,63569,-0.03682,68300,-0.01869,34667,-0.15039,278963,-0.13226,245330,-0.17761,329460,-0.15948,295827,-14652,-40525,-25873,-29991,-15339,-119576,-104924,-218367,-203715,0.0116
"3597","E02005829","Ashfield 011",2879,15,12,108,13,23,2319,202,27,154,6,69.965,42.965,150.866,-3.134,2285.32202,-33.678,43.182,16.182,153.55499,-0.445,2305.1311,-13.869,276.19699,249.19701,130.60899,-23.391,2129.62695,-189.373,558.91803,531.91803,112.598,-41.402,1904.19495,-414.80499,-0.02664,49411,-0.06425,119132,-0.03762,69721,-0.04633,85942,-0.01969,36531,-0.20113,373079,-0.17449,323668,-0.2992,555023,-0.27256,505612,-0.01542,28596,-0.03837,71101,-0.02295,42505,-0.02556,47398,-0.01014,18802,-0.12777,236971,-0.11235,208375,-0.19722,365817,-0.1818,337221,-10125,-24286,-14161,-18995,-8870,-76866,-66741,-178451,-168326,0.02969
"3651","E02005872","Gedling 008",2324,3,32,179,1,20,1840,80,50,114,5,106.288,56.288,109.31,-4.69,1796.34204,-43.658,86.153,36.153,113.353,-0.647,1812.151,-27.849,309.14401,259.14401,84.406,-29.594,1644.297,-195.703,504.59,454.59,75.476,-38.524,1486.60205,-353.39801,-0.04465,82823,-0.08836,163857,-0.04371,81034,-0.07157,132758,-0.02692,49935,-0.20931,388259,-0.16466,305436,-0.26347,488757,-0.21883,405934,-0.02793,51809,-0.05527,102471,-0.02734,50662,-0.04483,83150,-0.0169,31341,-0.13453,249521,-0.1066,197712,-0.17302,320945,-0.14509,269136,-19203,-38631,-19428,-33786,-14583,-94590,-75387,-177997,-158794,0.01408
"3708","E02005861","Broxtowe 012",2763,5,199,296,9,29,1425,98,270,421,11,401.34799,131.34801,396.194,-24.806,1355.56702,-69.433,381.42999,111.43,398.39899,-22.601,1366.76599,-58.234,781.75897,511.759,306.54199,-114.458,1168.83606,-256.164,933.94702,663.94702,293.13101,-127.869,1075.99597,-349.004,-0.09587,177856,-0.14328,265743,-0.0474,87887,-0.12354,229166,-0.02766,51310,-0.26159,485245,-0.16571,307389,-0.24906,462007,-0.15319,284151,-0.06395,118623,-0.09469,175593,-0.03075,56970,-0.0824,152852,-0.01846,34229,-0.17337,321578,-0.10942,202955,-0.16834,312244,-0.10439,193621,-43700,-63361,-19661,-59671,-15971,-108175,-64475,-147902,-104202,0.00577
"3800","E02002897","Nottingham 030",3061,12,51,425,15,14,2048,130,165,190,11,278.11899,113.119,181.55299,-8.447,1973.57898,-74.421,239.382,74.382,183.41701,-6.583,2004.047,-43.953,663.65503,498.655,142.74001,-47.26,1718.00806,-329.992,917.76599,752.76599,126.925,-63.075,1542.37305,-505.62701,-0.09137,169503,-0.16417,304499,-0.07281,134996,-0.12211,226517,-0.03074,57014,-0.43926,814874,-0.34789,645371,-0.45301,840392,-0.36164,670889,-0.05976,110861,-0.10631,197141,-0.04654,86280,-0.07986,148139,-0.0201,37278,-0.28557,529719,-0.2258,418858,-0.29927,555161,-0.23951,444300,-27591,-51846,-24255,-40649,-13058,-129312,-101721,-200879,-173288,0.01375
"3805","E02005858","Broxtowe 009",3169,8,71,458,11,21,1727,157,266,436,14,393.754,127.754,410.84601,-25.154,1660.59705,-66.403,372.70999,106.71,409.255,-26.745,1668.25098,-58.749,787.01001,521.01001,322.09698,-113.903,1461.63,-265.37,1012.72601,746.72601,290.89999,-145.10001,1326.93005,-400.07001,-0.08811,163444,-0.13368,247914,-0.04557,84470,-0.11486,213064,-0.02675,49620,-0.25928,480954,-0.17117,317510,-0.2604,483040,-0.1723,319596,-0.05631,104455,-0.08557,158655,-0.02926,54200,-0.0732,135776,-0.01689,31321,-0.16934,314084,-0.11303,209629,-0.17383,322415,-0.11752,217960,-38914,-58364,-19450,-56580,-17666,-109364,-70450,-164447,-125533,0.01127
"3816","E02005849","Bassetlaw 015",3544,1,34,52,6,24,2905,186,60,253,23,139.576,79.576,242.297,-10.703,2843.625,-61.374,93.613,33.613,249.009,-3.991,2878.3291,-26.671,438.41599,378.41599,194.302,-58.698,2620.4519,-284.548,662.72498,602.72498,174.411,-78.589,2438.99805,-466.00201,-0.06635,123092,-0.13548,251322,-0.06913,128230,-0.10281,190736,-0.03646,67644,-0.25471,472529,-0.18836,349437,-0.32605,604887,-0.2597,481795,-0.03497,64872,-0.07333,136014,-0.03836,71142,-0.05447,101040,-0.0195,36168,-0.15346,284684,-0.11849,219812,-0.21287,394911,-0.17791,330039,-24631,-50662,-26031,-39693,-15062,-112469,-87838,-219083,-194452,0.01763
"3883","E02005823","Ashfield 005",2520,4,12,202,17,29,1461,219,85,477,14,170.77699,85.777,456.11099,-20.889,1413.703,-47.297,163.978,78.978,453.319,-23.681,1420.81006,-40.19,579.13702,494.13699,341.715,-135.285,1200.32605,-260.67401,763.60999,678.60999,312.25299,-164.74699,1086.35303,-374.647,-0.0396,73463,-0.06894,127836,-0.02934,54373,-0.06167,114396,-0.02207,40933,-0.16717,310081,-0.12757,236618,-0.17782,329839,-0.13821,256376,-0.02528,46891,-0.04382,81233,-0.01854,34342,-0.03928,72858,-0.014,25967,-0.10961,203295,-0.08433,156404,-0.1219,226083,-0.09662,179192,-15175,-25756,-10581,-23826,-8651,-63255,-48080,-104737,-89562,0.01653
"3896","E02002880","Nottingham 013",2868,18,19,763,21,35,1329,243,103,316,21,210.948,107.948,300.814,-15.186,1281.94495,-47.055,190.12399,87.124,301.79001,-14.21,1294.06104,-34.939,686.53601,583.53601,225.248,-90.752,1078.14697,-250.853,946.41803,843.41803,198.04401,-117.956,957.16901,-371.83099,-0.05044,93567,-0.10041,186217,-0.04997,92650,-0.07391,137099,-0.02347,43532,-0.33544,622268,-0.285,528701,-0.32924,610770,-0.2788,517203,-0.03231,59935,-0.06483,120203,-0.03252,60268,-0.04778,88622,-0.01547,28687,-0.2201,408266,-0.18779,348331,-0.22096,409864,-0.18864,349929,-13364,-26018,-12654,-21580,-8216,-75172,-61808,-115315,-101951,0.01595
"3927","E02005834","Ashfield 016",2919,159,35,248,21,33,1798,208,71,331,15,156.806,85.806,313.76001,-17.24,1751.20801,-46.792,127.755,56.755,320.39001,-10.61,1767.39001,-30.61,525.68201,454.68201,224.674,-106.326,1562.23706,-235.763,753.672,682.672,208.647,-122.353,1413.83899,-384.16101,-0.046,85334,-0.09381,173971,-0.04781,88637,-0.07445,138105,-0.02845,52771,-0.24127,447557,-0.19527,362223,-0.30309,562252,-0.25709,476918,-0.02924,54233,-0.05981,110873,-0.03057,56640,-0.04814,89291,-0.0189,35058,-0.15743,292001,-0.12819,237768,-0.20323,376964,-0.17399,322731,-14607,-29848,-15241,-24670,-10063,-79066,-64459,-151549,-136942,0.02031
"3968","E02002875","Nottingham 008",3395,241,16,643,16,23,1771,189,80,390,26,194.423,114.423,372.63699,-17.363,1714.95996,-56.04,134.621,54.621,381.66199,-8.338,1744.30603,-26.694,742.23499,662.23499,276.71701,-113.283,1457.68994,-313.31,1064.36304,984.36298,242.146,-147.854,1294.44604,-476.55399,-0.04464,82804,-0.09708,180033,-0.05244,97229,-0.06073,112647,-0.01609,29843,-0.34966,648653,-0.30502,565849,-0.36341,674166,-0.31877,591362,-0.02839,52655,-0.06195,114848,-0.03356,62193,-0.03897,72266,-0.01058,19611,-0.22802,422968,-0.19964,370313,-0.24178,448507,-0.21339,395852,-12634,-28145,-15511,-19674,-7040,-88455,-75821,-144699,-132065,0.01871
"3991","E02002889","Nottingham 022",2700,90,52,487,11,12,743,110,95,1079,21,153.242,58.242,1052.35095,-26.649,729.28003,-13.72,130.409,35.409,1065.96594,-13.034,732.79999,-10.2,463.59601,368.59601,890.48999,-188.50999,665.04199,-77.958,730.896,635.896,762.06,-316.94,603.39801,-139.60201,-0.01966,36461,-0.03009,55765,-0.01043,19304,-0.02641,48971,-0.00675,12510,-0.06254,115963,-0.04288,79502,-0.02779,51510,-0.00814,15049,-0.01371,25420,-0.02082,38562,-0.00712,13142,-0.01824,33829,-0.00453,8409,-0.04643,86080,-0.03273,60660,-0.03217,59620,-0.01846,34200,-6910,-10251,-3341,-9696,-2786,-22630,-15720,-39316,-32406,0.02245
"4073","E02005884","Mansfield 005",2954,0,34,189,12,18,2189,213,38,245,16,118.701,80.701,235.674,-9.326,2132.35889,-56.641,62.643,24.643,242.00301,-2.997,2172.13696,-16.863,514.52502,476.52499,181.705,-63.295,1862.75305,-326.24701,764.09497,726.09497,158.84599,-86.154,1678.04602,-510.95401,-0.01831,33969,-0.06509,120690,-0.04678,86721,-0.02617,48544,-0.00786,14575,-0.22462,416676,-0.20631,382707,-0.26071,483628,-0.2424,449659,-0.0112,20770,-0.03975,73671,-0.02855,52901,-0.01589,29480,-0.0047,8710,-0.14344,266059,-0.13225,245289,-0.17014,315583,-0.15894,294813,-6751,-23558,-16807,-10857,-4106,-89174,-82423,-162312,-155561,0.02198
"4093","E02005886","Mansfield 007",4693,10,42,256,21,50,3652,332,46,267,17,174.45,128.45,256.944,-10.056,3556.18799,-95.812,91.478,45.478,260.94601,-6.054,3619.5459,-32.454,806.65198,760.65198,197.07001,-69.93,3097.49707,-554.50299,1212.59497,1166.59497,173.929,-93.071,2782.99512,-869.005,-0.02725,50544,-0.11023,204438,-0.08298,153894,-0.04232,78489,-0.01507,27945,-0.40023,742484,-0.37298,691940,-0.47285,877213,-0.4456,826669,-0.01721,31912,-0.06819,126439,-0.05099,94527,-0.02687,49839,-0.00967,17927,-0.25615,475173,-0.23895,443261,-0.30947,574083,-0.29226,542171,-10193,-39909,-29716,-18588,-8395,-156667,-146474,-284970,-274777,0.01798
"4133","E02005822","Ashfield 004",4176,10,42,318,16,33,2609,390,107,627,24,253.242,146.242,596.74402,-30.256,2524.38403,-84.616,193.50101,86.501,600.07599,-26.924,2565.35889,-43.641,944.47803,837.47803,434.34601,-192.65401,2141.21606,-467.784,1243.37805,1136.37805,398.85199,-228.14799,1942.771,-666.229,-0.03547,65796,-0.09564,177375,-0.06018,111579,-0.05298,98277,-0.01751,32481,-0.31862,591059,-0.28315,525263,-0.34006,630858,-0.3046,565062,-0.02336,43329,-0.06075,112627,-0.03739,69298,-0.035,64907,-0.01164,21578,-0.20665,383329,-0.1833,340000,-0.2281,423122,-0.20474,379793,-13527,-34698,-21171,-21477,-7950,-114687,-101160,-192224,-178697,0.01444
"4278","E02005908","Rushcliffe 003",3647,7,61,375,2,25,2670,172,88,238,9,202.925,114.925,222.222,-15.778,2594.1709,-75.829,155.144,67.144,228.646,-9.354,2626.28394,-43.716,597.47998,509.48001,155.345,-82.655,2344.51904,-325.48099,855.61499,767.61499,143.177,-94.823,2153.14795,-516.85199,-0.05228,96979,-0.12148,225320,-0.0692,128341,-0.09013,167200,-0.03785,70221,-0.30343,562881,-0.25115,465902,-0.33123,614461,-0.27895,517482,-0.03344,62034,-0.07716,143086,-0.04372,81052,-0.05809,107749,-0.02465,45715,-0.19656,364604,-0.16312,302570,-0.21956,407279,-0.18612,345245,-26496,-60690,-34194,-46601,-20105,-158803,-132307,-268459,-241963,0.00742
"4283","E02005883","Mansfield 004",3128,2,37,235,22,19,2174,276,45,311,7,125.901,80.901,299.70499,-11.295,2121.42407,-52.576,82.241,37.241,304.31,-6.69,2150.46094,-23.539,525.88,480.88,236.545,-74.455,1868.44202,-305.55801,805.70398,760.70398,206.5,-104.5,1675.68506,-498.315,-0.02316,42956,-0.06813,126326,-0.04497,83370,-0.03464,64252,-0.01148,21296,-0.22177,411387,-0.19861,368431,-0.2577,478054,-0.23454,435098,-0.01495,27732,-0.04279,79318,-0.02784,51586,-0.02243,41603,-0.00748,13871,-0.1435,266168,-0.12855,238436,-0.17161,318312,-0.15665,290580,-8378,-24079,-15701,-14471,-6093,-85839,-77461,-159949,-151571,0.02305
"4290","E02005833","Ashfield 015",3524,177,51,186,16,33,2516,192,85,259,9,166.726,81.726,249.315,-9.685,2459.86597,-56.134,158.188,73.188,246.711,-12.289,2467.44189,-48.558,505.40799,420.40799,200.564,-58.436,2233.34912,-282.651,810.966,725.966,177.489,-81.511,2014.64001,-501.35999,-0.05593,103742,-0.11562,214412,-0.05969,110670,-0.09227,171160,-0.03634,67418,-0.30214,560480,-0.24621,456738,-0.39555,733783,-0.33963,630041,-0.03518,65260,-0.0729,135158,-0.03772,69898,-0.05897,109369,-0.02378,44109,-0.19421,360222,-0.15902,294962,-0.25989,482083,-0.2247,416823,-20046,-40271,-20225,-34796,-14750,-105998,-85952,-207916,-187870,0.01931
"4427","E02002896","Nottingham 029",3919,24,57,997,46,15,1412,235,192,919,22,354.63599,162.636,871.86401,-47.136,1357.68103,-54.319,275.29199,83.292,901.284,-17.716,1381.23303,-30.767,1046.44299,854.44299,641.97101,-277.02899,1142.65405,-269.34601,1328.53699,1136.53699,574.25702,-344.74301,1038.06006,-373.94,-0.09749,180855,-0.14181,263021,-0.04432,82166,-0.12182,225978,-0.02433,45123,-0.30225,560702,-0.20477,379847,-0.2632,488240,-0.16571,307385,-0.05786,107333,-0.0871,161508,-0.02923,54175,-0.07319,135759,-0.01533,28426,-0.19746,366275,-0.1396,258942,-0.17984,333577,-0.12198,226244,-26320,-39227,-12907,-34891,-8571,-80820,-54500,-114112,-87792,0.00993
"4554","E02005862","Broxtowe 013",3291,7,41,503,9,33,1907,159,218,396,18,324.23599,106.236,380.69901,-15.301,1846.19202,-60.808,326.75601,108.756,379.26401,-16.736,1850.55298,-56.447,672.37598,454.37601,322.617,-73.383,1648.72205,-258.27802,954.401,736.401,285.30899,-110.691,1478.89404,-428.10599,-0.07556,140167,-0.123,228130,-0.04745,87963,-0.10866,201581,-0.03311,61414,-0.26375,489258,-0.18819,349091,-0.29059,539067,-0.21504,398900,-0.04951,91838,-0.08008,148486,-0.03057,56648,-0.07122,132110,-0.02171,40272,-0.1725,319969,-0.123,228131,-0.19426,360331,-0.14476,268493,-30522,-49993,-19471,-46675,-16153,-106615,-76093,-173557,-143035,0.01342
"4569","E02002884","Nottingham 017",2464,142,34,540,38,11,843,135,148,537,36,220.606,72.606,518.22998,-18.77,819.58197,-23.418,192.311,44.311,527.78699,-9.213,829.91602,-13.084,515.95099,367.95099,425.806,-111.194,730.46002,-112.54,756.237,608.237,365.54401,-171.45599,649.12201,-193.87801,-0.04923,91323,-0.07203,133571,-0.0228,42248,-0.05981,110947,-0.01058,19624,-0.15146,280934,-0.10223,189611,-0.14997,278175,-0.10074,186852,-0.03263,60535,-0.04749,88034,-0.01486,27499,-0.03974,73711,-0.00711,13176,-0.10173,188684,-0.0691,128149,-0.10498,194698,-0.07234,134163,-11989,-18027,-6038,-15082,-3093,-36799,-24810,-61407,-49418,0.02093
"4585","E02006903","Bassetlaw 016",4774,3,59,121,30,46,3327,446,129,605,8,265.42001,136.42,582.82703,-22.173,3234.58691,-92.413,218.17999,89.18,591.12299,-13.877,3266.91089,-60.089,941.11798,812.11798,454.20901,-150.791,2795.12109,-531.87903,1340.17004,1211.17004,395.81299,-209.187,2519.11694,-807.883,-0.06767,125536,-0.1303,241685,-0.06264,116149,-0.10115,187641,-0.03348,62105,-0.29621,549495,-0.22854,423959,-0.34193,634331,-0.27427,508795,-0.04272,79244,-0.08041,149115,-0.03769,69871,-0.06471,120036,-0.02199,40792,-0.18978,352031,-0.14706,272787,-0.22722,421490,-0.1845,342246,-23493,-45770,-22277,-37051,-13558,-121562,-98069,-217777,-194284,NA
"4652","E02005904","Newark and Sherwood 012",3584,4,72,56,1,25,2961,183,112,157,13,233.88901,121.889,147.177,-9.823,2860.84595,-100.154,171.425,59.425,154.93401,-2.066,2910.35205,-50.648,628.59399,516.59399,112.27,-44.73,2539.69897,-421.30099,767.24402,655.24402,108.067,-48.933,2418.64697,-542.35303,-0.06101,113191,-0.13053,242129,-0.06951,128938,-0.09435,175036,-0.03334,61845,-0.28505,528815,-0.22403,415624,-0.30662,568844,-0.24561,455653,-0.03598,66747,-0.07635,141621,-0.04037,74874,-0.05601,103897,-0.02003,37150,-0.17718,328687,-0.1412,261940,-0.19748,366349,-0.1615,299602,-26609,-56506,-29897,-43168,-16559,-130132,-103523,-202167,-175558,NA
"4692","E02005827","Ashfield 009",3750,17,64,165,3,21,2885,227,82,267,19,197.955,115.955,253.873,-13.127,2799.55005,-85.45,161.573,79.573,257.96701,-9.033,2826.47095,-58.529,711.83197,629.83197,183.463,-83.537,2430.38403,-454.616,984.06897,902.06897,170.403,-96.597,2213.28491,-671.71503,-0.04509,83640,-0.11031,204574,-0.06522,120934,-0.08466,157046,-0.03957,73406,-0.33761,626282,-0.29252,542642,-0.39792,738175,-0.35283,654535,-0.02832,52533,-0.06811,126278,-0.03979,73745,-0.0529,98116,-0.02457,45583,-0.21528,399324,-0.18696,346791,-0.25993,482169,-0.23161,429636,-16588,-40630,-24042,-33257,-16669,-126118,-109530,-223355,-206767,0.01995
"4716","E02002882","Nottingham 015",3842,24,77,804,18,11,1869,171,149,705,14,247.49699,98.497,682.96503,-22.035,1823.23804,-45.762,222.517,73.517,689.17603,-15.824,1834.92505,-34.075,688.18799,539.18799,570.71997,-134.28,1631.18103,-237.819,1085.73401,936.73401,479.95999,-225.03999,1449.625,-419.375,-0.0474,87927,-0.08379,155371,-0.03639,67444,-0.06414,118969,-0.01674,31042,-0.23098,428462,-0.18358,340535,-0.24173,448415,-0.19433,360488,-0.0321,59541,-0.05515,102235,-0.02305,42694,-0.04348,80645,-0.01138,21104,-0.1537,285078,-0.1216,225537,-0.16738,310466,-0.13528,250925,-16739,-29403,-12664,-25401,-8662,-72938,-56199,-130197,-113458,0.02324
"4899","E02005878","Gedling 014",4302,9,29,824,22,44,2605,270,95,389,15,205.351,110.351,376.82901,-12.171,2542.32593,-62.673,179.54401,84.544,383.40201,-5.598,2555.47192,-49.528,758.04602,663.04602,300.07199,-88.928,2240.01709,-364.983,1189.62402,1094.62402,263.49301,-125.507,1984.73096,-620.26898,-0.0504,93487,-0.10075,186828,-0.05035,93341,-0.07991,148242,-0.02952,54755,-0.30682,569168,-0.25643,475681,-0.35824,664575,-0.30785,571088,-0.03185,59086,-0.06353,117789,-0.03168,58703,-0.05149,95500,-0.01963,36414,-0.1976,366530,-0.16575,307444,-0.23505,436017,-0.2032,376931,-17792,-35816,-18024,-31417,-13625,-106931,-89139,-193836,-176044,0.01642
"5087","E02006905","Nottingham 040",2987,36,61,546,32,17,1119,133,191,826,26,328.20099,137.201,778.04303,-47.957,1071.39001,-47.61,278.34698,87.347,792.56897,-33.431,1092.43005,-26.57,841.01898,650.01898,580.63397,-245.366,907.67999,-211.32001,1025.94702,834.94702,528.39398,-297.60599,834.44202,-284.55801,-0.04255,78929,-0.07372,136695,-0.03117,57766,-0.05527,102523,-0.01272,23594,-0.17934,332652,-0.13678,253723,-0.13419,248886,-0.09163,169957,-0.02759,51167,-0.04872,90316,-0.02114,39149,-0.03569,66197,-0.00811,15030,-0.12524,232269,-0.09765,181102,-0.10558,195805,-0.07799,144638,-15243,-26697,-11454,-21402,-6159,-60960,-45717,-90667,-75424,NA
"5232","E02006834","Nottingham 038",2975,18,9,849,22,22,1495,170,70,313,7,146.146,76.146,302.40799,-10.592,1458.93005,-36.07,156.2,86.2,296.99899,-16.001,1454.59802,-40.402,499.85599,429.85599,243.50999,-69.49,1300.67395,-194.326,806.927,736.927,210.444,-102.556,1151.88403,-343.116,-0.03406,63177,-0.07493,138948,-0.04087,75771,-0.05517,102323,-0.02111,39146,-0.26669,494722,-0.23263,431545,-0.31447,583376,-0.28041,520199,-0.02253,41795,-0.04892,90672,-0.02638,48877,-0.0368,68251,-0.01427,26456,-0.17562,325758,-0.15309,283963,-0.21266,394480,-0.19013,352685,-10203,-21444,-11241,-19654,-9451,-63462,-53259,-118393,-108190,0.02362
"5276","E02002888","Nottingham 021",2357,19,25,674,21,8,868,138,77,512,15,141.77901,64.779,496.366,-15.634,846.185,-21.815,138.91701,61.917,497.952,-14.048,848.29303,-19.707,465.89401,388.89401,404.86899,-107.131,744.698,-123.302,717.54199,640.54199,342.88,-169.12,655.31897,-212.681,-0.03092,57356,-0.05174,95927,-0.02082,38571,-0.04494,83349,-0.01402,25993,-0.14345,266079,-0.11253,208723,-0.1429,265056,-0.11198,207700,-0.02003,37137,-0.03364,62333,-0.01361,25196,-0.02925,54243,-0.00923,17106,-0.09608,178185,-0.07606,141048,-0.10055,186483,-0.08053,149346,-6786,-12374,-5588,-10967,-4181,-33549,-26763,-58890,-52104,0.02222
"5309","E02005899","Newark and Sherwood 007",4997,6,150,83,7,41,2644,287,473,1277,29,710.65601,237.65601,1181.58203,-95.418,2527.90894,-116.091,592.84998,119.85,1223.224,-53.776,2589.68799,-54.312,1483.03796,1010.03802,850.57001,-426.42999,2167.9939,-476.00601,1588.22205,1115.22205,841.18597,-435.814,2088.78906,-555.211,-0.09437,175075,-0.13461,249719,-0.04025,74644,-0.10662,197811,-0.01226,22736,-0.17987,333681,-0.0855,158606,-0.18052,334901,-0.08616,159826,-0.06367,118113,-0.08874,164621,-0.02508,46508,-0.07193,133433,-0.00826,15320,-0.12089,224255,-0.05722,106142,-0.13432,249183,-0.07066,131070,-50506,-71654,-21148,-59734,-9228,-107498,-56992,-157667,-107161,0.00235
"5339","E02005824","Ashfield 006",4505,8,36,203,10,36,3403,273,99,417,20,236.304,137.304,399.46899,-17.531,3302.6001,-100.4,189.66901,90.669,401.418,-15.582,3340.02002,-62.981,895.229,796.229,299.686,-117.314,2837.01709,-565.98297,1236.87402,1137.87402,270.758,-146.242,2572.18408,-830.81598,-0.04956,91938,-0.11689,216781,-0.06733,124843,-0.07621,141375,-0.02665,49437,-0.36371,674717,-0.31415,582779,-0.40908,758885,-0.35952,666947,-0.03206,59476,-0.07317,135669,-0.04111,76193,-0.04964,92084,-0.01758,32608,-0.23309,432368,-0.20103,372892,-0.26954,500006,-0.23748,440530,-20417,-46349,-25932,-33138,-12721,-143024,-122607,-246163,-225746,0.01688
"5353","E02002874","Nottingham 007",3086,26,18,758,25,26,1483,172,75,475,28,161.789,86.789,459.70801,-15.292,1443.85706,-39.143,139.55099,64.551,463.38901,-11.611,1457.26904,-25.731,586.80499,511.80499,367.405,-107.595,1259.97302,-223.02699,897.41803,822.41803,322.37201,-152.62801,1117.32605,-365.67401,-0.03229,59892,-0.07223,133928,-0.03994,74036,-0.04886,90629,-0.01657,30737,-0.26392,489573,-0.23163,429681,-0.28648,531441,-0.25419,471549,-0.02296,42581,-0.04877,90401,-0.02581,47820,-0.03515,65194,-0.01219,22613,-0.17578,326044,-0.15282,283463,-0.19711,365629,-0.17415,323048,-8517,-19732,-11215,-14911,-6394,-64104,-55587,-112081,-103564,0.02168
"5414","E02002879","Nottingham 012",4290,92,50,993,35,25,2211,221,143,492,28,267.70099,124.701,473.845,-18.155,2149.521,-61.479,236.086,93.086,475.77899,-16.221,2167.25098,-43.749,848.14899,705.14899,376.02301,-115.977,1879.677,-331.323,1267.07495,1124.07495,322.79999,-169.2,1675.52295,-535.47699,-0.0687,127443,-0.12248,227150,-0.05378,99707,-0.0902,167315,-0.0215,39872,-0.36314,673648,-0.29444,546205,-0.40038,742741,-0.33168,615298,-0.04294,79644,-0.07682,142423,-0.03388,62779,-0.057,105717,-0.01406,26073,-0.2346,435171,-0.19167,355527,-0.26465,490919,-0.22171,411275,-20507,-36998,-16491,-30339,-9832,-95491,-74984,-161955,-141448,0.01994
"5472","E02005892","Mansfield 013",5651,15,49,170,20,30,4535,335,86,388,23,221.612,135.612,374.26001,-13.74,4428.53223,-106.468,163.854,77.854,381.50699,-6.493,4473.20801,-61.791,861.88,775.88,294.08401,-93.916,3940.354,-594.646,1324.04004,1238.04004,257.29401,-130.70599,3567.60107,-967.39899,-0.07359,136523,-0.16359,303421,-0.09,166898,-0.11566,214564,-0.04207,78041,-0.42233,783470,-0.34874,646947,-0.51949,963738,-0.4459,827215,-0.04216,78201,-0.09573,177526,-0.05358,99325,-0.06633,123044,-0.02418,44843,-0.26486,491300,-0.2227,413099,-0.33738,625854,-0.29522,547653,-27138,-61871,-34733,-50654,-23516,-179843,-152705,-339337,-312199,0.01703
"5733","E02005881","Mansfield 002",2281,3,10,176,8,18,1618,181,22,233,12,80.673,58.673,222.49899,-10.501,1580.96704,-37.033,36.865,14.865,230.463,-2.537,1608.53296,-9.467,347.56,325.56,162.39,-70.61,1422.66003,-195.34,518.74597,496.746,147.735,-85.265,1300.771,-317.229,-0.01842,34168,-0.06026,111754,-0.04184,77586,-0.02581,47882,-0.00739,13714,-0.1849,342990,-0.16648,308822,-0.21584,400393,-0.19742,366225,-0.01104,20486,-0.03736,69255,-0.02631,48769,-0.01563,28990,-0.00459,8504,-0.1208,224065,-0.10975,203579,-0.14546,269824,-0.13442,249338,-6399,-20884,-14485,-10127,-3728,-71296,-64897,-134941,-128542,0.01573
"5769","E02005917","Rushcliffe 012",2119,3,18,123,3,11,1750,79,26,93,13,67.116,41.116,90.019,-2.981,1717.44495,-32.555,42.209,16.209,91.803,-1.197,1736.99805,-13.002,224.79201,198.79201,72.701,-20.299,1597.95605,-152.04401,387.798,361.798,64.488,-28.512,1464.78699,-285.21301,-0.01953,36221,-0.04938,91555,-0.02985,55334,-0.03159,58596,-0.01206,22375,-0.12884,238980,-0.10931,202759,-0.17044,316154,-0.15091,279933,-0.01251,23194,-0.031,57457,-0.0185,34263,-0.02011,37293,-0.0076,14099,-0.08235,152718,-0.06984,129524,-0.11125,206350,-0.09875,183156,-10577,-26464,-15887,-17714,-7137,-72789,-62212,-147133,-136556,0.0174
"5833","E02005840","Bassetlaw 006",4442,3,80,67,21,36,3335,363,123,404,10,276.59299,153.593,383.01099,-20.989,3225.20703,-109.793,220.565,97.565,390.198,-13.802,3264.72095,-70.279,958.453,835.453,278.37799,-125.622,2748.64893,-586.35101,1229.05505,1106.05505,253.23199,-150.76801,2541.12598,-793.87299,-0.05664,105068,-0.13039,241829,-0.07375,136761,-0.09458,175451,-0.03794,70383,-0.30956,574251,-0.25293,469183,-0.35431,657267,-0.29767,552199,-0.03431,63654,-0.07741,143533,-0.04309,79879,-0.05765,106948,-0.02334,43294,-0.19443,360647,-0.16011,296993,-0.23015,426924,-0.19584,363270,-20185,-46039,-25854,-35505,-15320,-126340,-106155,-219647,-199462,0.01226
"5840","E02002898","Nottingham 031",2918,24,40,468,31,11,945,119,191,1071,18,311.92401,120.924,1016.95203,-54.048,911.27002,-33.73,250.535,59.535,1046.87598,-24.124,929.84198,-15.158,777.77301,586.77301,805.35101,-265.64899,782.388,-162.612,986.97198,795.97198,714.32599,-356.67401,716.82397,-228.17599,-0.01242,23034,-0.02775,51411,-0.01533,28377,-0.01823,33807,-0.00581,10773,-0.08193,151944,-0.06951,128910,-0.01667,30871,-0.00425,7837,-0.01088,20170,-0.02192,40599,-0.01105,20429,-0.01501,27834,-0.00413,7664,-0.06502,120548,-0.05414,100378,-0.03129,57992,-0.02042,37822,-10787,-18681,-7894,-13672,-2885,-45017,-34230,-66475,-55688,0.00549
"5858","E02005900","Newark and Sherwood 008",2700,5,40,90,0,10,1966,108,51,415,15,108.534,57.534,395.11099,-19.889,1932.729,-33.271,68.897,17.897,410.539,-4.461,1954.54602,-11.454,323.58701,272.58701,301.71201,-113.288,1824.90503,-141.095,500.87201,449.87201,264.10001,-150.89999,1701.578,-264.422,-0.03229,59904,-0.0654,121282,-0.03311,61378,-0.04437,82313,-0.01208,22409,-0.10475,194280,-0.07246,134376,-0.14999,278214,-0.1177,218310,-0.0198,36733,-0.03822,70851,-0.01842,34118,-0.02815,52219,-0.00835,15486,-0.06583,122085,-0.04603,85352,-0.10665,197814,-0.08685,161081,-15705,-32599,-16894,-22252,-6547,-68427,-52722,-153798,-138093,0.01227
"5883","E02005826","Ashfield 008",2307,2,48,138,4,23,1509,211,64,299,9,144.047,80.047,283.85901,-15.141,1460.302,-48.699,119.332,55.332,289.84299,-9.157,1473.703,-35.297,503.94,439.94,203.138,-95.862,1252.63,-256.37,676.08099,612.08099,188.03999,-110.96,1131.448,-377.552,-0.03379,62672,-0.07035,130454,-0.03657,67782,-0.05655,104907,-0.02277,42235,-0.19872,368616,-0.16494,305944,-0.21861,405518,-0.18483,342846,-0.022,40804,-0.04504,83488,-0.02305,42684,-0.03698,68594,-0.01498,27790,-0.12942,240040,-0.10742,199236,-0.14683,272335,-0.12483,231531,-12176,-25145,-12969,-21530,-9354,-71546,-59370,-120949,-108773,0.01705
"5897","E02002871","Nottingham 004",3484,111,29,676,19,29,1913,233,82,373,19,195.813,113.813,357.814,-15.186,1853.70605,-59.294,159.625,77.625,358.79001,-14.21,1875.23999,-37.76,721.25403,639.25403,273.20901,-99.791,1591.31006,-321.69,1049.09302,967.09302,240.155,-132.845,1414.90295,-498.09698,-0.04753,88171,-0.10814,200542,-0.0606,112371,-0.0719,133378,-0.02437,45207,-0.38956,722681,-0.34203,634510,-0.40706,755145,-0.35952,666974,-0.03098,57469,-0.07046,130646,-0.03948,73177,-0.04703,87236,-0.01605,29767,-0.25701,476753,-0.22603,419284,-0.27644,512808,-0.24546,455339,-14542,-32373,-17831,-24594,-10052,-99951,-85409,-165654,-151112,0.01677
"5908","E02005897","Newark and Sherwood 005",3506,5,32,84,3,20,2860,193,57,233,19,125.886,68.886,222.35899,-10.641,2809.76709,-50.233,92.949,35.949,226.205,-6.795,2835.11792,-24.882,375.009,318.009,174.25,-58.75,2639.91504,-220.08501,608.789,551.789,154.453,-78.547,2449.70996,-410.29001,-0.04326,80259,-0.09673,179396,-0.05346,99137,-0.06264,116210,-0.01938,35951,-0.19677,365009,-0.15351,284750,-0.29214,541941,-0.24887,461682,-0.02394,44407,-0.05395,100027,-0.03001,55620,-0.0343,63626,-0.01036,19219,-0.12029,223121,-0.09635,178714,-0.19298,357985,-0.16905,313578,-19477,-43115,-23638,-29783,-10306,-96227,-76750,-220151,-200674,0.01508
"6019","E02002891","Nottingham 024",3317,8,24,763,36,32,1809,230,78,323,14,182.771,104.771,312.479,-10.521,1755.11694,-53.883,133.963,55.963,318.05399,-4.946,1778.51099,-30.489,695.638,617.638,251.83299,-71.167,1499.43799,-309.56201,1028.81006,950.81,214.424,-108.576,1319.17798,-489.82199,-0.04264,79099,-0.09099,168737,-0.04835,89638,-0.06175,114540,-0.01911,35441,-0.33422,620001,-0.29158,540902,-0.34293,636177,-0.30029,557078,-0.02707,50211,-0.05821,107908,-0.03114,57697,-0.03909,72507,-0.01202,22296,-0.21806,404493,-0.19099,354282,-0.22854,423944,-0.20147,373733,-13753,-28039,-14286,-22553,-8800,-86435,-72682,-139136,-125383,0.02027
"6033","E02005888","Mansfield 009",3209,6,30,273,44,26,1953,343,60,456,18,144.61301,84.613,439.61301,-16.387,1904.81104,-48.189,105.879,45.879,447.375,-8.625,1927.22302,-25.777,567.75201,507.75201,346.16699,-109.833,1671.43896,-281.561,860.58698,800.58698,299.16599,-156.834,1497.15002,-455.85001,-0.0241,44713,-0.06442,119457,-0.04032,74744,-0.03953,73314,-0.01542,28601,-0.19598,363551,-0.17188,318838,-0.21985,407832,-0.19575,363119,-0.01513,28059,-0.04049,75042,-0.02536,46983,-0.02482,46031,-0.00969,17972,-0.12864,238589,-0.11351,210530,-0.15137,280767,-0.13624,252708,-7981,-21268,-13287,-15194,-7213,-73128,-65147,-134995,-127014,0.0245
"6339","E02002894","Nottingham 027",2952,17,35,365,36,16,1920,120,181,232,30,305.34201,124.342,216.713,-15.287,1841.41199,-78.588,292.953,111.953,215.457,-16.543,1853.72302,-66.277,744.82599,563.82599,164.095,-67.905,1562.80298,-357.19699,963.38501,782.38501,147.01199,-84.988,1413.72095,-506.27899,-0.07486,138870,-0.1328,246290,-0.05794,107420,-0.10638,197323,-0.03152,58453,-0.36299,673355,-0.28812,534485,-0.35746,663114,-0.2826,524244,-0.04799,89017,-0.08486,157354,-0.03687,68337,-0.06856,127170,-0.02057,38153,-0.23559,437008,-0.18761,347991,-0.23659,438853,-0.1886,349836,-27720,-48687,-20967,-44029,-16309,-115628,-87908,-171985,-144265,0.01114
"6351","E02002903","Nottingham 036",2454,4,10,495,13,22,1411,172,101,218,8,189.142,88.142,207.726,-10.274,1362.53198,-48.468,171.011,70.011,212.33099,-5.669,1368.97998,-42.019,526.422,425.422,156.44299,-61.557,1186.57104,-224.429,732.28003,631.28003,139.511,-78.489,1064.88696,-346.11301,-0.06495,120492,-0.11929,221260,-0.05434,100768,-0.09363,173696,-0.02868,53204,-0.33127,614540,-0.26632,494048,-0.33677,624744,-0.27182,504252,-0.04272,79242,-0.07813,144886,-0.03542,65644,-0.06164,114336,-0.01892,35094,-0.21872,405713,-0.176,326471,-0.22734,421717,-0.18462,342475,-20913,-37368,-16455,-34128,-13215,-89752,-68839,-140765,-119852,0.01186
"6369","E02005876","Gedling 012",3989,12,29,600,9,37,2602,254,99,333,14,205.908,106.908,321.758,-11.242,2536.72607,-65.274,182.254,83.254,324.65201,-8.348,2548.84399,-53.156,681.948,582.948,255.13901,-77.861,2257.00391,-344.996,1051.41699,952.41803,224.02499,-108.975,2019.05701,-582.94299,-0.05302,98362,-0.11037,204703,-0.05735,106341,-0.08418,156162,-0.03116,57800,-0.31381,582131,-0.26078,483769,-0.3604,668580,-0.30738,570218,-0.03392,62908,-0.07015,130056,-0.03623,67148,-0.05379,99772,-0.01988,36864,-0.20319,376896,-0.16927,313988,-0.23907,443458,-0.20515,380550,-19509,-40443,-20934,-35249,-15740,-113276,-93767,-205796,-186287,0.01265
"6392","E02005906","Rushcliffe 001",2533,3,44,93,2,13,2031,91,53,191,12,105.036,52.036,180.451,-10.549,1994.948,-36.052,71.152,18.152,190.69501,-0.305,2014.32397,-16.676,262.45099,209.451,140.8,-50.2,1893.08105,-137.91901,392.91101,339.91101,129.16499,-61.835,1789.18994,-241.81,-0.03039,56374,-0.06206,115082,-0.03167,58708,-0.05812,107821,-0.02773,51447,-0.11005,204124,-0.07966,147750,-0.15503,287583,-0.12464,231209,-0.01557,28878,-0.0324,60069,-0.01684,31191,-0.02779,51547,-0.01222,22669,-0.06376,118246,-0.04819,89368,-0.10156,188373,-0.08599,159495,-18598,-37163,-18565,-36281,-17683,-71401,-52803,-150091,-131493,0.0099
"6409","E02005896","Newark and Sherwood 004",2784,7,108,65,1,26,2258,136,69,106,8,132.896,63.896,100.743,-5.257,2207.14209,-50.858,90.988,21.988,104.115,-1.885,2239.62891,-18.371,325.30099,256.30099,82.235,-23.765,2056.87207,-201.12801,489.09299,420.09299,76.013,-29.987,1919.73901,-338.26099,-0.0546,101294,-0.11247,208631,-0.05787,107337,-0.07632,141583,-0.02172,40289,-0.23956,444436,-0.18496,343142,-0.28072,520802,-0.22612,419508,-0.03318,61554,-0.06784,125824,-0.03465,64270,-0.0455,84403,-0.01232,22849,-0.15094,280019,-0.11776,218465,-0.18361,340620,-0.15042,279066,-22820,-46998,-24178,-34295,-11475,-107227,-84407,-189513,-166693,0.00822
"6438","E02002886","Nottingham 019",3129,83,20,546,69,16,1715,198,96,346,40,220.73399,124.734,328.17499,-17.825,1647.30505,-67.695,174.381,78.381,332.85901,-13.141,1675.474,-39.526,801.245,705.245,239.726,-106.274,1339.33606,-375.664,1060.74402,964.74402,213.41499,-132.58501,1197.05603,-517.94397,-0.03583,66467,-0.08435,156425,-0.04852,89958,-0.05363,99477,-0.0178,33010,-0.32887,610074,-0.29303,543607,-0.31091,576756,-0.27508,510289,-0.02492,46221,-0.05621,104206,-0.03129,57985,-0.03712,68843,-0.0122,22622,-0.21685,402249,-0.19193,356028,-0.20905,387767,-0.18413,341546,-11794,-27596,-15802,-20265,-8471,-92140,-80346,-135399,-123605,0.01312
"6444","E02005891","Mansfield 012",2168,2,17,170,16,21,1517,191,26,200,8,81.835,55.835,192.92799,-7.072,1480.78796,-36.212,50.204,24.204,198.16,-1.84,1499.92896,-17.071,355.95801,329.95801,152.129,-47.871,1309.88403,-207.116,545.97601,519.97601,134.09399,-65.906,1178.97302,-338.02701,-0.02023,37518,-0.05411,100327,-0.03389,62809,-0.03246,60208,-0.01223,22690,-0.16511,306269,-0.14489,268751,-0.19828,367808,-0.17805,330290,-0.01064,19734,-0.03102,57493,-0.02038,37759,-0.01752,32494,-0.00688,12760,-0.10369,192309,-0.09305,172575,-0.12928,239789,-0.11864,220055,-7589,-19347,-11758,-14282,-6693,-63311,-55722,-119347,-111758,0.01814
"6546","E02002893","Nottingham 026",3685,42,41,947,63,14,1180,240,158,962,38,296.36099,138.36099,918.04199,-43.958,1140.745,-39.255,254.241,96.241,926.80499,-35.195,1156.646,-23.354,922.23602,764.23602,710.86798,-251.132,964.73901,-215.261,1196.27002,1038.27002,631.263,-330.737,880.80103,-299.19901,-0.03761,69770,-0.06892,127779,-0.0313,58009,-0.05284,98011,-0.01523,28241,-0.20697,383917,-0.16935,314147,-0.14254,264393,-0.10493,194623,-0.02729,50613,-0.04871,90295,-0.02143,39682,-0.03787,70234,-0.01058,19621,-0.1462,271160,-0.11891,220547,-0.11289,209383,-0.08561,158770,-11266,-20240,-8974,-18245,-6979,-54724,-43458,-79448,-68182,0.01139
"6603","E02005910","Rushcliffe 005",4325,19,83,716,18,15,2517,184,260,503,10,448.267,188.267,472.44699,-30.553,2416.54395,-100.456,380.689,120.689,488.22601,-14.774,2448.25903,-68.741,1117.93396,857.93402,339.526,-163.474,2084.05005,-432.95001,1360.88501,1100.88501,320.16599,-182.834,1928.60596,-588.39398,-0.09362,173680,-0.1524,282664,-0.05878,108984,-0.13603,252339,-0.04241,78659,-0.30766,570723,-0.21404,397043,-0.30291,561906,-0.20928,388226,-0.05795,107496,-0.09492,176013,-0.03697,68517,-0.08342,154746,-0.02548,47250,-0.19726,365900,-0.13931,258404,-0.19838,367975,-0.14043,260479,-45051,-72055,-27004,-66913,-21862,-146489,-101438,-214270,-169219,0.00945
"6604","E02005880","Mansfield 001",2405,2,14,209,8,36,1759,211,23,132,11,77.563,54.563,126.069,-5.931,1722.28198,-36.718,38.614,15.614,130.52699,-1.473,1748.39905,-10.601,309.172,286.172,93.661,-38.339,1573.05103,-185.95,491.80701,468.80701,84.8,-47.2,1439.90906,-319.091,-0.01939,35960,-0.06692,124098,-0.04754,88138,-0.02736,50748,-0.00797,14788,-0.20303,376644,-0.18365,340684,-0.25846,479471,-0.23907,443511,-0.01207,22388,-0.04154,77013,-0.02947,54625,-0.01718,31869,-0.00511,9481,-0.13048,242028,-0.11841,219640,-0.17013,315593,-0.15806,293205,-6639,-22430,-15791,-10653,-4014,-74845,-68206,-149595,-142956,0.01539
"6679","E02002878","Nottingham 011",2606,61,24,693,20,33,1203,184,84,281,23,172.547,88.547,268.39401,-12.606,1164.43994,-38.56,160.45399,76.453,271.02301,-9.977,1167.88501,-35.115,555.87701,471.87701,204.978,-76.022,1003.51202,-199.48801,795.39099,711.39099,181.575,-99.425,891.48199,-311.51801,-0.04699,87163,-0.09288,172242,-0.04589,85079,-0.07353,136390,-0.02654,49227,-0.30355,563101,-0.25656,475938,-0.30673,569012,-0.25974,481849,-0.03037,56320,-0.06028,111765,-0.02992,55445,-0.0476,88286,-0.01724,31966,-0.20006,371086,-0.16969,314766,-0.20766,385203,-0.1773,328883,-13230,-24724,-11494,-23718,-10488,-67960,-54730,-108355,-95125,0.01691
"6692","E02005863","Broxtowe 014",3116,7,93,336,8,20,1997,144,242,253,16,365.88501,123.885,238.05901,-14.941,1919.427,-77.573,414.336,172.336,227.605,-25.395,1888.73901,-108.261,725.54401,483.54401,185.007,-67.993,1697.19702,-299.80301,938.69202,696.69202,170.224,-82.776,1549.69604,-447.30399,-0.10774,199865,-0.16128,299136,-0.05355,99271,-0.15517,287845,-0.04743,87980,-0.29596,549001,-0.18822,349136,-0.31277,580189,-0.20503,380324,-0.06696,124204,-0.10114,187552,-0.03418,63348,-0.09769,181202,-0.03073,56998,-0.18963,351716,-0.12267,227512,-0.20375,377917,-0.13679,253713,-46583,-69790,-23207,-75983,-29400,-125643,-79060,-188403,-141820,0.00804
